ripeness_index,sugar_content_brix,firmness_kgf,length_cm,weight_g
2.274009622700024,19.674309461727447,3.173505000980412,18.59979952892056,162.3209058964506
2.152028890806538,19.10778502223739,1.3963881992637408,14.405720413919248,171.90312720903893
2.8956411007790583,14.928948540446434,2.8353496454557443,22.497903492984605,173.13407040381136
5.867231486189711,17.806086001758494,0.9531892016535369,19.99152472657005,153.773908755053
3.7360184255573508,17.498127358082822,2.597383533918772,15.689964183544555,177.72336940772854
5.923422742849459,13.608872005743327,3.1661454613196875,12.767870171493568,160.0340860594993
0.3836655120396169,20.340919965316886,4.787795835993449,23.5011977752729,256.72315264461787
5.23615849344494,17.532096068906906,3.553576432454176,19.687376117938356,302.9743101287387
6.939050780318975,21.574180746397694,1.9062545936201984,14.03229189446888,225.79574117384385
3.316539453973955,19.315850779492735,4.9072347960193445,21.334825786727997,160.12259772698414
8.073999757221484,19.424347008558843,2.329700048390889,12.435479324393587,194.17104862754803
2.2633984097382625,21.998886718758182,1.1361466178428345,27.883515188117208,100.88060098432157
3.033636039333488,17.479944024552015,3.8473810032349554,17.048263956649173,157.23450661938065
0.5085294500535419,17.94947064905283,2.3012039082282323,23.581793980073023,133.68270039864
3.371218753709248,15.787812091359754,2.3283693485670307,12.70037011188286,137.77859784079496
1.8147869734374091,19.338382265617078,2.9560385079449985,17.461414847548323,161.23965328482979
7.579433925614371,14.868789202652774,0.8724405532978783,14.600180221677856,191.27653232217008
5.051981343028907,17.977573690809635,4.781471871128188,17.770251045005683,103.8506957826959
6.736513177952085,17.867211076235797,3.516066616595593,6.249492647287067,103.89986073470337
7.238235261912633,17.334330453565357,1.502875225345957,25.590957956470625,212.232527482403
2.072122293820003,19.879807392952863,2.31427923012181,18.46693572930603,181.44885710521737
1.3270735972448549,17.607753863181607,2.90148077416474,17.87782496913679,94.97187471573282
6.909803207948741,22.37318115117367,2.255734875627449,29.16285795156286,281.67249011120265
2.4213441189463163,21.91335202864688,0.9590486798305932,31.17102139032461,49.04180559698962
4.67653700003124,23.03977126218303,3.217643858146784,15.831343058052296,65.54985052751695
3.1960490192949824,17.076992063491335,3.5235973131872056,14.776502664544353,154.57750644299497
4.194932081600588,20.508215708027716,2.046120500949403,6.909790532074948,164.7201226981381
3.263325594518091,21.68604602691286,2.3781370210312796,10.169574091983991,189.0136001773238
4.7702657883904624,18.978645617523473,4.402729127990256,19.342459949940395,47.00444037958042
3.039825050085091,15.729980065834189,-0.02026717912024332,22.037180359847174,155.62286197594622
5.518223554827094,18.092214208349787,0.23682502405565026,16.892888778784258,126.57511912644512
2.698632701477869,19.090394985386933,3.559349488589155,28.289398637804535,178.64875616325517
5.648322527018608,20.848268044176592,2.24060100276671,17.22597207901795,159.9256593307264
1.7171415791469045,11.349311458450696,4.640875991470539,11.566201817114088,211.0668935981707
3.1844871434916637,15.380427304713816,2.058387612181193,25.013410304135245,154.91989336230458
2.3026943570393152,18.36998860841602,2.11684084921724,18.821305428270545,59.66054870822454
4.478732766092327,18.645437689330862,3.27997213172039,22.273790750036593,103.52535635365788
3.017370027374065,20.86316149719683,1.3411202421505757,18.627748685429058,130.73797704159676
5.08295516706386,20.298083745155886,5.10243905505923,25.208323590113732,188.88424848792758
4.482470661207868,18.72502591110856,1.8348035546120214,18.372220426513447,147.46418983375506
2.3906936426120096,20.215641874612693,3.0816588025758325,28.409734078558348,213.05500791918016
3.0226476947602237,16.941894202288847,2.1825524875922673,8.651783672307106,187.02022456988092
3.836390459926592,19.038149343841038,2.8711526296609904,10.139654484153699,64.42218123029252
3.3846246987797537,22.186324200955752,0.779612131778687,20.36242283290894,155.13796049490716
4.159048504645969,17.96722092891064,4.657392167969353,19.874834275001,199.47084032018668
4.874667970668135,22.0697141067187,2.6687143487720664,19.785041092259874,192.46730163846647
4.090339743630807,18.523827957158062,3.025928168407591,23.81486422222932,195.86774322250653
5.752708070703636,19.96782720442514,3.8309658943484073,24.10570704770686,251.2090809832983
2.705363959985897,21.335596104850083,2.5356440333948296,24.151966790187036,208.23277199943308
6.552488635228148,18.102912389274266,3.1157345168131108,19.079195001562436,170.90087981944046
2.3411049167994262,18.358149551518213,1.479209816836283,23.168507594907613,185.40651951869657
6.664249532780527,16.14087605078169,2.4756280239687407,9.676983383952189,150.73286311356162
5.364148910718519,20.925590070134717,3.8813188467927624,29.711578598073476,145.51771618819396
6.70454163329962,17.227543177918037,0.221683622873172,25.01191460916623,174.78603085945727
6.479500359742751,13.571689124757313,0.7875614432572778,19.815888419965088,99.06455927346713
6.905426773651824,14.98840512352307,2.731856344584566,7.416265813383985,222.76154706399964
1.657000126670297,19.656866108392688,1.146441435625665,18.55765483225843,186.7367924760048
1.878035396337757,13.690346094577462,3.695674719969643,22.417448677106428,106.2344877244945
2.647909224560252,18.53013962684799,0.4315202111592564,23.293650361481784,177.2557039644366
6.234724337684457,14.050338945387884,1.9173539038269496,15.615007102550102,144.95191457267921
8.718902729544487,19.57935649565141,5.626851332176506,18.22492504440959,134.17233714616685
3.0357005912035873,18.520354130258916,3.9964583871994024,19.748952939468815,134.7438967341128
2.3212198251398233,18.040773865401075,2.756750459206695,32.34068847481323,134.44312009048372
2.3103018854476454,15.03675977966349,3.0010081158990154,18.81372285546364,213.20559154754463
3.9493030922450743,20.816621593154252,1.5632411670696842,10.339354787183703,102.3465207326225
4.573370938897061,20.68439908890562,2.963089049223649,18.64715956060913,183.16592136435264
3.683625239245638,21.694094936620736,1.7828951665924315,16.265065353657487,234.4288712538898
2.9892529109190935,18.683818240370414,2.451441629732099,24.88980629672591,245.73399667296314
4.996149674761223,16.482684347649776,1.9104041543881212,23.372550693177864,151.3961998474096
4.972351191192233,21.12921510032459,1.8333454161360538,13.980579568734024,179.9450109268437
2.4351492947923945,15.3365359728435,2.220801695112533,18.971584519899032,139.678079370471
2.6011126294774956,18.483983668653682,3.881876066503139,28.774847637184138,228.32168750225924
5.351239546965519,19.371968984513547,5.412985934058571,13.967597945031661,162.48830014311616
6.690940087137927,19.247535020273904,4.161486136160773,19.796462079872573,113.31538577141376
3.718589204819092,20.465768405175062,3.414286754620598,21.52780265931,192.0994159557608
5.191397811429906,21.15170166706805,1.2201915869476685,14.505115951357004,216.55095838749733
5.090569297270835,21.220874288700596,0.7112296673106755,28.34270023161539,195.28563939655484
2.6882716229836072,19.941902569811838,0.5745479746941746,14.263318615708453,236.54911020174234
2.266588242124218,19.81488581289243,2.146347526422531,16.388772045279147,134.51322815841235
3.7907602585166016,18.88948904697583,2.9865512399153227,20.470738207817636,203.93916473793664
3.051206802096549,19.14020196126364,2.875314294446881,21.16944132382572,154.29455912646702
5.280280561262991,20.344660107443197,2.6891299843641616,23.593831187594983,94.53914849281428
1.3208801858995314,17.35662496689992,5.744994341981661,14.085327693432129,247.76635516900254
3.359455961951676,14.839819732962027,4.7187323163394765,30.596942213589493,194.8594522240856
5.386174319315374,20.179383878322664,1.2212812651944327,22.277141072492082,223.52554272492955
3.7289434830907093,21.433145465736924,3.091672885935508,17.997230902410095,155.42793566112724
3.740386767025606,21.708596101997593,2.240076890603837,18.514985093059888,147.39987325876163
3.8767563208351294,14.117380975512596,2.431415708061193,5.142381699588202,142.6884460464221
3.60227122232496,20.418798793012936,4.594218708861612,18.69062975944215,181.1171727681042
3.6667730822220292,19.012816660579045,3.320509673268538,15.762558780691306,156.91073872165256
4.227642516206635,16.353542825329946,2.019978096864154,17.71519903148538,142.49438914387255
4.037295977922616,23.277860351101392,2.6717429449428516,16.70671502420581,184.1461929319548
2.444499448384118,19.860867840359507,1.6015178465739477,30.379613385677565,194.65564393567453
6.214864920039774,21.871200892698155,1.211584138629019,16.240691148013426,149.7332880439719
4.112547658713872,17.680351201160516,2.7438500283914316,28.928412185561022,169.99446760264235
4.813359744504929,20.45493121223176,1.9665512274073929,7.2044285751532415,194.3442150322775
2.2058572131790877,21.77061442712501,1.3681352460608827,25.017693967110148,100.86695074466226
0.7514663571124718,16.330769547102694,4.587473175285452,26.15817484837417,191.80051987748053
3.561363372525652,16.79875587943305,-0.5142222646240507,13.7950958881501,152.85044347473675
5.047264376301158,12.823834303765977,3.851651852682356,11.248904316467076,178.8016075383909
1.018480039456161,16.490369358712474,0.500163863234464,30.37866607601446,206.6738707595903
2.403933151733394,21.921672431710828,1.757226755853109,7.6711527239803665,159.65900097196297
3.0589503465685257,19.87628050718306,3.698257396980713,16.535870653659597,231.24768705288386
5.949801789524792,18.128975362380732,1.089335904475246,28.891448597536197,239.63250239762883
7.77665204164221,16.61354041438943,0.869419476087799,30.542371615237833,184.79126027838976
3.1725190313817975,16.78625331990957,3.8088136951358385,22.957112449301153,148.08057354101555
5.676094095723602,22.657838071207223,1.0442317987049432,12.917262432521206,121.77311025769839
4.693253266154666,16.387950765256285,3.284916770217415,13.096129759897519,177.6058472555607
2.387304663051079,17.929164347741327,2.1771291136940416,26.47239952268449,159.28569230296785
5.741177997697725,18.56264398349061,3.5010852535556536,25.16137561976842,119.01223422354312
5.133013584814347,17.042534486869656,2.065624366829951,13.278181062918483,217.74058473899888
4.319304549629931,17.55115215646152,0.7533995322418483,23.60858997451831,137.4624166723059
3.5760966959767946,19.61598804861942,3.2165548288077543,12.219924230424112,167.67883693192897
3.857436555069487,18.24955534922065,-0.2882542796499601,22.0053470344082,127.7563915203331
6.445982051733758,18.16215619474463,1.767575250217253,18.676112871069655,78.10885645009405
5.885712198619585,19.709537966783746,1.9804786443385074,17.243841887156268,187.06518006347176
7.208568039815829,19.695765922669157,1.9958706300477809,16.6145860776746,165.8906047081517
4.620572464778679,17.639037359996166,3.171452854485681,27.474554559218326,236.98002705449193
6.703852959392831,19.95314392949618,1.1449955510907246,22.34644915439725,189.41353019710098
2.3419384411529203,19.75186100748717,3.6140883736293636,20.592692016281063,127.48123440516872
5.807905248301024,16.255878921602328,4.938687363928401,19.40545778776197,156.91378773692503
7.804154975938302,19.526255170586207,2.524280128823717,19.765214836881913,126.09793849966746
4.682387190284922,16.850479477832717,2.2651277906151353,7.827402779270241,138.67207567057065
3.8265147791614473,23.38489055041305,3.277854980351824,20.34093319955713,119.13929628417543
5.255790541324055,16.672851046893,3.3512837753519604,19.328016742118386,186.57573816996552
4.455841495956302,14.034395173710509,2.534647875875285,16.881146804015465,205.85383765385376
2.9076204840142474,16.9625617585446,1.42111167466664,20.40909622415563,193.01142503697434
1.814873068342314,17.460003983968647,2.694503576350339,28.35677149524171,213.66996812425504
6.684243514490356,18.375299591337807,1.19253313528217,24.867707170447822,137.60681205319713
1.6574283671067642,14.125297459976839,1.6689484439766662,22.751990829076192,186.21385821908808
3.963794532152328,19.72830400672636,3.9252440202540133,24.061746825051323,179.32488650544167
4.815295065800967,20.556012415154253,3.352844277028085,29.887163885051766,127.37384070446025
3.014291581685312,19.386504574692587,1.9458471260482397,11.054139486593868,139.03360884795626
3.8222731660820823,17.325708344475434,3.723029175683399,16.321547081369314,269.95425668638575
2.3922747494112286,17.20956470876494,2.723985517477721,18.13319302387936,110.83495230343557
4.717355584561023,17.361795332648253,3.3208292481168935,14.506729991207573,174.28974265762318
3.9661970664347557,17.026343798616775,3.9142592315369242,20.022477223073615,80.67542643446002
5.7036167106935345,19.554835873810497,2.6488285083730823,13.385781708492045,137.9857421796896
2.577786343217818,19.278631810355094,0.8407671818145901,28.878413581629747,207.5474258725669
4.448655658843203,18.997887720081557,0.38126262443242304,16.573392057051993,190.16403845944606
2.930136580191004,19.97829886833808,2.0358384019988542,18.633357010208655,243.5716237725949
4.670088578616431,16.118603104254152,2.4694966569565406,28.71490283827432,31.40423630331814
7.001277298855462,16.29709985091827,1.0037512554426156,12.515566059809547,134.0064035634671
2.6527089830774426,20.093444184340335,3.007465973326926,16.36003622217044,173.08820195049896
3.040886338945475,16.630749508605184,1.8743948075549606,29.62106045794043,194.8144840562735
5.161726525441939,15.963664909871452,1.9492138485176793,24.64227627613525,128.86152954497445
2.0945823523939326,20.353329552298124,3.5515386257259753,19.18998146124192,254.45985783027416
1.260223708079633,18.754612369753495,3.6211637931102754,20.23050148529973,140.19703761454807
4.74455747971849,18.51525786539016,4.45772873540848,11.162775791622888,108.91515090661
4.006580330960467,17.751119826482867,2.5643122125994897,26.555064871888497,115.40923177207264
5.848216020043381,24.35384909448293,4.365398767281088,19.331739317894392,250.914406951477
3.7373676578489072,19.217711799161307,0.7417690292439909,20.958728137750683,115.4865197862465
4.108238675206592,20.011703009126773,2.1396891597764682,12.913221860610696,209.11982677300927
2.4854157357642612,19.65412608515503,1.8562601529558658,27.923358166695643,148.88229878620658
4.00960844798793,17.25712029256376,4.59238380455635,11.847832029350812,118.98726267430008
3.77520847197567,19.125751876162237,0.75640671225157,20.12415213184338,179.51079369203782
4.349413884711034,18.21542590646143,3.7519370889870522,14.644103246063843,150.41640783594337
4.980647407050778,16.609626395490974,3.4574241284728577,20.0397386167554,62.64824924907786
4.172958041794728,18.85424479285815,2.81999115980518,11.721119111976979,224.84620576033936
2.2754741136157763,21.95395346622511,1.2249288713161612,24.833081079900808,168.47000337316246
3.973874183447859,17.22180079851821,5.038651440951035,16.782906009559767,125.35666035565043
0.7208366938093943,23.1628662477489,0.9615908210355026,14.075193270122833,160.39525355895555
4.636213381520165,16.66525854520461,3.8601902025104184,19.758970026105594,126.37911361216096
4.1945746204393,14.178027336200788,4.588953257886265,22.01867007632925,121.81482062613274
2.782744866381337,18.62437173942207,4.098933102445106,22.03304857834763,132.9335886831131
6.4509754020159,16.003889659384726,4.198235166040386,24.03350227421677,133.48858206114963
2.958668046380144,17.89794050021873,2.9588148265429797,22.466194499767607,217.0387926104475
5.943175461105167,16.89060693068135,2.0978324048667005,12.5262606820836,189.90418342345595
1.9869116576727572,16.820366542951586,3.5015936563055536,16.128009658734467,69.61197586025963
6.094595305508397,18.05427416026524,4.052211798800301,25.27998518852449,194.61648086754533
1.6526814440085067,18.60544789694617,3.8426505199574827,16.6860570307722,159.89097266803765
-4.128372587809658,20.01781726933233,4.601569149068188,14.085935331606386,206.82821815585436
0.45581010027410324,15.58453179399483,3.9425256925915573,25.204074409380844,189.0818101162159
2.528369150869769,18.91122839735652,1.2274236175891875,23.007185469171294,198.4507881773451
3.469188843006254,17.380773673665868,5.126583291867905,18.114030708764872,225.9466955324545
2.776448043274088,18.890736580231216,2.6065319848714337,24.87935102448676,252.00063642095418
4.054384586795541,21.981258453998713,4.88047715215725,21.084822752108106,132.40877507525917
5.402791066366378,18.168245845346814,1.6490166811175702,11.651338056825246,78.63636750307535
3.8745140119367334,20.822825143216104,3.573606639044509,24.18961239213188,213.2088901480922
6.960748076612434,18.41554437261694,1.9167513651849195,16.817058609913627,118.52351914566616
3.5981134243721704,16.308660269958935,3.3982934553707316,14.46465672249492,211.8120825840994
5.439614409745349,22.95693493947835,2.823573631741557,14.386500467803405,145.33328594223528
3.173649685224337,18.625712519110976,2.3904406557239026,21.15539564015467,165.32306946486787
3.8545695904404305,21.07662142537851,3.132288685554365,25.92092727024189,255.37227760564923
3.35595912048137,17.770734662463614,1.6947292244152907,20.563078675202945,119.93443980661827
5.821903242149865,18.897353750019132,1.3481555327938521,21.35355822422308,85.87157904450055
3.2422991259563965,18.469181385874,-0.3188053100160465,18.568352757016427,95.26891491186589
2.2923534372264,23.095667430514315,2.773223292093006,21.68002656522507,149.82144404152763
0.3910456200436627,16.869061221505753,1.4889523886464107,21.36815433562543,230.500519642764
3.0117267470754476,17.774810888894326,2.8806353311364603,17.720803541323903,164.26654787385303
4.52661293197732,20.860765097745304,3.5421597084362393,15.924841198586968,157.97931568002215
3.595436358219792,19.683710172850255,1.3115901815763573,24.56138531589815,130.25826747157595
3.700234750819605,19.791381251240512,1.389237499767981,22.241977907902168,176.99603940323453
-0.581972536918649,19.04886074710695,1.2061569789432094,25.769963002049895,182.92823960109112
2.9687617958430144,19.690394087045505,2.8633237236414963,19.794964645436828,210.93284157050397
6.094382916895896,17.520470049638796,3.788676248501109,30.824614379496754,115.7120150759719
3.5745272287743632,17.40469674873436,2.8607659225433157,24.502571883844197,178.68881556516666
4.7152404312804865,18.610813230744082,3.463747002355349,28.80189030911086,178.6361788711113
4.5172102279090085,19.891838589090128,1.5722029668560187,26.175725044625562,165.17547376825945
5.878975164139467,20.072357096411896,1.9017964468156079,12.99449524889254,142.48083710269805
6.930953639992449,20.817411869279805,1.8408343641992613,17.061838253774695,135.5795507479761
4.302609599692141,19.759020518714316,4.3741404226472325,23.534668856222666,183.36529286162266
5.001981075340079,17.753364957362052,2.753736120686256,31.12492333230287,273.99751615402437
2.19779087485747,19.185558613565416,4.250720304750985,15.852730766312522,212.30887734562697
5.43362668932819,18.455749796591636,1.8092430846538095,17.665816804864615,103.83033792863094
4.456185633607971,22.17258939855011,2.9578928579701174,14.607663526463133,97.06642810685193
4.004048180975427,18.90454219903506,2.8089873100446594,18.55801604358899,273.5669809974886
0.7822506752134385,17.18837739628895,2.4358633144759665,21.689020600916624,259.39033072887224
3.2758233791783264,19.498084953783913,0.11211144721394212,15.28545710887196,206.8782998378442
3.7077878527861134,18.411744590312413,0.5090105046370973,24.737546788960856,230.99319364177148
7.867139078976041,18.296488704485483,1.4773951020929417,25.545266230514727,190.75117801835816
10.073070724319274,21.49475426772812,1.991640471459084,30.614228346587964,137.70520397832635
3.806629332105917,16.078504936310935,4.132732671186057,15.131314088251537,110.3685033016629
3.237949103571803,18.368032937242162,1.8997433332021558,29.57936839662305,183.87481136852958
3.099726326792627,16.0936323336696,1.716964403317159,20.917151130150142,251.3085154885214
4.020336072783548,24.03438807067254,4.920274309804051,21.531977515466455,175.2769113263207
3.0282807864634367,20.076130180218414,4.09220694107889,18.772691624549882,71.50325311886178
7.979850337966236,18.80772195538374,1.9187336330344142,19.43260378156368,39.39173913450304
5.2880173554182806,15.274544055126688,3.4966105563525645,14.228433459749896,137.49441749020934
0.4034147892959211,18.033678214077188,2.0329947670353787,38.551624688102805,165.09660019212893
4.063851986188283,18.708963939177014,0.9645867084271936,17.11934497246583,221.82093818262314
6.760715271411805,20.234664039084265,0.8521444759815284,18.45661238597923,72.01571852513455
3.136755363192973,18.096876526013087,2.035085225684993,28.52996939629378,172.2300993660257
1.7950688654203446,16.40584539783114,3.356692019680529,14.135458016219687,110.88906221949426
3.1772930678873297,16.66676862807416,1.6936370460981485,18.44062360990239,107.1896631606428
4.167839632157571,20.208058873596627,0.0963698683667132,29.405615484308317,180.58934650647836
4.6826449919983375,21.031212942190848,3.7946290883261886,16.29770752746948,169.66858636892016
4.326428824694144,16.815184095321673,3.201010710512418,22.67193694850806,217.72962261836648
3.1351916168744194,19.94493914575137,1.7459989136166205,14.00493644680066,43.064182683601345
3.909289383335786,17.899140455421758,1.6002232334396316,18.138232718957934,142.24830178307178
3.1962847220560118,20.005891761046996,3.712409447446119,22.75146263705667,80.76344073219047
0.9993421286141707,20.988170181039948,1.236342348137478,20.181624663098543,134.3151193315174
4.925820820903608,15.397887595860482,1.3057487386836788,20.187719810253515,156.73232791774245
0.6127107565281951,19.638344140270522,5.571734477595576,27.188254353497733,79.08542225175867
4.522098859364459,21.199154833977037,4.453552954667447,19.966965952767644,224.00108850089
7.814554831721191,17.104821599291387,1.8445038858747775,26.221506283059387,219.51145249683478
1.3430706888269368,18.149681503943206,1.5066717364872253,18.5144742343464,151.86603290811044
3.3960055482848976,15.29076625170997,1.8132890453916528,21.922082683662723,107.19174594392547
4.407028367664672,17.397968251734877,3.6896894767998,31.664353033613416,202.4677875512579
3.4183072353521045,20.822311747140205,3.179160116750304,26.112187317901448,105.59941964441418
3.809025146897028,17.209521574231314,3.3997272103582445,15.899991839548651,222.87366141917244
4.664999913660099,18.249208885225627,-1.5259701826705232,14.599628209962095,117.4886919082669
1.699958207382466,20.165829469414856,4.695982976775957,21.150912794161716,149.62756142479688
4.008502193194365,18.620712392643934,1.1677187465811016,16.177497171029664,160.13697920172487
2.9587878657419244,16.75133557215013,-0.37067837820773686,18.14359413545624,132.46011542936458
4.43219501223801,17.45707199371304,1.7410620536603258,20.404488166686612,203.8010798346393
3.0851183033706584,19.799978034877267,1.266361658385656,22.782403764699026,110.54551090370502
1.6991633941385031,20.74322006229869,2.1595746097497046,22.517768535857527,56.37304389135051
4.583379209880938,23.280096052296035,1.9261265794663673,27.633929201450712,185.86210254785505
4.751571361061536,20.020148192542344,3.2915076836553636,22.880901718008026,182.1767819771779
0.6308579171550479,20.084515867071215,5.249280144596929,16.969614555385554,163.62324823510724
6.701183841292809,18.33199555329644,3.062504272521733,17.466786927850443,253.77791990331733
4.747123086855837,18.06435319239985,1.7910673278228941,24.065920900786477,116.7454120042505
6.179759943474697,17.423521619044102,0.41185361271429727,18.505603013254643,247.3538149670448
4.102028248519088,20.587002198531767,2.913418568301288,20.873074126121512,132.44107698451828
11.016131948030452,19.30780105717127,3.7837282657386244,18.81544717823093,209.18954744839098
0.6008837379455196,19.848887032145733,2.332456965020774,18.446347122990158,203.01535213626775
3.9888076063600524,19.2546878005137,2.78918895464666,25.239370631797,137.14209099078872
5.101650447885136,17.62040780114719,1.0087152414527953,15.256148103091784,113.97430959194301
6.037619357102467,13.914870579907298,2.0550868091492847,22.191952167991158,180.6595199001889
3.8955244660024406,20.70016088629129,1.9267420784611418,11.832276277977963,212.07217664734944
4.036442511617448,19.77155744035924,3.1704696823163885,22.434247447876025,208.23182389434916
4.917993892922055,21.33580124193674,4.402473061331375,15.470772141453564,139.12718822870085
6.9859412814760224,16.97245806601821,3.9026095322487078,16.547788349234285,173.88238699673747
3.1044519183741848,20.10270640387845,3.936459216551228,17.176834480291948,134.0579721528151
0.019294795570278547,20.725414014540142,2.4826572933028945,31.44260302492273,157.55378550263933
5.922993498315476,18.00383804710645,3.5922239171039485,20.15468967971405,171.86835461490716
9.185329017231371,18.77656219329367,2.0792504398795644,26.729225719488213,182.63276051437143
0.9803116567424879,19.61457764450099,1.4922759557134881,22.048977534459336,190.62025351852938
4.771549004078432,19.109983376574576,2.6170124562049977,23.126533859041903,108.93206926850927
5.730348449288658,19.815685669107364,1.014119402701169,16.451526082519834,102.96925401622862
5.245043722569912,18.1687528395051,1.545296646769598,18.523259478320668,204.0321812091493
5.1985184116457,19.65809110084088,1.2518006008404494,20.685019545307743,148.23657067723352
1.852653489315428,18.579576386340115,0.0576737233823272,25.320306863297127,156.7527302925884
4.799556594347691,17.062144340086242,3.196784973636744,11.861302184496283,192.40223659816075
6.028444566140152,14.277956801079029,3.874148986448934,21.911997276315606,250.79246449895638
4.356008264800069,17.674578634735262,3.284491375714023,17.40562333918218,223.1546532609148
4.670460686859728,18.915862805592877,1.0071543790578945,14.474765332168518,81.89544503037312
4.640664031290323,16.403748843215418,2.8274025786421073,16.441169947807985,137.3099963515596
3.410852256091789,19.21304381113666,4.060790357630172,20.8067661707823,279.940965695437
2.0761620540236927,16.673427681070105,2.8049524034833615,20.023013195591627,167.98428112570062
3.4846432978971458,21.322416646158693,4.36835861336908,18.910054585928496,226.0092176561705
2.2923011204145314,19.30360339315733,0.8042815705704661,16.975080873816072,162.59106039787795
4.980178927660082,19.775519683075824,-0.9674085391211308,31.37595359021451,176.650043380668
3.2053722014631747,20.48828459802329,3.8585962859984866,12.61996724845954,137.71895015355403
5.271726803915683,19.12035039908726,1.978164891003204,32.46851509530594,180.5055110464842
3.4999081092668654,17.976285835555863,3.99676086427699,25.03266045299044,194.71320169826322
3.770743541488192,18.415386144575216,0.008419996785552775,11.452926912510428,212.9335675911035
2.2847766646853116,16.32720499824221,2.8087319496846384,23.294372436998227,168.45993061612873
2.3103870699437192,19.0825019695025,4.965327050771779,25.3812276742292,110.64392822617273
5.553353276057963,17.100186563391823,4.5314724555964645,22.66326171152351,207.02652325548567
5.455727593981813,21.56368800341049,3.185539053092193,21.102741776862253,219.86184843465062
4.328324613386,17.542673695537683,2.2492857274829885,15.197855086728698,156.50033785610572
4.0673976164803,14.764141310073464,5.187547424470938,29.81985476090859,191.55138468137656
4.24925012292462,19.075433114334444,3.756498163531109,17.900354080256694,148.9196156312684
7.692736211900127,16.55121902158438,3.7978929181733685,21.038215742267308,175.35589880278474
3.8823391851437967,18.132094746350855,1.747400457647831,18.350619146496424,321.8554168297859
4.470800268323473,19.31381698007357,5.865728726227264,24.767494672400275,187.81216687584777
5.551909986851963,20.276502992102344,1.5829006739271345,19.033966937891584,228.5034071903365
4.684552938525774,15.50926825242149,0.5949693683051606,13.425786520262426,269.9286099010156
6.356816643717774,19.058589269561427,2.537098852913083,21.843075682094575,148.9752590559612
1.6136027878707364,19.196185178277137,2.345966302149524,29.77155693383699,114.85401180564983
4.347504888706345,18.400725394187806,2.7929191232882142,18.046059501060977,232.45624840102096
4.2580276471140595,17.643735998582024,2.4460997642072533,25.908640075219513,187.1489747188777
6.081211739304041,17.627335900264928,2.287263962402374,28.293904425391148,174.18454534645537
4.844569577634713,18.48858420816039,1.788404818879957,13.0414780294666,168.24249776124284
4.796893258546822,16.271067763718808,3.8778642262825254,9.938960096267197,245.4603259861423
2.5537504102217556,20.51968331647596,2.149636030371933,17.686152358976972,209.1630272252057
3.922206661184532,15.266742649763335,2.363089097146296,22.371525950935876,185.73310886987608
2.261122163385437,21.52345308280288,3.914264663585911,18.07020486680509,119.9149862852671
2.6760609958617487,17.380909635828687,3.4123963811719733,16.920389920779012,202.86991316694315
3.6733581276883567,15.949153273849838,6.099182903540766,20.63739734240824,98.74740410067476
2.0207171372011494,19.775547482533792,3.25218329282294,21.270626231440477,96.56525986442239
4.504203787465559,15.584208915119609,0.5579028598387563,19.39219587880431,238.90059085009221
2.68655230897711,18.357909986588837,0.5568338346865869,23.992044783888097,108.2418462382943
5.832585079102857,19.317901377817442,1.4723534351932828,7.027118305317314,94.51644341343146
2.210348337340934,17.33562410935549,3.0840723237353074,17.65170545793757,94.62303382206923
3.3481085481863264,16.82745192539047,1.8744672600105965,26.51123399387287,90.81630263569221
3.7941347767751172,15.084143455828055,4.05963558950095,25.646433905536867,188.97994769993463
4.336204680477505,20.354262523498665,2.701850343727574,17.13893982792833,218.59165011040335
3.2817034380015384,19.735641188387515,2.0363428931030905,16.899202249549422,187.77407854782285
1.8044763106071298,21.512659093779693,5.203328713758179,14.369219168050137,130.04182163350472
3.959683582978012,18.39646314765635,1.677195894112026,22.304888621949896,155.2573627077092
3.7981952903595713,20.485857389272113,1.4465043120260308,9.269308231984391,163.60374172856342
3.964509251900276,19.535616401805676,2.4010561036603137,17.159757029626917,192.39138960302984
4.343004429247577,21.435349983238233,2.3068400591719187,17.87978286242881,170.85999277572668
6.4409930519117395,17.614956395907516,3.5284204245582655,13.769300826263022,198.3854352021245
3.077491891795573,20.059308468782216,3.3979071454053242,13.540183236244165,153.08119753774346
1.9356045014291772,17.47966274203724,1.6703435316994428,13.14503834918721,217.8262252923622
4.9521625582228195,15.487401564498567,2.752531906542993,24.243699870060894,147.77528956597865
5.4409435693271995,15.205917230077704,3.2280787268024436,19.229360251950013,195.88546181212683
4.550641905229884,19.14540908861104,2.958427837657388,17.58424617717584,200.3650379203247
9.39621127341059,18.398004795836915,1.8195006605450688,17.600872708502163,181.57332508649742
3.1410487628043384,19.38384132638289,5.722663603268909,17.43077694049246,112.16715489751921
3.5018823622957047,20.01841069118082,2.3332063822865394,27.527985562218728,190.20142061439446
3.1327707992678815,14.73855381613384,1.8426610340140404,37.75502405448229,231.0732734793604
5.599999348039915,21.58977774954292,2.2358908697448414,19.669182909816353,137.33839263389663
2.6355134199854113,18.54006976767926,2.008854100237413,17.126648099482125,234.04016542161622
6.186319516143268,17.800662287909425,3.1080546364952784,18.737176282361506,188.67378066500135
4.658070774544453,17.94643484091644,2.2831253943762335,18.172327630077227,177.55761807763403
2.932968271233697,18.61660567520948,1.7539730448834179,22.19784045400704,177.45169974298082
5.422911946540933,18.569741540482138,4.135316766020922,14.154682729599157,172.7179865163094
4.162692727335015,16.02128441661833,3.129038753677663,26.89670803460475,174.39905036100072
3.404612432178485,17.77137061133918,3.1291021292218324,22.347682261995242,100.37205367805468
2.9027790882570925,18.831080846209463,2.3256097970839336,18.10518319865086,236.16436069343644
5.5526532846244345,25.434260940976415,1.061700627741421,24.34519749905399,94.37945066922218
5.850313153321168,21.778181705558406,0.3086069890150876,23.883733633039967,130.31224543359386
3.6937185156822885,19.593710957862687,3.97452873391536,15.79750233075269,106.60897923767544
2.3516273855668857,14.941143309710622,1.1885543109721648,28.68297922634447,145.3558506355125
1.7075286310207445,17.01583984876646,2.9832107421320715,19.05296194296893,108.6875292171502
1.2657322644322022,21.127114468879682,1.2944510006166137,23.72260440128679,210.46334589118968
6.2121463820759635,19.481443184407933,3.028514482375477,23.347967514539516,165.5869746487685
4.258850733523597,16.423489236287697,2.658026883766283,18.46652231622259,231.6840141076804
1.8819778760812729,20.96879178880107,2.6713148614356554,18.720261648295768,207.09733978888312
5.327523394054628,18.787156749614397,3.149288340868393,23.166511643917236,138.16188377095557
4.410970527273906,15.93080561528276,3.2290167021358633,19.14153296613569,163.6343440912814
1.5192532200210043,19.20170736102467,0.7129776756402864,18.390227426315246,211.82916514798438
3.140382247919522,16.749918170006225,3.1109074927509868,14.892772388231435,111.40122401421047
6.2162730574504526,15.900436316802919,2.162819886445166,27.234741208953654,171.17592926453833
6.242328085726353,19.233502670706102,2.4031289501826554,26.46003888573981,130.00264283891389
0.9181567545871493,17.996497687934127,2.84356492046647,25.7843761647695,204.16111317070073
6.194062237170974,20.174396287458606,3.185007057863685,16.435444923108424,163.28792616398155
5.181245634965068,19.649099645072216,2.601381908589826,20.40856491802555,94.73289822135636
4.675829122421797,20.015057349552755,1.3769846044111325,21.14824396110828,208.5068650583636
7.222862061586527,16.936741595985197,2.048956620223576,21.085957358275277,122.43652499488746
6.465206574464587,18.104965227072928,1.8186968671579535,23.892428072599355,115.90348197480228
4.35354129419358,18.508529602988876,3.8590535308702028,25.273278275984648,89.60726006171828
2.5989463960813906,17.91955145483207,1.9710461173889462,20.922126292972656,189.60824622477904
0.7901739805079262,17.959998384411893,2.4279654842510165,19.314603822484546,192.53376860408162
3.0963265197094962,19.78691946020014,2.8623117300984906,15.23620591795234,192.87958054435558
3.6069287799008682,23.02071404267322,0.4290163460827697,21.048199010111876,113.27154690219628
7.495122933091253,17.380341731043103,3.2477853483311616,23.793821860992537,83.86486148086063
1.2657418341743674,16.05652635073701,3.0361266512035914,22.40926971967135,103.26532471804107
1.658770967250705,19.480464814382504,3.3049092173066543,23.96764823047965,166.05233721185311
4.039463301127731,19.288647403175492,1.42892960015962,34.2333297124211,183.17226187182695
1.2298572619246835,17.469372319573043,0.0387657264712291,24.75279298617411,156.2890975750157
1.870765993864078,17.865771600519686,1.8650723400947722,21.68319212067471,145.84490131298483
3.602203333277443,21.25727456068616,3.169482214848122,23.82413786160439,193.18548246434543
2.611059790872961,16.295513070182842,2.3241366367263017,21.06416551156089,115.15849023978856
4.442095812145699,18.703653740508496,2.7894473787491396,11.513233116262386,204.97710130715788
3.4380099453508293,17.726690084273194,2.8831698611484606,13.632011427829989,190.1419006736094
0.768885587668474,17.700978735890025,1.7912638285344877,21.849239546979344,175.25258977503313
5.338848983161221,15.42443329783893,1.4153553114582311,17.326722504880408,207.67010984401261
5.906145649166171,18.795324899481443,1.7457208384071063,22.671973294528023,117.25330533388053
5.450256534043714,18.806118075620024,4.230534675111106,24.16455495127001,232.80572611771015
4.713423394724986,18.256671314091687,3.65348363740019,16.911718854397087,132.13652180280076
3.3656236047056276,16.137870227908795,1.5049108392180528,19.983180404388523,227.14217698687
5.588830491948369,19.62338585675519,1.3942925419120378,14.68999219812987,30.35892795647175
3.2315672202996217,15.915509593614997,2.2399118086034497,23.052056500616725,166.35365495683115
3.8865702756565166,20.279544148581124,3.0033252878475625,25.307152507488226,126.06967157176645
3.8885986310507534,15.822901454741505,2.294352023682565,21.123905323412004,117.28525462173168
0.46567935993883125,23.12311053454723,1.0277834406923991,18.286778535759037,227.72034253326734
2.5186171324986093,18.28803594198198,4.07624504545084,14.424441959379715,164.74212460044575
3.2712740745527142,21.23427583186596,1.5452681989602286,15.416850590785801,173.37126745417902
6.087487925657314,16.143043817439366,6.368914238735528,15.896443211666446,169.47452243732005
7.5907466433100135,16.470784315357783,-0.12159755938366719,19.701612715034226,168.8935603842182
4.495158902383769,18.201124718995246,1.363066462655896,24.878554674014378,171.26781509494876
3.1038764851319125,15.240401282133195,1.4358822396507236,26.012360205881993,121.42409933338374
3.096902953715711,18.57199571985164,2.1220693799186314,17.617413964207298,191.90818024785534
4.159285282906565,19.826878161129574,3.130617904763238,12.20749181910612,138.6907958863807
2.9557460015145356,19.107285523927565,4.09102735836941,17.621965841657772,278.87799023782026
4.630212397641728,17.97126168233949,2.701087181554886,20.7309450238247,121.00641043016213
5.058445444263139,17.20344419177297,4.368853336138535,13.811471421943233,224.3746151134923
3.6418603706188364,20.056460805702706,2.5070112875442585,20.842609722509803,262.3610932528576
2.8454056286186016,18.241066866169533,2.1558517145445384,19.566456996579603,94.64969733809129
4.751934197926173,20.886553018214716,3.291721799069922,26.715459007551974,152.1133688352722
2.273446221955753,19.276414566422737,3.3740060748772773,24.337798375563782,127.90111148414866
3.5208456383946793,17.557736399768604,1.7371996331579829,20.213643153813965,155.32810885377387
1.7801063776401365,13.482448008525527,2.5675183446247267,24.52748840882211,142.26090570342473
6.483721834797852,18.897338567079874,3.144763717416065,24.270446813557246,170.6360221777028
3.20782477776666,19.131194675445187,2.309991756518737,13.216640024232914,179.05859719670954
0.9993821376197173,15.607659282322372,1.6117652744515722,21.5473160232423,233.62010114259363
3.3029276352710846,17.75305598591806,5.156328411396768,14.463781175316452,193.02425075255698
5.5666400695721245,18.29241783526067,2.638590651823431,17.307575142689466,84.89617470250464
3.8665838525282177,18.523299628745377,1.8116645384590548,16.85265765433553,158.23146110260592
3.7546678202168535,22.62104605166416,4.384226208990422,16.346416997227504,178.1973757497758
-0.9758691952655957,16.528662301133902,1.9438753586986905,22.33388532544031,172.76725421787924
5.357717007252349,18.591745958891632,2.5069975018739186,19.83991031714968,221.762675144117
6.411794819581384,20.339609502675813,2.9166556930867213,18.655744728833785,108.46894631192735
2.6440790713251814,16.571795842338673,1.6172522830549347,35.32169634250007,128.62304916610444
2.4247690055783124,20.26105219382615,3.608848584578296,22.39391331138382,129.17234097205406
4.9737796608345795,17.51899113405283,2.0550435018194952,18.60930625547985,72.50299712779001
5.277845306752233,16.63354502050558,3.0123102192623676,17.218081889177135,161.66939904959457
5.167106961837258,17.787255398582634,4.732783033514949,27.64672439095611,222.77974889933068
4.564902692392454,20.705110968344812,4.317281514828388,9.71534927120665,210.3431698875201
4.261059833361041,20.111357643875664,4.4411741801632925,23.918635939694262,128.93051021407658
3.5501792779310724,19.06246078806147,1.305011662986181,12.646925472479287,300.240686917005
3.3680547168678654,19.148210001246404,2.328317810381433,17.981901465883077,192.1257411690237
3.7567308726029363,20.280343930942177,1.4340912222547137,25.096909653847792,213.8698320066557
2.2722466337381872,17.81166190657405,2.146779189824151,18.437907941801434,109.93124652862845
5.208885452617236,18.471040313613802,2.5519949514771123,16.011872579452586,199.5363532921101
0.6812151024254015,16.79241363427608,4.2647813374047185,29.635664474278315,217.87436636732718
3.526900161715733,20.255192131333697,3.551145306815517,17.87235482627014,149.12765080656465
5.862163247392869,16.877286429587805,2.5598863400894434,13.841867247983835,84.76785678466157
1.7678826964940302,22.281965906180165,1.3564038545627217,20.43634923666388,41.03952720582415
4.9613295974051335,17.880743163683942,3.1850326333979524,23.077587317140118,121.50093380143676
4.4767401184516205,17.85656034677634,3.800070870655067,20.820393312618695,165.58586229689502
3.0687163418641243,18.16104029790234,6.724620522785132,17.976210772652223,83.94564108438801
4.262216796297583,17.585128916514225,2.0411568528518385,20.55241305674184,140.34553522098858
5.36350858405918,15.196719209337747,2.1492050244701817,16.04798630197466,87.66980685905654
5.8120904797811175,16.27477629355129,2.2059215025127448,23.727043240494954,70.4541511807806
3.9033976058226654,17.879829136170134,3.3111048740466127,23.759104506438465,164.7851092387428
5.8671011757512925,17.340377633333762,1.7411364301783006,14.045291463622148,221.09096300250377
4.2317984284307,18.103471269785693,3.159552519439261,21.543557785498994,179.28208224519625
4.388074115718125,16.98263966044681,1.6029588939918908,19.544739727700332,192.4770916039083
2.4728576575737917,20.89298104588637,0.9693676537805369,21.142872807027025,104.00719393300881
4.567096354337581,20.160427543539654,2.995989580055464,12.671098756185067,176.05425932609256
2.6880023525906784,21.617693807743976,3.0554443617522677,27.266990024126507,127.11727156339118
3.140120520692028,19.72243234920533,4.202113263349953,12.514326645679674,182.61525342569377
5.605190648120735,16.240989272928406,0.8934934739759047,11.934405929225832,233.87125895911652
1.8192256041676347,19.4733959245962,3.9242827459785534,18.970259477550066,272.31463131115987
1.4716574081026967,19.582731567457063,2.7603145506520717,16.164324205727073,204.38854971943317
3.26567093316872,13.105021490272485,1.7489267405347897,23.298696114452493,232.1830936179872
4.246367059709783,17.598111776768114,1.559131998724996,27.45049683056881,203.96503600436347
1.4077358386852408,21.330943250127383,3.2223887314054926,14.593924981687502,168.44146459569635
4.193269649292115,16.762105001700025,2.061405648793872,21.125780276871886,212.2698541534372
4.613559257860928,20.892311954747413,2.977032423262834,18.96920212188098,218.92398774345253
3.836517004948922,19.05379527416997,1.5608129351607152,21.430498039710958,128.33728186601803
4.473337434306228,17.401671418711846,2.2528048188798007,9.049349321666611,212.34311589871854
4.847609484431734,20.610728993106335,1.8220501134224338,14.122461846690511,98.4950523378582
6.483445088496461,18.319178338762864,2.1742623062267836,12.948493548002583,123.63421399958497
6.535051578505589,18.957621811264485,1.2912689794409011,5.940692098890346,125.00627210145875
2.65914055961526,17.817942684456188,3.5681602314390686,20.16546963576907,273.58031422880526
6.777379536271835,18.255232747118562,5.991979587887247,12.684706032433516,31.266455429518746
6.33098350109323,19.383138281876302,2.8558165235111277,14.451264557660439,176.91490536866385
5.252163766688466,20.419147111854386,1.3919389008864265,15.278332225358518,180.25749684002886
4.990205307469947,19.410255854074208,1.803028582746083,17.446121064610058,207.38574994762922
5.515247526293556,19.345932254226664,3.423653321431749,17.355884479351612,180.03151592163172
4.563503820977323,17.303305608925903,3.5058688073406445,20.97847286651182,212.68974450655
3.8379307643650153,20.917327846232244,0.8441329182303867,22.48747286143589,175.00445548565435
4.505636498647965,22.768508603388476,3.6036181750670586,21.95231688372122,160.27646425189147
8.381372834608552,18.08338451165855,3.4229773693301935,25.579781237564024,177.12709325934932
3.047226465701565,18.148976934525876,1.3392414875257537,28.551615602510875,159.10460730267832
4.846735602654142,18.522365924109184,3.883767006600561,22.553899424087152,114.47087093908578
2.458308894666053,17.600258960897754,1.825173651447113,21.83681440426715,256.15926597687445
5.411850505643033,18.559041844652818,3.7248165306907515,10.759650318623029,84.80430943152513
6.48207575569854,17.202685188266262,1.3903019350944226,9.320365583496558,191.89119032632095
1.1802715405020352,17.873560245798558,4.520317793705424,12.96381708580654,86.13376183206385
7.274836301926952,20.17949488280206,2.975784276967628,18.331720087622806,112.51010100646063
2.630197029337195,17.61075265493606,4.371522712538164,14.175377402548612,183.87768233945243
5.071917171748042,18.20275214619301,2.8017282134743122,19.171287188924353,141.81725714285693
5.046078414548824,16.566811560208315,1.114675808631584,22.041650695920147,202.56786885719637
1.7686533725720857,19.81219107552697,2.810758778472698,19.45688496375422,109.73209929564219
5.028689893139468,14.5554169451167,2.307010035522468,18.27336298813838,181.88768406403412
3.7709650785985245,17.96255806231902,3.1148564377080827,25.79051701233193,215.25334009493056
2.4131528988754853,18.520475027457756,2.2591034078762418,21.920294383034832,138.1118775009155
5.354400723784877,20.677826168896868,2.2469260389290744,23.314312887215376,129.82173233606935
4.387532149017105,18.158199849706,3.6354090185073704,21.531362710274475,152.33471869303426
5.2172733501394495,18.68984851891916,0.7702727407269058,12.402609444767156,157.51304269243184
1.9249790099740804,15.986894156469967,2.6600828166000223,25.049206636366492,202.83100331989797
1.018406464062031,17.903002783475102,2.4089612694641067,22.43762527399832,240.38101664589928
4.035877924415193,17.653809342965992,2.8652770723447616,15.728038757594911,209.9687354530469
2.697020474672458,19.545524733388667,3.4236249864988455,16.837245792584582,92.02500467379875
1.808351029240465,19.192760221656012,3.5441346266382037,15.778638716446261,128.87824348681858
4.4259850351680665,19.613964572046754,3.228786715321742,20.436404120516187,106.32103368759037
1.4626791455725217,19.051990993236682,3.037858174430952,25.95972848028542,207.5437716723182
5.985297769697593,21.080909468254063,2.580125572121677,14.580366143103783,256.5276370450563
4.794952337691906,15.964319919270148,3.176457924285563,4.687504369841111,84.31409811788029
1.6873185736322083,18.649198581329944,4.235247067817594,25.77826252770055,152.62402032819858
3.53803684696139,16.42991221144941,3.9250929813889965,31.071370520485182,154.43850924000964
3.697956584034717,18.15639993610044,4.424281631005132,27.643961444730415,135.9243489757898
3.9542260931911355,18.740284745484654,3.771431129416332,22.734892399124366,213.33077665515978
2.591636082807099,18.71614330959996,1.8854022750842558,23.28205735006412,84.9205271693544
2.4549931926929274,17.85498773813471,4.405348042224463,28.71868399623855,233.24219744412252
5.8136836691083476,19.337895492145996,5.342031274003155,25.853775570936726,185.30063625023843
3.796947797893908,20.834774913034995,3.1094382584466533,20.712977343892135,171.458506876519
6.2177901139997225,14.545844636184649,-0.10903009203712025,26.229044789629796,111.26178693504465
7.250006440758643,21.586445028242498,0.8156875658501707,18.90437256715049,198.28344364705217
6.6312840344346045,17.370255621726244,5.1610566371447595,29.559808735312913,164.47385235720364
3.361502156866558,15.033662436428793,1.7635625213704207,24.73403713773561,162.15331260071054
1.4110642688869994,15.7095817862017,4.678542356006823,24.699405698209578,65.58802251314539
7.374221525928891,18.129008916961,5.426043480565764,22.0862859179617,167.75952024513296
2.640198268694514,19.102723043198154,2.546052981823015,29.567553674663777,207.2766933309102
3.886236667436827,18.901076448329924,1.9817619928463992,31.9532868950856,232.9339618437622
2.656080056588051,14.842916407836258,2.236999518577218,15.657148779711669,128.00929497890132
7.151014011057515,19.2377605963141,1.6302517424623142,16.66190989119406,209.6698391924156
3.8095744187368967,18.514510204954664,2.849672077044504,24.787515437717886,128.45948930329095
1.1594345671904203,18.19673916211362,2.54363703132435,10.274058752776458,206.33724031042289
4.274598337153178,19.35960013880917,2.7537824025226314,17.30265169223169,204.4028412881122
2.0457237321593924,17.002374009766346,4.333284532041283,24.133435833213152,186.94589699255667
4.399494874928616,18.851515406730737,1.854341858001653,12.077341544316953,142.3537959794754
7.821774336286243,17.58868514639217,2.3104863298117744,21.808589242266493,68.06445731782692
3.5982403364454085,18.563730552453134,1.4145785190546154,19.580603357813928,148.98125749427743
4.280741573871856,15.462175283656531,4.114521042886965,16.75404571025764,213.3293840222523
2.3593562241625516,15.616683342238018,4.047385620010524,22.529480626971743,178.34851910573065
6.466617482128318,16.908696554465294,2.0800383753488063,23.85660519826562,167.88998578559824
5.545374954538279,18.299716876154683,4.481336971677134,28.804956672423412,223.55539108138976
2.8187221969549996,17.82815807298298,3.3676372380318367,23.263271583108978,208.10135017881936
4.438686245812561,16.28144061284086,2.4572455573972007,20.83135695583501,116.57839126245928
4.946330153191014,21.046290052155257,4.232341522895255,24.917930655884454,164.13136854724445
3.6426162350038416,20.974053790478862,2.9111118347177043,27.18390630673753,152.0061594203244
4.377059259737472,20.948473361759827,2.9769609792942333,30.609933591695366,191.88235025101403
7.390023132204647,25.025050365303827,2.37808359762639,19.64004504488833,242.9581423493559
3.319278527205858,18.119214079086042,0.9203024510979856,30.490100796884246,199.35202312923687
3.8655916171157054,19.45743581083824,2.257310696057651,23.46863685832715,114.9530357039059
4.2990632763572405,21.073372052478636,0.201339540488296,21.671193639155486,95.29537203951749
5.396008414290231,18.425872658009357,5.5327143230724,14.000461506913371,111.60722788550163
4.613245477197109,22.01313727302907,3.5682105612427013,13.731180288347597,137.51214212159496
5.030634488774705,20.16238289639114,2.4339334343308034,29.289705374948102,214.77083959863054
5.062540717175785,15.783523453814144,2.6464421025139866,17.499432412042722,224.41984782219245
7.605529512250549,18.015891219820045,2.783940832559909,26.180636927623176,125.24136568497808
5.079744857328187,20.51171131124409,2.539730912038974,23.400025242278453,182.6214021595602
2.5628969375351347,18.098992216395004,-0.12290938556511252,14.989273098353173,213.43333732487278
4.065398663921386,16.126250251482922,4.061827627084948,13.763597527177597,172.60002626047833
4.639968641659429,21.987310452465053,0.729273684880983,31.10513270016712,233.89823918004038
2.9308160970206467,16.92322797268734,1.432830164932567,17.41843302462305,219.53349739444482
5.330331403621459,15.881769796863008,2.7068397299442637,21.201812286989597,178.14328529953661
5.140619976830415,19.21904217029534,3.708965155007907,26.689220770135915,146.1477375819813
3.6571919068038925,14.346453239481155,4.200311927470651,20.183771931118354,87.6016865741515
6.595117283383605,17.2931192877583,2.03831526302718,17.000394028746296,155.65309208129207
3.4346024983798866,21.341666552392947,1.590968638542638,25.475122159463798,172.0828125674254
4.8532034223571525,15.771485909255068,1.4947133386604037,23.563303508777764,182.34162189995175
5.139931187150927,21.367507879558538,3.3463998929480745,23.988433247335404,237.37910250210862
2.337997441921639,20.45005415173547,3.7388673750096153,21.639539573291767,280.85135051871436
4.45567867689517,15.751903270447835,3.3695019429720223,18.088690547598972,153.44438938778447
2.9148019945704826,17.290959061081903,2.2067184264592052,10.586530528000637,137.73923233097022
4.6629213960144895,18.922166425002604,0.9002648909582293,18.333617237507287,139.21186177292344
3.399629930187484,12.280295736187416,1.546505805166939,23.39877146648266,166.62648935728038
6.1142596824932385,18.112711831847374,3.482518285372794,31.133948494448187,217.14315841346553
4.6901110148482354,18.916401878556677,3.145563557516359,27.220663880150287,206.7071872736703
5.351165700001011,14.21920355318332,3.1458998850979736,19.942518448605707,163.24671904628863
2.7718014655513916,20.365256601038713,2.89028384022604,13.48223758807585,135.0814981186602
1.2525554758833748,18.00865375614889,5.848747938305109,15.520315294769722,142.51954337120307
3.5666281367436152,20.542510685466247,2.636157493141142,17.849072544618608,173.18422688695176
4.258493942371441,19.94936166717375,2.602854483461142,28.758520302853583,185.05174147211727
6.189544687636336,20.125722877908593,1.8724768280021526,9.944856924576213,154.7720019458449
5.570085359334077,17.327659556350824,3.3590389382807926,20.011565113908617,152.3528579272633
2.905079579041106,19.428136492926868,1.498271979345639,12.12760884212195,145.39041856971502
3.8739308727870183,19.87044222046396,3.2059333274304955,17.666583501430097,86.94209078676245
3.921386326582362,18.094648294146303,3.280254016773946,19.362990786888435,119.31371166242307
4.000414664090802,19.82115002889899,3.6727774977564542,22.16189930348275,243.7419815171982
5.210883603841142,19.66036017746832,3.1595376021057318,14.841500490685824,85.13827108788
3.373051673194899,14.669492015759433,4.386725608339607,23.844291840983903,121.05588392431132
2.7432171225374202,19.45380200367419,3.0863144459922442,24.142220376995237,141.08528364568693
5.002895346366906,17.60091694887689,2.746601483420522,29.694071680297984,170.61485284185576
3.1989641647361657,18.40919901894306,2.877594237289005,20.88726434052501,135.3633133091274
1.9496248823691738,18.81842118181555,1.8009123110398226,25.776023728206315,189.68407541851198
6.9541012013821,14.854363229446752,2.343078957235141,29.86076368540136,107.85309608048577
2.362689347147533,19.46706401808915,2.4196614647959183,21.448308980712145,107.51518841975505
3.935372353721061,16.690665708738464,2.88107975430824,14.05751853881069,197.9461599480943
3.5533817882403995,19.65820678102875,3.234064613792846,15.784652984792187,103.7062698981656
6.519387733349065,16.90730147488225,2.7741177172908613,30.134346267883853,196.72859137214917
1.9021724303701917,18.485716850420793,3.2412347823898813,21.682179435858565,181.26170589215434
6.729079657980465,18.642359199185105,4.564006398423719,15.734170495280832,279.81026808997024
5.709806101333579,16.744931385061648,4.570762854154074,17.078062880160363,143.84199023302762
2.900099410704802,21.799440220665296,2.167797924241868,22.56950794239027,223.5418817133153
2.309668736998494,19.488111457596112,3.7088101313383546,22.677017918046925,139.8404158356617
3.385359733278615,16.548483312142082,4.616590039617889,10.357427860857015,122.59759377521257
4.233242027616639,16.502055400345665,1.4728436003907697,24.80834650320664,206.6050195117325
3.2250535041103983,18.280835390298527,1.9096537997860255,13.841077869830634,59.38654445378851
4.895039442944479,20.678167206141946,3.879281970735057,18.302886831817943,261.2703604064719
5.087199187275185,17.46691354161869,3.5031743328091816,14.852212799154282,173.1031685150976
2.2135607757038636,17.15165101197283,2.7138622095148195,25.09712539329105,200.44532690680714
5.996449374920608,18.101338639219886,0.7933055644944721,20.330102703635998,202.57923348596938
7.093856504652024,15.741724128851457,2.67163461266185,19.24939164333422,131.70870133640423
3.451311354918783,20.99273850457757,3.0136343476529017,16.52665322487748,207.4489320740509
4.387100902176629,15.679302935038471,3.0282697128989073,22.143230554893737,210.33126925410087
0.8202760766491142,15.666280221314999,1.381362007048391,19.04290654299044,190.13442298262586
4.557208258515647,18.94100480512565,2.218099374220969,21.119268042225226,198.4363779371272
1.5119375474698558,19.027535851213873,2.3325837214493355,12.887141670860185,203.1946168020642
5.624762688511586,15.44558337431441,4.36937994358183,15.258754211081124,82.50108799104483
7.127805593109525,18.385597617614703,1.291849686155388,25.612429591007817,84.88932670066349
4.577923241862175,19.194687236520938,3.776005413346321,19.46768164481864,141.02184271290685
3.7440884644043906,19.023219635232355,2.0984055562477764,14.211206822388945,249.48808768839555
1.0977623967393715,17.782464994167988,2.5219898543084858,20.645559112446367,184.9480060446797
2.117507738127949,19.819721931745853,4.694920240533634,29.075347001024376,122.38439401463914
2.0303400195575354,18.056908237288074,2.705980352175435,21.858730309278585,113.24595846655977
6.441690851119931,16.958984133974564,2.271231321686042,20.20096739451039,190.83534954226596
5.442245170513962,18.632154130433708,2.2061118974561977,25.334712425241428,159.07328924122552
2.793568868229432,17.30987620900274,1.3250109106728927,10.812255575256103,146.35306812551624
8.144940610549112,20.639300720748757,4.584189563222813,21.070695064989685,181.1645249428749
1.7713171329370008,18.494671441741403,4.26315234780646,10.469944567547133,61.03813174969208
4.264101695500923,15.666480882175033,3.485311272589928,9.49516215502618,136.8758090599119
0.95556362820112,17.383033032352145,1.9855718862634155,17.050642927389376,182.4245248869068
3.215430655411688,20.718356560888257,0.7790629927507025,25.4793586932856,93.23422540683002
4.590505355310947,20.155604852287244,5.054186740810129,21.791890708074853,94.59144521556351
5.62944549940162,18.935722426667862,3.127170503920571,23.603250298222594,146.79392090630657
3.85642622402468,21.978830771638812,3.284641502789353,22.682492743180173,216.34337065589216
3.0909574980334558,20.091370588689426,1.8353973353357398,27.607813404770365,179.02004131373454
3.1788368410762238,18.617884854984666,3.1473237645486978,18.688760676581285,159.38496320036327
6.691081289281068,16.153528107264528,4.167624133503031,20.735866920074294,132.98743985355463
6.547742345867852,20.49419608622056,3.007362572851177,21.818304638720413,110.10918069910322
5.976196913614645,18.185542056938278,1.583810228735289,22.576576778925585,114.98986121931833
4.724998132330488,20.31899262108699,1.1949933746021435,23.805767280439447,124.81227083551646
10.119763064983106,17.13732950975286,2.528501277223791,23.699810906317825,137.07963185760622
5.866537713867249,14.858711317757257,2.2988430635287913,15.684384475692553,81.53689899306596
4.920981442032043,19.277242993246688,3.9379006479854888,8.578910950851375,136.92237420581674
3.879147276668416,20.400322886514758,3.6334585252349023,14.732348952169463,223.6809579325091
1.6947735706968683,18.788708867445397,2.5584700846786816,9.642142362887075,252.4835083823992
3.085853057180239,18.62617616813825,2.1017592094639785,24.60924361922222,185.17073267870896
2.9596668073505064,17.160358915879023,2.4039273831519874,25.562733515150278,223.33119131940015
3.941025139766426,18.03838068164285,5.185885790573877,20.34892254092166,243.32732922119882
5.75471385482397,21.173699892408628,2.788703806724992,17.282976210829,137.25959045938325
4.20800161264276,20.815244876962765,1.0277266633129385,34.507644192191734,93.01426459974489
3.4670608030650527,15.413268884045738,4.392589619580144,18.756766974230523,152.2426657573498
2.9191632621245223,19.037057028581714,3.710650921562466,24.310786296444707,136.55677149536825
3.183423132076453,18.155887658860568,2.926061298981125,18.527688520924784,157.75065720467256
5.91756394085901,17.34431728142777,3.0022539619567885,18.00173311171861,140.23535627797716
2.855395603216666,19.670259706522526,2.7743498497394126,33.50430639654634,173.1981561122538
6.50658533091109,22.366638004700054,1.3016088535884367,18.03573391058916,205.4260550017947
4.148730199044853,19.90864589538236,3.5090463589316347,29.401619608282985,167.91153978467756
5.904065348865506,21.719329317039413,2.2812511347026123,22.4939385303149,116.97675634900047
7.315879674095557,19.957107661196794,2.129456152267709,18.837848243008967,120.63654343386737
3.7857326368668742,13.468077050005391,1.4111983755897006,34.69032349174165,227.7399016827237
6.247019087333619,22.296296869272155,0.9003019599267374,14.88943797231058,187.6524915773471
5.188308491165996,16.498560538970484,1.643776254521142,10.920262564433589,156.51007970437354
2.1369319292417934,19.504106386979313,3.037162630082977,12.052020486387775,142.5085722477119
4.4690029163805916,17.52501087890444,3.454643293754926,23.551333795918616,133.47833072450564
0.951318856530416,19.178001642889534,2.992847254527472,21.993202695941026,178.03209633853564
3.528131282546796,19.04927078767774,3.7462770582238853,24.216764605146075,107.82338237732
6.564434263006914,16.570321742980465,2.124333244511179,6.611632510598698,182.4536024468719
3.5879281498034112,18.435141359816182,-1.319166125675409,23.606699502377666,261.48567779522307
2.8558059724494673,21.460437817461298,2.784632381278674,16.700557790500813,170.10494641268807
2.328060800372962,17.62048262914629,3.7936468490550035,10.971638430742441,109.17561520516587
2.3922825917155697,19.941599729087578,2.1593586716167876,17.251749518247355,99.30252482347362
0.8418003417599915,13.780206913841026,1.571838971389748,23.069212082060847,123.43147543110057
2.27989641752829,16.950005813605607,3.2772975368509667,28.846192802919784,204.1025260070092
4.132923631019493,19.156773457252555,1.7369117550153612,28.961762981082163,189.59118100953418
0.9136950983846772,17.754024557094677,1.4285612533453331,20.836144137710416,238.26317728881003
0.8013872302101467,19.562641292999377,3.708673110656714,15.589206473756182,170.6551785788109
7.597800975883749,21.383278048375637,3.9451931329732584,25.621256077431546,135.66067593299098
2.0136346716888767,19.310512546013765,3.3038373845509548,12.22454854652546,157.3347732570978
4.5980830328942,19.3110973174643,1.8197592934066602,27.029778213419096,185.00524609117957
3.695380557686319,18.100142860908278,2.1023600581969575,21.582857222126204,206.40980135801448
2.507342902504262,20.246366800289277,0.7010148417446888,15.294555665946298,101.42389030296799
2.1598624698956854,23.946528025225778,0.6501754510064925,7.858830752146301,121.9379794635524
3.7412938025301354,20.331566908766256,0.3150398068792706,16.970131903415332,165.90663917641035
0.9777871098933353,19.295128827678933,2.8729253331239337,24.462842024036163,171.01965034345184
3.9692868602937037,22.376459338116693,3.5177362365221168,8.754604299459873,152.25428600724092
5.864338682778325,22.151786713091763,2.9652432325005833,13.501065173180837,146.49991476993858
3.074765891623,16.698106169528746,3.4764868635846806,23.50539820507502,207.69123770281792
4.8426703278456245,20.087127404901953,2.500085252132028,16.571297017272734,196.7715235354438
2.8712017811399693,16.037481602772367,4.153783704234635,25.880781809874243,290.2493132559186
0.632833836042534,17.767919078323988,0.828085899651492,19.716368799593745,156.2829086429155
2.2751064520241395,18.510249659096726,4.894048975318187,26.966426532525713,199.27030539231254
2.8758165350477993,17.79155107430275,3.1471368768090255,19.781788590001273,142.6494249812782
3.700078220472242,16.634641044738604,3.1148245995212505,20.9150389892646,156.90703156607316
4.1901464503501895,22.26768933215267,3.69198989079476,18.494002345148946,248.9042404203459
6.612797564591859,19.256302793621504,2.6526867140772845,24.38767618600714,198.7421591648951
6.5896261570545,18.477272870363176,1.3087717511810186,22.74066217953571,249.54338279242225
4.736520292823268,21.156825963963133,0.848632451075406,21.489049501786983,183.0777819284501
6.337405992796773,21.149310375355423,1.6226184488574167,25.366655173034722,239.6701015436702
4.889565427196886,16.509388580058832,0.44208985218690533,13.883610978270735,266.3528015931433
-0.895836339811879,19.362372057685015,3.561716611327256,30.991507377867116,71.91090635794036
3.6731216914688516,16.01840747437673,-0.29393067252767807,20.66980855676864,84.99611893268205
6.0728392403950275,17.054438400169076,3.118291050963527,20.976933643822807,113.45803286434
2.5274391781490664,17.108507447061577,4.2183590394173205,17.995537626540383,154.56174181813614
4.500893701301279,17.7013194978905,3.1069622509304122,26.676043793969015,196.62485287461092
4.259952946447587,20.380295554731113,3.7012518388470625,9.204125314319905,134.58316466733118
6.264885884442815,13.907945649739565,3.6951376486733953,17.03024284309849,180.68164652201472
5.1900554478765315,14.062650098946339,3.080978934837092,17.776591818409827,227.5743024692571
1.5888163366793255,16.264778186673624,3.429929850481181,23.43525973292283,148.7828257210727
2.317670925752511,19.639257549786375,0.961975006184391,9.217052063881248,176.3242214466
3.9407157373714177,21.22135351362404,5.845010960174363,29.42276474295403,219.9356197900437
2.5267371108048513,19.334867989444025,1.6396406904065006,21.54743880392167,201.04152791015326
0.8491377935711859,17.97506287920511,2.6355610551833575,15.955129633636544,191.60769347824015
3.7516091096083812,15.408202302630613,2.2763813042687793,18.335500753937,128.72914357722178
3.970235292843846,16.490746584656613,1.9778693992523224,11.744926234298582,140.96845516270344
2.513108166992727,16.58909811741953,5.553769398951475,14.123423652649235,191.3966033546709
5.121588135687764,18.68315390236173,2.7115707633926527,13.548505225551665,170.91911940971895
1.471418815625049,18.990837069259165,1.6221920971171198,20.927918201283106,191.59985753545348
4.5027551546551114,20.193299095136478,3.60840054882256,23.829885243084608,150.72069958925397
3.562622565191726,19.225112549754346,1.4017901746974257,16.54868666342733,194.37236451872656
0.5832704324260303,19.7072592010741,0.5068284935068137,23.08738154175755,123.08808700718376
5.8637783420253005,15.531238878011559,3.299261346700913,9.307249064490794,187.4798551917151
3.836753216907852,17.18794668655408,3.347203579162301,9.507372560591705,189.16751876428205
0.8990273661255835,21.810879282782263,2.1745340221869283,10.503410619679453,213.86542414546904
2.1043943267758984,18.49690918639348,4.71528753296871,25.26218925773351,153.11983239907542
6.905438392331835,19.04914460127456,1.887936741200439,22.980673851331186,130.5115222627696
3.3759265098437785,18.69922558517626,4.721986951374733,17.256862633600004,202.347063346616
3.1475309524193524,19.997905718814028,2.089493334993741,16.634195395212227,49.86850902810023
5.85283550021015,16.54141623720962,4.826219456886161,17.799600677177068,166.5234088441739
5.498614054430213,16.091847707424293,1.381889465994634,16.09840056514757,114.09770551827275
4.474816644901311,23.501550404544542,1.4829494008082853,22.761892087686203,158.33606371348208
4.537378723444878,15.784255517419872,2.0823078847872583,23.46168346575368,138.51311353439664
4.942513631892484,17.78452027743859,2.995674859549392,11.706289807665463,166.10621191365772
2.3724683193362157,15.524233813705115,1.7439411790586907,16.31160343646885,206.66435489252768
4.713108676989078,18.387617477085893,2.3921526864565577,23.617854291160786,199.17263354087035
2.3035793977126064,16.289739714820175,3.0908005419060407,11.204151916449808,66.57433298420814
4.7481364768251675,17.777874006766616,2.179037514140823,16.02804669314648,213.7081004821526
4.97759939103379,17.08906836051931,2.434615267470332,14.056318339791602,205.77963786056415
4.347597508390331,18.31102803629197,4.862749722032061,15.72407158948515,159.60654209353186
4.39104123396906,15.604729553901558,0.9388532230533427,23.57764895831442,211.05864156110238
3.927716526508793,20.371215084035555,0.29082425584609956,18.895440092205284,172.4194245593758
5.609489499583445,19.14989744833747,3.8456426681097517,16.505857778528622,130.44073402585514
5.5665506635005135,20.985402859845525,2.5370133715591447,21.26650448000949,268.87991261413737
5.3933154530832095,20.697407028169277,2.1079652373122917,18.88793838171322,146.65102444089723
2.974013320012942,21.74926599582103,1.1188794663509134,12.186571547196296,126.5811075881457
3.4666177250870187,19.153710806120507,3.750960544913587,15.513367980202236,117.40135123436475
1.3153156502978278,16.187969264251194,4.3104624743589985,28.393965686025847,139.1481100054131
6.062578243113544,20.814428407299598,3.342323852759052,28.743267577669847,100.21963727525379
8.083596847548847,16.964701626999894,3.1138342981368354,15.715538462734147,131.31952692128763
2.7200541498539232,18.923031264051215,0.5691845181029237,20.36846799284129,100.7726599249919
5.414117550127784,17.585451830461903,1.5542523656551306,22.05063202201255,44.879468109791596
1.9864393477491922,19.777115007440756,3.1827870145799744,20.73497082792672,184.05137359064582
2.6363736412240963,18.033228199758632,2.6491709021518055,26.995107467368346,145.9752807379218
3.0020856584075943,18.419567137300117,2.2425010518464044,31.645423109973034,181.65050385931178
4.642306315865711,15.614248426564016,1.6293438366356523,27.461208806393305,23.461987667873743
7.680426375103276,20.249530191580593,1.423391629479027,34.54387870499423,234.54690557049895
3.751989687933122,18.10256081474768,3.078950621644671,17.730244539599152,99.7023206012725
3.800411528080228,16.20534943302183,4.5600912400242395,21.799330020650586,126.43312536729373
5.096337004121227,18.013670446180726,1.5388094389185303,18.0073236782553,178.93766605876672
4.948354384584225,18.157988532664362,2.798389663514134,20.86945698747482,128.5534224954589
2.163814972176402,16.647634533767548,2.424150395757763,25.869200757346956,207.34786781037727
10.627359757655045,22.305531236943846,2.5680320675367687,17.08551292056911,208.41449158019773
3.810035761316491,18.935964812787866,2.0982513361390573,11.129126953639306,114.50197095993241
4.52461916334462,17.369752973436896,1.1084411081281802,20.001988097630917,142.29091228660613
2.490614707264904,14.11218783778623,6.318051966566775,15.716959503666585,211.2299073807787
1.296853806460315,18.376351029375954,2.8588250212566417,22.148386264234404,176.06478579300313
2.671084589822,19.984692244982742,3.1881705893997476,19.432101323261236,169.0093765274189
3.5311200549891515,17.91765711936511,1.4126429230191742,15.891990340248356,104.22445875293938
4.667601170645987,15.859162209174702,1.823851019457056,16.41687509555981,137.95168950361946
1.5893137978844212,18.267878259864343,1.5067426049628678,13.333484233712914,99.02711932967661
0.1538592131401309,18.293139407272342,1.7596079045782536,22.942143794653678,146.57858309046208
5.618510368189,18.1570640933975,2.4332249707896234,24.293377154918357,139.25817080589235
3.3722704699249992,19.5905903264966,0.6559121414451043,27.471494011846513,155.22483789889478
3.173021010324451,17.40992775372994,1.3028841779635005,14.30966854325762,229.4838339584085
5.96389722230864,20.485976162834014,3.136668357591709,25.91204406871149,169.4070433743844
2.367101142764333,20.244101716025956,2.376947777198021,20.50034651652808,174.0470441840602
6.366681201102597,18.22109637114717,3.0955011192324693,12.677448528672327,167.93577840520766
3.439714290454292,16.933326035070337,4.222130024273196,18.01680467011641,212.19682302595984
2.9929568421589123,18.204053795387438,2.6483763473999375,20.811599979002345,165.55643950315468
-0.24860999048641455,18.04992348394181,2.2324204819639513,25.93415050255141,225.66104917217376
2.927518147730573,18.428827631914384,4.688034965169636,23.50812565825978,166.34943732886484
5.531479195031388,20.390805003065722,2.7400071695199144,10.068146491614339,160.98485699621682
2.9919796040060445,15.700540628080487,-0.40607866512749713,15.389533407426583,114.06344762651253
3.698558902515012,17.685203457633026,3.7362994658282704,38.04726285624703,256.5906246901271
4.608754304472961,20.27918423173181,4.22922430451661,19.829901337282358,212.2341130150495
4.312204989983304,19.186443930804035,1.9873986356933728,24.871598847859158,158.33781259344693
2.5230636605543775,18.734755579847953,1.7401946597110847,23.30544654863636,200.7056815038509
2.460520877762696,18.517116619680927,2.2215371762599783,20.737598286993304,63.35230927183261
1.4840877947838491,18.59327425351165,3.01635566865455,12.89426970687179,120.59490825776845
1.6295415579158807,17.219151920496905,2.1356657230959972,26.43879437058136,116.85396599540634
2.5626639563342715,18.741449947372338,2.153451022799601,19.319820974508552,230.99832460695336
5.507959863588275,17.898579826275125,4.3903734554160945,13.765880438228946,235.5054481037777
3.038338637158377,18.657157468456152,2.9107424504568145,19.700419808139607,170.18705530672554
5.059232520671083,17.491878386425324,1.2116609038313837,16.665985203217158,207.90144348216833
4.525419626381261,17.893448189213746,4.515754312882127,22.898490609761,141.89437132128916
5.4485259825904135,19.562714616901246,3.4337751991893777,26.672852953094225,228.78493969455258
2.0784652338544443,22.499394988850458,5.027317101451539,12.489074950415581,153.18351316252665
4.990745692575152,22.03346128539837,1.9480325471648783,24.613556188786124,128.10547652240624
4.075168469501888,18.63302548476455,3.043310565625573,24.56089917740762,175.75484611547787
6.446135687801345,20.201936522675854,5.39438156207628,24.56472085618334,253.511121840616
2.5254301706609454,23.216708011108405,1.3483762950106788,27.018888713375222,172.7593315904883
0.6789502746335516,19.53084745232658,1.9220116994152667,25.59359796158704,177.880247251158
5.611966316043449,16.719129071741172,1.5875996441623539,24.363891013649653,205.2648735877569
1.0284657765642349,20.304838772549356,5.0761141374080285,7.218896889240498,181.39342922427517
5.6822099243864495,17.369644372013433,3.3473398390634888,7.953040478618585,189.92127243979604
4.937751335741122,16.027819803862037,1.0217923922656402,27.54398835989929,198.18651909200508
2.196206965004145,15.499199760044936,3.9054977032608047,19.2472777918682,158.40809682625155
4.188424657667129,17.249228632327103,5.062912518989611,23.70052014847449,251.99041560162158
2.935006216538867,17.44426222551107,4.098424314590824,23.90445544198396,131.01791215577444
7.545692069562731,22.026305155463447,4.956138595170072,23.191999636510438,36.0186103423205
3.511613681678164,16.90241726961348,2.6963239325721915,19.982377366980423,184.87742207277898
2.8766630039135923,17.4082577229938,2.4618404807103,6.191095182993831,244.72974584104358
1.5738765798327634,15.113483777216803,1.4456101938845787,31.738578290741415,205.1305990401007
4.675398216865579,18.76945972843674,-0.04344089166273094,22.755929603392474,153.22391453838952
2.688652967398752,19.11259326561224,2.5772818871975036,23.867827801396214,244.88363320318345
4.6367263079291625,19.67134379570561,2.5097932752284384,20.926187517585106,209.25783537602098
6.190500983058369,20.67430491070917,2.040526795680594,23.429104651544773,208.43213862817782
7.894535617872851,18.643399479490654,3.010206161693247,26.204312219951955,71.28909980965459
4.885059761414962,18.637525052390032,2.9417447876906455,18.961261372435974,200.44458866714808
7.900515711443221,19.132423961910973,3.898781123070176,16.700881155950217,141.23959860026105
5.362317116634384,17.62953725650265,3.021685922347052,17.187431206487116,153.6285576431644
4.203972564448173,18.966102629345173,3.5287666208685793,18.877784381103396,228.88494014332568
1.5227532671506454,16.027686787064795,2.1032762862279366,22.33028453743196,173.44205106044205
5.132175792193317,18.848201693709537,3.4112114086251886,10.960766770111823,247.2377240147365
4.512427160356345,13.706173510029881,3.228639448417676,17.951506750782855,180.8609243961509
6.877636487188482,22.100731408671464,1.6864385110525606,18.214925383755375,216.87004199859584
1.5926872446144056,14.69217227490917,-0.049237155262013846,25.821335085892304,174.4707785655758
6.850576172501964,19.845380182146886,3.3036429487157313,21.240067128827736,185.51497358066737
4.581974711909377,18.84371762599868,2.462187639092854,20.579089393348077,222.31397367291027
3.457581075969079,19.74126305866264,3.058211209609524,28.528791611097038,172.99501805906704
3.511303915359659,18.052703830448927,4.1894510892763055,26.692674035664382,141.86161075595038
0.9716434756876492,20.041877417488,2.4031848504108027,25.822327458451234,221.73962505141125
1.3491506461308125,17.63355162612412,3.5703663739558524,20.061806193142576,155.46916966091428
4.741213898063561,18.98457773049517,2.3681645888984244,28.00640781235736,196.97722379233565
5.234241901546404,20.099237597766074,3.9076076983717507,36.80408120094488,171.2575426833354
3.8336498812830113,19.14076119324989,1.7174741055146425,23.166684968737524,197.45708429773265
7.587699211007919,19.216789582526946,0.31411591582289927,13.198066146419738,174.59657071523918
5.206734110640133,16.91612880372116,4.3218520703185135,15.381936088851498,162.83943414313265
5.888526364725422,17.10940551357756,2.2411400190031423,26.48744996277299,159.50836455709884
5.33549132604861,18.467361502353196,1.3743337095602977,16.780636647365025,218.85479917941075
4.828238237321546,17.774276720831153,3.025542518187797,14.802651881664689,159.30944817975097
2.550326041537503,16.022889854316574,2.66991447041954,11.602128409408067,85.81593865507932
5.343754407376683,19.319758996231336,5.628258175476413,22.513059737367126,191.5165131691479
3.858573894136009,19.68275696848654,3.164393625704651,10.092189691146094,70.35418693243489
6.999607282593874,19.220720816880494,1.4519771651433118,20.28143109075257,203.88896756666225
6.4575211662956065,20.56471367749056,2.1766435765958,25.598164077969425,228.38655360594248
5.884983228588615,16.867085948986073,2.3067129213723976,10.092870133582329,141.0002414433557
3.7115751855331705,18.92573560953924,1.64090685082742,25.081148750204342,88.61488394565905
2.818130827677764,22.129308731839064,1.2946872781523622,14.744275464711723,168.06522728854202
7.1215927457296715,20.546327934382468,3.669879284979034,21.729861040959243,236.4312535338365
0.7369831780011626,20.232129738031436,-0.3535097368271977,18.8903508296286,209.0917860711876
6.4157748535395465,19.923801812543037,2.7445480639036357,19.39114588555105,166.74555995469512
6.022718396651177,17.737402087405293,1.6906165520680052,22.622705100645106,253.08266915953132
8.611941665869276,16.547998274509272,1.0216066274510869,28.734065065530476,201.58973484249054
6.679190264347159,22.06399128859486,2.3586120729480875,13.462707862458151,189.71939882602106
3.7959547796811886,20.355398611352108,2.9544769146053245,19.51776672625999,181.20475513243863
5.427666963814234,21.26640333462511,1.3901848059123147,14.91086098928956,125.45487928949221
-1.0158294879407224,15.25373162356703,2.363014120571242,13.474687793429965,199.2691930991864
3.615516312385675,16.30061924793907,2.3396619467518835,13.538144004350077,105.17436227969571
5.519889793849808,17.523209084832146,3.0844144554828588,21.765404432762306,120.76109064325983
5.001675658872826,19.042328626662137,1.2646978071510382,9.353705142826637,211.76281711251372
3.8368898310249016,21.715389503721713,0.5323528764002133,26.752337433106902,139.4597633746021
5.9573855792881405,19.72816225900913,3.3821166386285513,12.264269099661444,147.49139809734575
3.1420110948672018,16.638963132763262,3.105251918338199,19.53842435962885,78.29301004404152
0.43103943873548284,18.45407576653158,3.3794731031199117,26.38844199443784,129.23392044953792
5.467365084946591,19.4998146915674,3.82566031622584,35.25045340875347,203.83453415725654
7.570050136892677,16.884846972695698,2.8572572216689225,11.907316107350232,63.02778630581593
5.454645583671264,18.121879540291594,3.230659849129674,22.48236082066739,108.17418627050128
2.7698867333694506,19.501276370537987,0.2688327815724064,27.828505836892347,115.05935755965609
7.212616934565027,19.92560795461366,0.27052702423848185,13.850724465100853,132.60862078207967
3.6404289787200224,17.646041422420044,2.6082874071390645,18.11181682278428,131.19393993378696
4.682354056392697,17.782512108932277,3.573754421301168,12.007510886500919,139.52645366637853
2.1061908044166806,19.861887210709348,3.078821408907531,12.55518295537467,207.9846927839459
5.225045077779054,19.66102853921678,3.5622437714779016,13.222927630500523,136.63255190052598
3.7796433656599024,22.105914702539273,2.7114768965053377,26.604332053656016,190.16545925248658
6.355529351947438,17.10776212722784,3.690608075799727,11.481330490157406,61.548487192542034
6.866641869159545,13.969811182634466,0.6960476748711344,11.544966560433938,240.659147358986
6.534370810001393,19.874854493272036,2.8119875798993643,22.193564634736074,161.1139610764917
2.042126755772128,22.38962298613339,1.987078573389562,12.513861778313911,199.6727921607536
3.9584229446479413,14.285164048537053,2.3826587385195777,12.311175880886962,50.73555620665335
4.2794378966761695,16.87606107277437,0.4739834413565389,24.997156743256827,168.3494355389471
4.544723819269502,17.923038682246087,2.656768049750884,23.47394284994011,123.24491247949452
3.1203191180231213,17.940210081142343,2.300483229809935,6.501186170469022,273.18750253055265
4.726622545914021,19.337771164506663,2.6694902658466826,15.660888721511242,149.4635296894366
5.920767907662967,17.69022895012017,2.4795606994635926,25.82657447720961,152.1756485105
5.204238984782926,20.195385225640553,2.9556896025073423,22.677691082297375,192.27456292947852
3.09887731424477,18.432955840204627,4.6631852373064095,18.97861515995162,123.63692754765788
4.316930557698774,18.555578284462527,4.887621219938655,30.257147285620203,213.24019401866119
4.326409846621581,20.152094738768472,2.671741497616176,27.900949317731236,175.29973033350035
3.1023062360304126,19.328654119280703,3.369051580504941,18.586382023601473,127.28770673009659
3.9349556589774832,18.543995411740156,3.4319566948657934,25.073735200122954,145.64070125673095
-0.5188359974777004,15.842287916284837,3.04895808228471,33.497995374421585,146.99093789194748
4.30769801474123,18.719410967371847,2.6012786472901555,21.25102051355926,187.67573316782003
2.5524337387455263,17.22865416228245,4.2011160661427756,26.66910027708255,115.50917196904746
5.786755494343361,20.132701850330434,3.767420978060627,21.849953575553783,134.73574782098328
6.82460818852972,17.46045603032431,2.456972042445122,28.91056703968676,214.4680383329263
6.791174530030707,19.736092493711585,4.2885875164356255,24.999283416538294,180.07895037934213
2.0158279648970283,19.64419789047555,3.700255070012706,22.445728781008246,134.18757683735652
5.924931372456807,18.295598732731413,0.7226921545915005,26.670022995655717,160.31492388601055
5.945015334738285,16.964044878263213,5.357023526890565,12.47516538719355,123.88245717516608
5.531270605242628,15.283868219958926,3.262023300298125,22.969530127656853,101.90439151431355
4.126111727697352,22.212692294444658,2.375633951508052,21.58561940663736,198.54972268079305
4.808337540734133,17.518997649725634,1.294299412144738,17.797218260532826,151.29849721015054
-0.14396984154261633,19.96535528101787,3.3364552829136698,12.997513009905747,118.38153376706387
1.87291846494923,17.798986976543265,2.4710590137385826,15.656883990560507,135.14293385113436
4.812364128964732,17.243470746289425,2.8573686132892075,21.557449231551903,218.98208865075532
-0.05524305197318961,18.793340106576935,3.0514471737339472,22.68001083860942,208.15972244403443
3.0736108641098907,18.78052769695683,1.1756675988414484,27.952949670501678,130.6332065312178
1.9641774735480357,18.89200536974249,4.50745456943804,25.19642208134262,190.27001938378442
2.5652938496837936,21.15843997625984,4.179731537000751,24.106288838544586,221.6846900744699
7.121202863918868,17.621123897388348,4.219544221815129,23.33908824431536,158.5918543163625
1.3515422426278596,20.398618856293346,2.3718872106423334,23.01662361985028,158.22523683617047
5.189674372228137,17.74811318146526,3.634691073962895,16.62512023081646,140.125902371512
4.972023407366644,17.67682889773475,2.0247523175505036,23.598699141342934,85.36169594481905
2.0200536888169123,19.19463300401411,1.8920412352527975,19.269195900071324,54.168241698626915
4.3642974303311615,19.7751400647476,3.2384397504943645,17.127572663838524,203.54764264211735
6.234803286489047,19.935448632895245,4.770318849718322,25.92764852957915,131.3091295743467
5.983374135008,15.020260380622155,2.312323477468461,18.431829839915395,113.21872283793073
5.5715901739205975,19.73609701642812,1.8689845548933368,8.002309954665625,217.89304999034232
4.986027837671582,17.8182490032097,3.8411461869110624,22.272927168694785,111.91395856545302
6.654328884941883,19.963627304548126,1.9843527844787812,18.83544914748462,195.7272939673895
5.319719055235861,18.20074438853979,4.779470102645336,19.38186707181131,169.96874068924433
4.866984468408507,15.92400615687101,5.53497033697331,15.054766040173705,197.98012634081383
7.678718408281425,17.129119383775922,2.916800043153472,15.879516849332413,173.21682460063386
4.206344159061881,19.958357191541005,1.3034307142141246,26.08600307799325,137.66931092393625
5.118816967502236,17.403024028048744,1.2115284064203111,28.253636127685386,161.2358505549669
3.6991310604776793,16.126423616486203,2.983873359621589,25.8586865987528,164.8989205611814
6.188553073787511,16.651285381579726,2.2227375090194426,27.4925410803176,139.73704812245322
4.461232889000885,17.919213282657687,3.0333772271145687,18.01008857964335,162.37208125188295
5.002107371388654,18.042694839754937,1.7445916655587264,16.381977300093812,140.116591252432
5.281987167036002,14.761056868756876,1.4438318644378987,22.156453838148487,188.25098192942718
4.014553613538986,18.346476007727098,2.8431364208856853,10.755370518886183,137.64391108520852
4.738580634951722,16.633046379644597,0.7506242848062705,19.37671255199927,177.22341083381338
3.0268447883639387,16.92525398607188,2.7416586565857717,28.371910943256662,195.63769703292692
4.34513609244087,15.224562210863656,4.942723609807661,25.304907274618692,187.11251795252818
4.382173855779713,22.65826361838098,2.860929571509948,26.114580275357614,92.65513348168484
5.579060335174545,18.266697683589605,3.50774350150273,16.913189243346416,193.3409594883475
3.8309013231961973,16.98494754764544,1.156685012227904,17.97123349829751,167.26593723433606
3.598236345759395,17.985941066016007,3.3425824530835624,25.310547592113664,207.13993134502073
3.9977035293376884,20.683117570520388,0.5580713939580236,15.5786870860844,157.54260885403392
6.717426348649742,17.354381544007705,0.4933165251538593,17.32010006545993,100.89460602744579
5.287064926432668,18.121853171443913,0.048785101879630456,23.967199892314238,155.19725108334615
3.8054799576295935,20.228824502520894,3.389451466530886,13.421881032925254,160.29966853039335
4.40502643078107,15.99642813826114,3.714870661156772,27.69711052740513,234.96034408047856
2.0659402748929527,15.818176475835168,1.7147277958469243,11.007733294507522,192.0836435043087
3.4606302832750115,20.174183771159182,3.7408561455221205,27.510373975929117,135.3103820627405
4.57331824691993,22.800186836689665,0.5423494170351537,20.17908413894419,126.94446302408168
3.877526128218476,17.271579090528412,0.02587587952069608,9.634811532416714,169.51853811931088
6.610867000133595,16.911082858580208,2.518199079785975,17.622229409729567,136.60803285182428
4.208135465045091,18.611985922639004,3.217222411861067,18.841874413149732,124.18798960843674
8.067733080835836,17.861995349150952,1.9839794273141569,23.615336517614764,147.72811900134096
5.012824068437153,18.99877232553093,2.832978550073184,14.358191596984836,80.68769005740855
3.247358820477444,18.321392809328852,3.753243004133636,23.435555328849933,181.91018552598752
3.9692847692979094,17.452799929725412,3.6914484769760354,24.732566746544638,147.80730400113242
0.7387489547603185,19.028781201469425,3.1510859725929534,22.238720584623504,95.47187902987378
3.9818810135301432,19.864190339325365,3.3098942123057316,16.08566522768023,263.13254500653767
6.3256579969788405,19.120449649347545,1.8742963017697634,28.33768566743042,182.58373157599934
5.12963009234105,17.8537009295119,2.9613591351777697,12.746214598584531,135.04667668912725
4.116684073700307,20.089145110197183,1.599472042168636,23.636451083813647,136.78994807765304
3.1972207461388753,18.24860990204293,2.049350612013064,13.594555350626678,189.13954175888807
5.045705380463625,16.583201116877248,1.7564719783918707,26.578905967125163,167.67649050238333
6.1067082236063195,17.571679493885192,4.137754190661216,26.360217204981396,161.89731804245054
3.4518541801320675,17.336102583159693,2.8786746444572557,20.820648584086097,152.25758574818437
3.4966761697036675,20.955770963202617,1.8511009557893219,8.596564503682965,149.5273147786809
2.5185032343104536,17.643626699872645,5.076172986563744,18.265418462006284,219.35749791543435
4.18864897284658,20.019385055761212,2.027865007269837,18.51139184318456,199.61090506290722
3.029112510203524,19.49651794634545,4.5065457671471085,19.16725990378,190.4516229782275
2.0559844049433678,16.755354801959378,4.75428224894677,25.997746451092596,159.51876107043847
1.2352946337640411,19.820036328060638,4.144375778615051,25.05374698356099,207.97323629290082
6.335301868927875,18.054390467666565,3.3306612306236967,24.546003261316304,205.44156475398992
5.85546519958453,17.533792346731694,1.601217170342886,13.010213483898022,179.07069096608973
6.8123312024904745,14.579662064109709,1.9055347356668506,13.56458271319701,236.12981295922836
1.3234828004032353,15.90714708363511,5.91506542525302,25.01757172821572,197.31656339834637
6.629996390230636,16.010505004774856,2.3176583749565203,20.449398666016062,241.051204609818
6.129312741385325,20.133071040320946,2.2734972006161813,36.993075998124205,161.95173688688257
3.01822382308909,16.64877454926863,3.0113239297169634,25.210208998419034,190.13404784394172
2.4689148686771505,16.344209014091334,1.7720484652317712,27.538573314156146,121.74210675394491
3.9816132761127863,16.12239331199439,2.7049864755264026,3.4043157733934994,281.2012001744665
2.1532754282867517,21.447161750192407,3.164007697731051,8.449982356506943,186.51160785449656
4.5005712629718415,13.98440497160211,3.6686451611042905,27.814445358663324,250.65458187838993
2.36117879814902,21.227333346141815,2.711447038653817,19.47063409603606,217.18922589727828
1.9739716270383412,15.745209547144134,5.8318826688833845,23.899535616043288,250.51704323110616
3.704804718285233,15.165387341498754,2.43685737577106,24.097050335836162,17.6951477727493
5.50736061046257,18.766725364035405,3.0307865082714334,22.78321157117411,243.29984267550628
4.742757108201948,16.63456576605459,4.160534222519135,18.534295879702388,143.54525734308686
4.006972640078148,15.735437597283076,1.6762349393554967,24.26100275298613,200.1352871507961
5.837977450587814,20.287730162873686,2.890801222308696,14.511523212995172,226.94157048414675
3.104383662571145,17.10458941414808,0.36419533360700906,11.792431373646396,173.0669876270924
2.5271953925989203,24.224844812299587,1.6715137334318622,13.488297919350039,168.60025443119991
4.760957157369431,18.961845767967354,1.7970874490106452,21.954956017502194,180.29452430634038
4.392750988826595,19.057618657064765,0.7605038319430275,29.35736294041621,212.993970897984
4.883084637628142,19.003759458872214,3.3326805887830466,11.324826810130293,170.02948357153005
0.7912933128011334,18.092294111500077,1.717358532100428,21.662622804321053,141.14113381372368
3.889488326971303,17.686837241740626,1.3590791126476593,25.981500560038466,122.08695948164207
6.346457669436133,20.799007905258655,4.387626714906365,7.4695443481109915,212.0772465545537
6.309103090700697,18.714341754792766,2.17587701638653,18.004067691651773,229.48367800587212
5.594985143008847,20.549793169283266,4.031436240601563,19.930540576160144,132.8765681749655
7.9127473346895165,20.74352389232018,2.367029083192399,19.839654175591075,226.52335624067183
4.460841223345644,19.05906163786454,4.766269855185864,17.016695267169187,164.27311634178656
1.2967850537271906,16.86972038848173,3.860826108727603,35.55164277153654,168.25670812395845
4.430945572907117,21.642451749176285,4.4157182028491055,23.466744826250206,178.93651335137787
5.641618199822779,17.512115399662637,1.1273879208427575,21.13201539237018,234.20856817099056
5.125058878725629,15.423462993791844,3.0125416243607868,15.99533239860799,235.01612273136192
0.354217927690253,22.14855982714623,3.6511475492454792,32.422596621942944,169.95042475644343
5.186234403526637,16.019163704492673,5.681441230433471,29.565000518766155,199.63352862055325
-0.3804401399500246,20.246026814006743,3.9302703762700126,9.95287126682502,238.00801158421487
5.228932473220844,16.88332143774716,3.5192713675114704,13.271962237415185,160.20807523590412
5.534255742174712,17.67775403855689,0.9999764206273969,22.741752933214517,225.633566809077
6.092802465608826,16.31386438966147,3.904903440962437,16.997249192001853,157.99234371285195
4.9343428760743,17.26861842773421,3.4872759484734472,28.73001560065548,178.51176754749287
1.5489413456702372,18.253553339636937,1.9633648900299685,13.677583361753527,125.64989849932864
1.3112365357694056,15.37697151855412,3.4395424997010045,24.912629139635225,172.06124984449522
4.4418071944693,21.602126543211867,5.332324685753935,28.064837466139906,181.92230494091862
3.8264315872036083,18.960131566185392,3.2525239852862344,28.109783329464417,253.9965859153838
5.243352450947137,22.038263150207367,4.498880791843579,18.746594780339475,111.9291139021441
2.083117189355041,16.34804101052161,1.647171310130052,18.407750833020348,210.72789980106626
5.5680188168616915,19.54793126095477,2.947966930143504,24.721454375602654,74.19235316148225
