RindFresh,RindDry,MoistureLoss,ChillingInjury,Colour
4.5609779173082705,1.2966017004692778,5.712949265389264,15.408265327619782,0.6092352262907957
4.39376145645569,1.280754544361318,5.268383589838932,-4.763535623403061,0.5400201163875661
5.4131372223508185,1.6324872420559917,1.989147719248788,11.569911812771027,0.6735658425926829
9.486721792951837,2.934214817479409,4.2469083205225715,-9.794224632054513,0.6322029409831241
6.565162791052049,2.0436701558520696,4.005245590860857,8.868792206915199,0.5612140593771527
9.56375119688841,2.987172826195753,0.953251162064642,15.32472823597567,0.5129905870377153
1.9696124854778712,0.8196365815900506,6.236054939566251,33.731851807409875,0.6901232613036183
8.62161965142204,3.278367579599329,4.031901674557223,19.722402279931035,0.6271835603762921
10.956018019132108,3.741666267975288,7.203825037471343,1.0238855571513519,0.5338574057409528
5.990122881539903,1.7729394028112262,5.4316579121547965,35.087586514949756,0.6543715095681562
12.51185514373317,4.135196803193396,5.516797574289856,5.830354900639966,0.5075051232727225
4.546431607827457,1.0288547102536854,7.537102270281729,-7.717500930878033,0.7624448778119804
5.602306650033793,1.628774201233521,3.990976681363933,23.057336322851338,0.5836301525168117
2.1407813699295266,0.35152418073623337,4.359425783397306,5.506899252323382,0.6914533447426909
6.065079629558246,1.7028422831190562,2.6631190929480835,5.815250315535314,0.5118766299767435
3.931455656201548,1.0780134826995758,5.449338924043775,12.939833986027672,0.5904484035645612
11.8338829202826,3.8923853131897417,1.9419392057538138,-10.710791095283627,0.5432292969005496
8.369141651131185,2.340829328915551,4.381478932163279,33.66006937850027,0.5955451436982055
10.678370717532607,3.1259050718666,4.2948746713697235,19.29663367627035,0.4054174573094379
11.366153041094352,3.8230488957826516,3.876710127191531,-3.5548164824203936,0.7246106843223299
4.284222038717737,1.2843546910209747,5.874208551399336,5.655315378012488,0.6070425679645406
3.262877074884337,0.5673237864865008,4.091272208426258,12.32055688218668,0.5973204418691018
10.915924182471487,3.9670446633801717,7.830820326560642,4.990786707457129,0.7835579392368517
4.762950414450817,0.8807118147890844,7.469981093079651,-9.727714525712452,0.8166987668908618
7.854466314226237,2.0020735203547146,8.353909998177974,15.909279239651676,0.5635472424356333
5.824949384538752,1.6930814894497788,3.6747703568062153,19.382113545979426,0.5461391555195152
7.194261470894996,2.2018697809933716,6.367336027707623,2.611483648483072,0.4163143882950731
5.91717502241174,1.8717232647803568,7.291608477224826,6.380156112258847,0.4701107691389225
7.982953789470405,1.9664185090300565,5.167044719536199,29.361014179178156,0.6214913905767312
5.610790813540578,1.6247642142827248,2.6177368786885196,-20.84379004525826,0.6659625043101485
9.008286632037269,2.6552640008859036,4.471440168736855,-17.925572883890798,0.5810659877222831
5.143069591356911,1.5642844647231129,5.254737199778113,19.787931421921808,0.7691431938922677
9.186631927664935,2.8585329848159797,6.634183468002644,4.819004261491831,0.5865628790780386
3.7975991282207966,1.2456476338687206,-0.8198816299791123,32.06418547472509,0.49315939050207647
5.809099865334882,1.6891590385849862,2.3434342210170502,2.7507258894954183,0.7150793848082688
4.600300191262989,0.87085022876517,4.689416579299457,3.414220298695252,0.6128907498866395
7.583307718704749,2.0723469050209564,4.905568254674397,16.616758639392405,0.6698672981187892
5.580008497613986,1.507859980344357,6.645870727265774,-5.390874371638122,0.609696472701842
8.411601908204556,2.7189808353519576,6.202440302974336,37.30332239361613,0.7182960490963474
7.58843178692894,2.2620311633967654,4.968023091772511,0.2128549399041088,0.6054794763030462
4.720933416384729,1.5679762614419948,6.137746137432847,14.365732146606778,0.7711290960482946
5.587243352235462,1.751059014878188,3.568755738999169,4.160103792783095,0.4450625934065552
6.702757115133116,1.6058048084443246,5.213738758564669,11.976306412238655,0.4696170042652872
6.083457078637921,1.7833408771830235,7.684189077289777,-11.764473351663142,0.6383238920880577
7.1450707122568025,2.333792428423391,4.373354865015208,32.25165825337656,0.6302771922767822
8.126072814539073,2.6372606760517225,7.5926822653909865,9.678458176819362,0.6287953306233485
7.050881772182614,2.2863675189253856,4.810138103795894,13.73314161669333,0.6952997153007283
9.329728143831474,3.297621851022145,5.943279864517281,22.8710107483427,0.7000995098630175
5.1522970915311115,1.6939625292008795,7.016601795273671,8.167995886616218,0.7008629368447375
10.426101918463738,3.326751639243555,4.479835294698466,14.752520749468628,0.6171467151817267
4.652955047179584,1.42660880113299,4.680126179873104,-3.8234391803886125,0.6846328576258848
10.579308588569107,3.2925577480931305,2.9401770743728055,7.486762669503915,0.4619815185790603
8.797074448809397,2.6645012867991613,6.694859965447196,23.442559975170497,0.7926135051460779
10.634542741902457,3.414215159243383,3.7929115228787804,-18.09744078276919,0.7150547012749298
10.326046434938206,2.9854740051304938,0.9240728399090523,-11.674241843700967,0.6293044057072449
10.909924777131607,3.7130216306085746,2.0358047638154293,10.395174022367442,0.4246727767035529
3.7151546250803054,1.1135573672701478,5.699261036570556,-7.6006459132777815,0.6085397101282909
4.018159328722046,0.8722050178047023,1.0171858854721578,21.335339802368686,0.6722380925024821
5.0735356562784775,1.5346925295309555,4.815091026395455,-15.715615408623938,0.686698095334693
9.990496881539054,3.067703974042347,1.299681138559353,1.149872254237306,0.5599770386970946
13.395916019178047,4.179036470231501,5.638437335158862,43.25585182784566,0.6030486528061573
5.605136826993758,1.5335354513545312,4.807412106302205,24.749492579955632,0.628199765925319
4.625695703843692,1.1993544879848799,4.431073665159145,10.677743589277426,0.8360018447735604
4.610728920100157,1.5311638363243554,2.0737498529847844,13.450277632510392,0.612765614285763
6.8575426330486176,1.8206300826552262,6.609349718746953,-2.8696112333924173,0.47291266894945844
7.713041817462092,2.4570934136613416,6.505591464333145,13.019863680830243,0.6100168114036325
6.493339946149916,2.261809315178423,7.2979246548374785,-0.3763498156911088,0.5707049844654435
5.541464338794825,1.9866401207138646,4.93568641800774,7.212226336386577,0.7130395413235057
8.292605186508482,2.51818570735089,3.2084024602761034,1.0709866333236406,0.6880001916900554
8.25998119635617,2.629211248125342,6.854649539903685,0.19630381672085445,0.533003994488817
4.7818751463375255,1.274828934354523,2.308991612289887,4.594265126403855,0.6153708136999374
5.009384860589509,1.7313169699883197,4.778871309636553,23.448884897129957,0.7771545844557625
8.779377734868376,2.731075970740776,5.475695249269865,40.82829600428981,0.532789758064886
10.615897154390593,3.1449451219384983,5.378048853955665,26.62269916954415,0.6289838117871847
6.5412700617494,2.097041127228691,6.3340265841027446,18.14134488793695,0.6575562171233309
8.560259773384603,2.8878477460589975,6.872295302448568,-6.7635183980023665,0.5416604462094423
8.422039687072722,2.7499095707731884,6.926576761679771,-12.540673014204536,0.7700228329196861
5.1288661770181685,1.8071182584422043,5.922936165469393,-14.092127535621254,0.5376700519650035
4.5508043679676256,1.174200147453063,5.823262989150795,3.7491464097624876,0.5727465225532046
6.640205262317282,2.181310418072194,5.097081363584706,13.286179682147772,0.6401114264604303
5.626393411263303,1.6243856130450947,5.293821960000774,12.023544879403433,0.6516421610122065
8.682104089509151,2.4073706958203633,6.238989921175401,9.910193162980402,0.6916519954163467
3.25438687885343,1.2179967580201094,3.8942051806980773,44.59687638810092,0.5347326583419151
6.048954686078118,1.9415176797982832,1.9192061496565442,32.947921583976495,0.8072247078134464
8.827267831134845,3.008431867648145,6.109293595068943,-6.751149614660069,0.6699225886678251
6.5554641540489484,1.9450079280402257,7.093151180435586,14.479400587557421,0.599291004313918
6.571151102392523,1.9160006407343138,7.309304076328688,4.813055138611855,0.6078355291609825
6.758092382397187,1.959386100332199,1.3522906701790063,6.984914937712009,0.38714674666738996
6.381816342590171,1.9958705491891293,6.2971683730430605,31.5345852724234,0.6107342023987096
6.470238280735411,1.9223836842138717,5.193859578316051,17.076894528245163,0.5624120918610706
7.2391023488178226,2.122042687399465,3.107061928235876,2.3147449247934153,0.5946366174015573
6.978167084917398,2.2115156879493263,8.540744368026923,9.712835342720387,0.5779935523840575
4.7946927411147175,1.514344829202999,5.8593462181858476,-2.4351380691748195,0.8036381186489119
9.963272733252772,3.0789026823305172,7.436904058935943,-6.861220323960351,0.5703027356579703
7.081325342289633,2.186045149604601,4.148241126891276,10.531312627431495,0.7796888683358945
8.042028847586057,2.616723896949142,6.3255223719874705,1.708304101614542,0.4211768155345579
4.46755164791502,1.0019864427838998,7.357971382952898,-5.084230891005105,0.7151500783253596
2.473809784977394,0.7133060113186924,3.089191176130802,31.458017676823996,0.733971494749498
6.325738093522914,1.8559032802925195,3.456431572975882,-26.450604214086788,0.529942947478294
8.362675429212938,2.6592244115474166,0.33721274962441966,23.105814129634517,0.48792301303348024
2.839843684492889,0.9013331890427495,3.2144330776626653,-14.936451042570573,0.8036224851473383
4.739082707869851,1.345750362780259,7.476510318213001,-0.6677083080887641,0.4288791888970477
5.637008596800878,1.957150579814905,5.871440917303528,21.364655403086523,0.5751740986829079
9.599912734511959,3.339935417980451,4.500287551367843,-8.248842703976031,0.7790788562838077
12.104238040032048,3.9565342454306553,3.3110884375348015,-10.745082914527316,0.8063241263368393
5.792693459839247,1.654328489964697,3.4466205067036717,22.61956427464345,0.6811441923348973
9.224702394689421,2.7082798559426706,8.054197619989859,-8.76081301610945,0.5154560154386091
7.877381694519823,2.489167085322582,3.1340626858226406,16.67288453018383,0.5184078724215083
4.716287656687407,1.3364059551047982,4.34349092881521,4.0985438443023305,0.7391571612022131
9.313922221277215,2.7267947807742594,4.840597995313092,19.126582347666197,0.7175212642536958
8.480224151424295,2.865733549891159,3.6477306480825575,2.8328692658706367,0.5214122747232084
7.3647566270441445,2.143226705955287,4.046855455623912,-12.062008853975211,0.6918955604590953
6.345935170273098,1.9261944395593054,5.667183016644978,15.896917821969108,0.5039478061334406
6.731608012237378,1.8865146062426603,4.594909635731211,-23.885673642388895,0.6654371572533982
10.28009808922796,2.8802216788176844,4.526325367438861,-0.5502440152214342,0.610494629420565
9.51205595252432,3.0852245519346337,5.740593940635894,1.8663922373099335,0.5868577854687692
11.325483930445902,3.6110046127076334,5.729786678550217,2.0411044856374114,0.5764731434970104
7.777747709796446,2.709268663120239,4.115821138579138,15.384971703602453,0.7556957788800874
10.633598677937705,3.4764615262150835,5.93175753717698,-7.617057943713149,0.6710663836165397
4.654097678398975,1.1792292425774409,5.773805872672928,20.409264748040485,0.6421240366245357
9.405394821212505,2.9200036682300072,3.0304226584867493,35.444600155610374,0.6225310472329182
12.141940251394981,3.718295453385543,5.5967674180208125,8.039005816400536,0.6284681368801388
7.862486007946302,2.3175701347270414,3.497020354079732,5.097404354253591,0.43145779184008515
6.6892191049865675,1.8352488678656917,8.624733600519884,16.592727154265127,0.6379692475299936
8.64853211140384,2.789634797644784,3.357630951093445,17.42620699947586,0.621253033552616
7.5519273759477565,2.499378140160173,1.2871696683870282,8.156688643794185,0.580872209290399
5.4295590787923285,1.7230915504971895,3.584974079230145,-4.482902958086388,0.6390941455372932
3.9315736788193183,1.3023174898856515,3.975329240592576,9.971188044032946,0.7702550517290284
10.606717203093476,3.245728456993994,4.69358423835506,-7.077465562910703,0.7126748382713786
3.715741675584663,1.1115201115051834,1.3585029304426546,-1.6697429147863962,0.677759059365751
6.877408125379527,2.1566470140347698,5.755320114200449,23.941148393750296,0.6993740319788283
8.044681869688095,2.3311684933567927,6.404843280549031,17.44392003283648,0.7955111984423543
5.575788431173906,1.5419091482006029,5.4871016847508916,1.473294781414989,0.4847087987243747
6.683404518400411,2.478364089847907,3.869944145911568,21.6458363523132,0.5716371054111633
4.72310086594083,1.131479865917197,3.778803375502821,10.305833379385607,0.6015347944099397
7.910422194602839,2.486212748621089,3.898262493995663,17.08052197705649,0.5416870827946335
6.880701623242251,1.7358061029145433,3.6350254163943245,23.816461613862717,0.6327137516732733
9.262431585170905,2.7904507665644274,5.619195399500389,9.452736820809097,0.5231880138794857
4.977408178923232,1.631589452361681,5.402451270738132,-11.070311046021539,0.7788637387255032
7.5420767197690015,2.4289189915695446,5.18214447115582,-16.286082152708033,0.5757933163915676
5.460425116866122,1.9498470755125863,5.9514972370030685,2.4947730005454467,0.6097890271828971
7.845626539367271,1.8530155893700297,2.922698944870708,7.4171663915281,0.7761653122625343
11.041320820970801,3.378042131913446,3.0627697365839444,-9.220301925498047,0.5088267989115486
5.080115372761016,1.5191029057977161,6.0418546013580405,13.52357985692246,0.5722722937415651
5.612245674192919,1.7928957919342396,3.324592837455347,0.6622496409136907,0.7911196794823856
8.519585091778453,2.498942957804479,2.8011151291463694,1.5115099710104445,0.7089545402756592
4.315011258022911,1.6071145097389938,6.245793047995574,19.69927142457127,0.6189750299970286
3.171236356706349,0.7296215413120465,4.9912403142924555,20.489576831791013,0.6361467870971923
7.94771172849977,2.2192554263867645,4.803412941789193,29.98530692805832,0.4865016294235309
6.936060748137152,1.9031910361343405,4.203775009511623,8.493404325716018,0.7405213918410389
9.460654569865916,3.3408609594672756,9.385099225897733,28.937282545484862,0.6213144674179281
6.567012377008452,1.7780887187282768,5.3546458380982305,-12.194025045148704,0.6481647501355071
7.0754184014082755,2.3513911522285595,5.977710288692896,3.6735682336327264,0.5153893336662367
4.850782556782564,1.3376191830125426,5.697110872876349,0.4564057467278234,0.7631024085989688
6.940211821872485,1.9199064760809748,3.816121412932492,31.513757533709683,0.49780714881982313
6.6188862009791345,2.069575253384468,5.282482622459314,-12.027874779883174,0.6343916980810386
7.406031805285269,2.212664419509995,4.568127421728112,21.973965979193903,0.543954160899725
8.271354007724003,2.13135492856303,3.308017010541687,18.63099110480749,0.6329986173679842
7.16413850712906,2.4488130742027185,5.069424329661866,11.3955798188621,0.49571599882915685
4.56298550476968,1.323586012844515,7.501842040758322,-6.709746154536255,0.7121034020640457
6.891225747147354,1.9305012650461038,3.7884053363858383,36.57927822629509,0.5792509362531522
2.431821318314322,0.5647029197984103,8.450505663961092,-9.698859041185328,0.5345654094169604
7.7991889546668665,2.2434750482765224,3.351672928090489,23.20273172841896,0.6283650784369488
7.1937714476810415,2.0181813481903594,1.399881362529867,31.474817884658307,0.6656570281202858
5.258374183414024,1.4079337039714117,4.889037285135392,25.912668549285442,0.6658943173010946
10.286943189671415,3.11942782209215,2.832680480426373,27.03983219938139,0.6989079106595645
5.499537284214396,1.8496498429937682,4.318988806930303,12.971347584954314,0.673042547397181
9.590829077039364,3.1241415906778127,3.5285093542715407,3.1984581408802546,0.5090032928297068
4.167411614789626,0.7662851268417472,3.4733899926953535,19.132353155225967,0.5684431470687598
9.798401946056629,3.2148481203812946,4.441667678917526,25.382341653278996,0.7194786842526801
3.7092343881786234,0.9967156616341244,4.874187280037858,23.0036412776055,0.5776526324236367
-4.215684409999175,-1.4960537706875927,5.982508299209832,31.618019077453106,0.5347426862269071
2.0685114060448635,0.5639234489215703,2.5036000388266837,24.137310207175833,0.718225924641524
4.90966495520715,1.5696550567451277,5.114140767053189,-6.681428643163797,0.6819705500354715
6.199381263491396,2.1256166334390336,3.9131552654406443,37.577380203743466,0.6012185577080841
5.249742226069086,1.9142937602987802,5.098060333644587,8.97263497709723,0.7128669974116579
7.001592888749428,1.998177581386136,7.523268936915515,34.783864291749154,0.6502456962387262
8.850046786381462,2.3964293096124982,4.53110406619414,-1.895985530132944,0.4945643983778885
6.755018528417893,2.2599834352317236,6.614217797212446,19.94976231611873,0.7014842042086902
10.985761610926836,3.292932518781836,4.7251653090549155,1.1430329235075607,0.5798145584267346
6.376116653403089,2.125226835731752,3.071841482023707,17.95980721483251,0.5409927454113643
8.900525817462926,2.698873670706259,8.288906296313924,11.436243950079257,0.539702928598241
5.794243409007973,1.72860783699016,4.890089427967394,6.519812925898754,0.6514103643502217
6.727677853176855,2.4310392701006194,6.813377988312503,14.940424772679515,0.7300561853944679
6.044161064612248,1.6194063598914226,4.219167254224735,-1.377108929857774,0.6416353260873423
9.424583876353472,2.62265181991725,5.1032529896924785,-5.311017784636256,0.6546806519768771
5.8883510302735,1.4609457363215825,4.767255593905806,-24.23245405817138,0.6087162585475167
4.5861244113161534,1.2516837095926086,8.397773097636206,10.864724380726326,0.6600683763098671
1.9797294565928167,0.710911235651175,3.511601905824157,-3.7128526285563965,0.654921532376882
5.57227244500563,1.6486447622233473,4.2223659694619755,12.083943212732786,0.5947291089244376
7.648943920095263,2.327575241010979,6.64399021361659,19.59281266366039,0.5650902472038809
6.372446815384246,1.77514362307406,5.7203262348536805,-5.726065904012003,0.7076195924719894
6.516108982691802,2.0238865881765413,5.804818380938119,-4.844702199932927,0.6693422890990994
0.6458741006943751,0.05407350151969728,5.222144260423138,-6.922823244379433,0.727564814076031
5.513374232359515,1.828235356736207,5.725571266881261,11.887441609577992,0.628959099547334
9.79811079456445,2.8772455117414286,4.022778451003901,22.390986971910618,0.8109819936330709
6.343783676779486,1.972556945808216,3.9319282914351423,11.858408371821778,0.706648991285941
7.907522651041805,2.5038185648767604,4.878397589564076,18.7027611501263,0.7776008711037158
7.636054286852857,2.353974922278642,5.883649727217375,-2.7678871141458767,0.7342611265683204
9.502820534397868,2.8913818362868384,6.025307044294599,0.9732817646117885,0.5167305927001962
10.944918109110164,3.3520055169035143,6.609969867879345,0.28130980480089585,0.5838541698616542
7.341870467899387,2.3317917303664664,5.779424117400677,29.036507836618213,0.6906756363263573
8.300599122529961,3.0453139828316638,4.205536818987845,10.64352825994479,0.815938008196328
4.456493962613064,1.4749065679157736,5.329414441746823,27.635583570329157,0.5639002049185095
8.892317591448949,2.5185603477085152,4.756715495109004,-0.07727833198527155,0.5938216598985867
7.55239913471871,2.034214402422165,7.673411039690002,12.960882450351509,0.5433527942760044
6.932589567465634,2.5785105695585764,5.108893942615536,11.270676679771993,0.6085456712180217
2.5160102591235782,1.0167558715935652,3.762177169769379,7.035399087780616,0.6602168053575306
5.934307525938666,1.9539602379454037,5.57466155534279,-19.34117901935184,0.5545384576866755
6.526463101409511,2.258371613376043,4.722183526329574,-14.836034069816384,0.7105267945977524
12.228281582820516,4.024187193291908,4.631739395110941,-3.8440377502463763,0.7238566313474124
15.252268050938298,4.825088534975329,7.141497124172302,1.993088555024396,0.8075099817824117
6.661959274458573,1.7884678084489,2.891232925265175,26.296322663755724,0.5519946272484519
5.882387831524895,1.8379192191980105,4.687881915980532,0.949977162966933,0.7904316331849629
5.692906073353346,2.061956727341368,2.9031037664104002,-1.1247205654657417,0.6474786025756707
6.954917713727963,2.1656764392123518,9.134410295354678,35.23559618787003,0.6576251149957305
5.594965437876756,1.2595747018709489,6.028267876051234,25.836320844895557,0.6120884737075125
12.382791049471665,3.4292817516141154,5.03291671369927,1.1655333649264894,0.6229790390072502
8.692710021420776,2.594711071197644,2.2603450282109345,19.075790693898917,0.5370943403874544
1.9966856485580795,0.4369175305870018,4.425505532869719,2.462495303094619,0.9385012542546933
7.014571209139525,2.385037647465017,4.955418866950639,-9.66485314800009,0.5848032062878257
10.711547993572331,3.0008011353084987,6.152673298221084,-10.941168992401305,0.6068722012825252
5.743667077321202,1.7409617785163347,4.475098804193924,2.486223802952159,0.7731133458688432
3.9044252212620236,0.8534581799472655,3.148105044571588,17.487595214355714,0.5355599617155722
5.799237915476169,1.4816472500989495,3.3528579272966024,-1.389506091144603,0.6066083376635919
7.157121969915081,2.2571252855063433,6.131795569841377,-19.519859449841498,0.7875641796648671
7.86283941368055,2.4502738181984496,6.77774483359422,22.45855681308753,0.5712436799897593
7.374522891304784,2.4898786799220645,3.4693231984478334,15.720478738218514,0.6764379259322197
5.74152342626254,1.1877426803011013,5.925319041369917,-0.7951539540278192,0.5334059573383616
6.802690110969647,1.9726614063485624,4.319930441321126,-2.4498330393809313,0.6016179647649038
5.825272496073671,1.3774611860175487,5.973150059251248,21.525293322193043,0.6777503425848609
2.813608608924526,0.582911153953809,6.74396811920247,-6.580193396734225,0.6353401703101423
8.19619535312465,2.508242336115973,2.3571357413537717,-5.792371294397179,0.6354407588466577
2.283597608898329,0.16653205410946076,5.684726392172576,42.6302282230387,0.7509709514123868
7.642755834201391,2.607871619662289,6.909532970823273,29.937908232687324,0.6317976462375525
12.156196823317426,4.122705235308651,3.6966088787141818,0.3229620252697323,0.7350166567724049
3.2848065796246932,0.8181346371837654,4.51653617043898,-3.511722822523627,0.6078270984325606
6.099058439165974,1.5835597650074456,2.2730749852617693,-0.03135320507150134,0.664063041260389
7.485012229355615,2.4621514932217683,3.9266482741834485,21.267402155417784,0.8248402451445368
6.129630555962883,1.587139708019289,6.613814922671832,15.47245574524177,0.733212560096963
6.665243560952097,2.270810347320863,3.778769526772309,17.976081564494113,0.5646801569147611
7.838650777447712,2.2188597829618595,4.594637756904343,-37.93481143993182,0.5432201870219501
3.774043419320209,0.9748426715182806,6.098657116688224,32.68969705478445,0.6513363837052282
6.9386953199749355,2.095403636869257,4.886165705625143,-7.359130172190034,0.5692598421067951
5.499701537775656,1.4879313127004803,3.419219690358761,-24.82125790340588,0.6017064445055077
7.519511753762166,2.479580246734347,3.9730284356531373,-0.8511915517058412,0.6390180985206745
5.6728807633002285,1.4530549304902376,5.811564488711463,-6.23944846065107,0.6782609656540909
3.772953854963354,0.5755882055791036,6.551749730332324,3.8992851579756604,0.6738936764479776
7.726761588012731,2.473289083472849,8.542498777797523,1.2494496520961746,0.758325947047027
7.9573266602748,2.535890524328319,5.984337432040268,16.747697054508226,0.679886482597522
2.30847452123884,0.5365868908060389,6.03484833098099,38.97009478962549,0.5823321972796743
10.62993973545265,3.7505282732413523,4.659602493554701,14.148311790674942,0.5905370592904845
7.951228773682118,2.253943736349561,4.449576943580228,-0.2835887717792411,0.6994429169718938
9.915149313689668,3.4801055804632557,3.9467006306371912,-15.938848180286552,0.6076806962007463
7.066904880010686,2.020514120330692,6.429161726536609,12.456061091524026,0.6467511974422924
16.545057147612898,5.570249345763634,5.425341096864259,22.33482312083593,0.6127940708757734
2.2673846205096417,0.6911158039690248,5.849944583011926,5.861648270576531,0.6067027931034011
6.911697128889614,1.9878697755780086,5.383661816711921,11.045948353608926,0.7188084200706075
8.437230207404374,2.4072738544181846,4.101202065088939,-9.163956423826866,0.5540547696110326
9.720296852749941,3.1286025071248247,1.193375776923435,2.713258942092826,0.6685167116621965
6.783820567192682,2.2649105853889884,6.5179601347985425,1.2564360939530939,0.4975504314305283
6.976997116408504,2.3141412092845552,5.789262148475582,15.373811855650766,0.6725153235067562
8.185465861867241,2.4292918659346996,7.016762771396064,29.35810760282474,0.5575967214902787
11.020297545327539,3.5414610623432488,3.5927399553526644,23.68422752831799,0.5753707770445643
5.699384118594072,1.5626344577495344,6.049122893066276,24.06845049742493,0.5857519586821796
1.4701173545622364,0.2256830189922511,6.5377768862697,7.566550909479311,0.8211806929993067
9.563162769923768,3.0375923842344013,4.402089219180195,20.16108440080224,0.6348956608519085
14.035313339270477,4.60363932065325,5.008464881231054,2.987536889875645,0.7433955775387615
2.787520815341552,0.814882314134327,5.666076237808968,-3.6751272898168725,0.6661571937079731
7.9847128770125275,2.2319038176954327,5.270108692611003,9.091597321839751,0.6839401628384635
9.299076608125974,2.6531272499812673,5.823890656015184,-9.10261455541162,0.5737821557554847
8.633799907640208,2.8592952647221415,4.531501916992388,-3.0732969400973813,0.6079720817794484
8.570021000004155,2.5989594499101942,5.700222318304077,-6.404728961153101,0.6436477227290295
3.983364713244011,1.0764642049893294,4.853885268706374,-19.959093907274422,0.7201441149883303
8.023106892601186,2.6019861029246045,3.6631189826979558,15.672512997843343,0.4980294475040498
9.707719652646565,3.4243123464933287,1.4782984738922054,23.361175906569812,0.6638966012484557
7.415071666605073,2.526865346907368,4.143711251896275,16.668055937465677,0.589527673345282
7.846136641434477,2.0691585816086926,5.1177775012958024,-9.181673551655189,0.541159568332521
7.805290097786011,2.292304154890703,3.1464598265472667,11.47970578368261,0.5736112479155041
6.119410948092946,2.329389671001454,5.350982752969008,25.47971565874427,0.6456569137412896
4.289759916655246,1.2286439331538732,3.3580834501290022,11.224877027249516,0.6327225968561423
6.220566898395745,2.133084680186081,7.006259549559083,28.97087933893983,0.6143553819387968
4.58605269316864,1.3062797169639515,5.422047086565654,-11.484454048260853,0.5824224082224247
8.270711795921544,2.618764588313443,5.792371417886058,-31.594657387215335,0.8200807738461803
5.837730005722517,1.625315097813411,6.351695594981435,23.184639407992876,0.5105497372606586
8.670378229134272,2.7710952885811246,5.278243950413731,1.8401291511220015,0.838111374265819
6.241492561762445,2.0063322747371974,4.380468320438531,24.752925954394186,0.7153970710350022
6.612765481235291,2.2104565251609,4.725041143614987,-20.518165977296206,0.4912900087483139
4.575737843951464,1.327877218765222,3.0863939868804664,11.267778120516828,0.6867100117852077
4.610845694690143,1.0925092704469141,5.248543355886839,35.74698346540921,0.7211494943596863
9.056443972658021,3.0157522954580434,3.6929716519287927,30.822361444442944,0.6762947580365131
8.922614467032924,3.0251674964492445,7.195591123717013,15.544862147591653,0.650541414853876
7.377121720403902,2.2288616254983284,4.04020219859651,4.917583340887157,0.5530927568727105
7.0194317124314765,2.2572155433681846,1.8598194280063323,38.269375432662684,0.7944003923995221
7.268722990264955,2.159593286564028,5.242996251200617,22.02573808991652,0.5976922409838608
11.989202592702286,3.877077226009364,3.2621833062424033,22.495604083110365,0.64947653828535
6.765745614154566,2.728350850651431,4.5027354087687135,-0.7792452263660461,0.6051229892341493
7.572433507818829,2.429176891454252,5.4300619396782555,45.967315272362214,0.7110210261052636
9.054465449416952,3.106944425429543,6.185505354733145,-2.646458957334547,0.6164003140500715
7.865454909266299,2.880012066952478,2.444538884758945,-13.860327191003853,0.5238482154082172
10.157866293046181,3.141799164062734,5.229778471510263,8.184509336780847,0.6627591845264746
3.655663676863832,0.7858681622967856,5.337753368703087,6.014990841688437,0.79360333079978
7.40341487103073,2.5626897823293193,4.713536491836997,11.08828896919395,0.6000968252651617
7.280755599901105,2.3272040953890687,4.119508275958363,7.151591577900119,0.7298534091638444
9.780055174894173,3.1212174199803213,4.106638715037047,5.3486689029194325,0.7692175531435972
8.084812636129966,2.5196186164031853,4.78248146625316,-0.3138105334413686,0.5175059520178975
8.019455876741796,2.8276943061603914,3.042341716846206,23.40334706737147,0.4663049341460469
4.944458682830678,1.6273010368965453,6.376334942390506,3.7864737520226677,0.5941572586258009
6.820397673895264,2.16468052915775,2.2542230733510116,6.209349260936066,0.6714802273187802
4.543311230918419,1.1092112725557894,7.164017790928868,23.8165232722809,0.6004952975156385
5.112127321459484,1.657370611159167,3.9132619582972072,18.119887526838387,0.5815198405260662
6.479265345750844,1.6766656769730925,2.7897274910824277,48.617220552309895,0.6428618109908046
4.213753627633902,0.897325131656817,5.792393232805151,16.30133146749357,0.6533120209049428
7.6182244959876675,2.6632645538664237,2.503346667823991,-14.281063875284504,0.6223121852465651
5.126509267047241,1.2574994533534098,4.679938187374914,-14.293198228277154,0.6982237354995997
9.43922700025474,2.6646060442002537,5.433267067146108,-3.901264996684562,0.4182506547547651
4.4737082750801145,0.9773714222692993,3.8777252907399697,14.393127683227094,0.5935887795924083
6.033399160707697,1.4911995149307775,3.4789500667378963,0.6630720384691507,0.7397980485382968
6.64483119783605,2.1188965734739136,2.110932990261474,25.46660804937119,0.7255262068497595
7.3879240570505855,2.498120706396178,6.2465251734664715,10.05458015929734,0.5851265812259673
5.942368164785145,1.8749840674490958,5.761077781292029,2.500499407569674,0.5811701792649078
3.9173213538346046,0.9397647958553426,7.155547481993396,38.448506610728884,0.5394177343925773
6.871772658523384,2.0517858986174624,4.710191802046872,-1.5761272771855042,0.6703805079470295
6.650397525405137,2.012245027796529,6.349790904516288,-4.19467473023983,0.4552536339410858
6.878387894109376,2.212870297546429,5.6041134066330835,6.640307370930382,0.5854701286088223
7.397245446637025,2.2971228857480828,7.094881119594279,5.570874402890942,0.5973527530858601
10.273258952583326,3.3923646952135953,4.096924213183279,19.436859999587682,0.5295172502049429
5.6624261486017,1.6314424953693971,6.015067464935208,17.955422265165684,0.5257361104746034
4.09707754685705,1.3763471320441139,3.9907559520493896,-1.6539074717666225,0.5192150134625034
8.232305745469837,2.482203035746607,2.42737955638601,10.629859395874153,0.7023768127233591
8.902347886881063,2.915723356133538,2.2064918689964115,16.027723954860434,0.6196249002669927
7.681883875470539,2.520070386839403,5.29790812103022,12.966954928960698,0.5924754955069423
14.324399853078967,4.697363031657571,4.711401571329678,0.03915395818193371,0.5927498840345562
5.749552655124303,1.486050700710096,5.485011768232858,44.34340333783894,0.5899427845607395
6.2441989531669355,1.9879535682289424,5.982973971944439,5.8701547997476435,0.7565775535542191
5.738204864828687,1.9907993405810522,1.8397402915455148,0.30204407498019387,0.9253549117816069
9.120388424772868,2.7394038958903546,7.21606438983902,4.765540209113177,0.626883316898492
5.056542951461498,1.7718052073085806,4.822883452386708,2.188478015652884,0.5849237301800102
9.924141459492676,3.2321655887242278,4.242652198732886,14.665347516426575,0.6115023621332156
7.82915201398165,2.472568389868279,4.3570435100108105,5.3016926038011505,0.6021806348899909
5.46430692136948,1.668347004170885,4.882943063346577,-0.7046407201673418,0.6686138863583707
8.877629358807457,2.8082260923748974,4.846167623026834,26.325654357990516,0.5358772281793016
7.150066370269029,2.228249022559218,2.8463305746880647,14.903535256549853,0.7461595470609804
6.1108571277073045,1.5583995751328534,4.219666298964512,14.904254623369702,0.6710867336565788
5.42292228418115,1.9054169266844858,5.0512470104282,5.783927037753371,0.6010725467797922
9.055484394138327,2.5335928622415906,10.232925001677684,-8.562526813519455,0.704051833473575
9.463529410828126,2.8259779120469135,7.363909612646656,-17.110785973071913,0.6964362708371225
6.507176245850243,1.7197789614442962,5.649701635064195,24.500572193550337,0.5629887671195932
4.667379702282186,1.2601999237777688,1.9987172549267078,-7.122628633747119,0.7756384752030402
3.7844212833344457,0.8032542259804927,3.6267827083385975,13.2482621652485,0.6167137896255175
3.1787877239049647,1.0327431647420202,6.853001122691133,-5.920610318002993,0.6937771465863355
9.959546043881875,3.1454481424615266,5.561602349191605,13.76249849999253,0.6875944941901829
7.281883922335658,2.5180804652989384,3.1619505990013326,9.557146276240045,0.6070357453865155
4.0235638503990385,1.3054697275001932,6.728761417714869,9.70797622750115,0.611223219030825
8.746866607141575,2.6159729218254184,5.016778690414854,15.133385450840525,0.6845999183409137
7.490416312178692,2.2978832098954687,2.7753296316838427,16.03837077993374,0.6181754819147262
3.526325210256016,1.1567070239008868,5.342086761461711,-12.520831619394933,0.6057766467750697
5.748638967704868,1.4824639844496252,3.4181074199998713,14.69772988345864,0.5480579609313242
9.965203068893105,3.171276894382136,2.7514980954718613,3.936121833802823,0.7517381264515816
10.000920428086477,3.007303172961085,5.367037323772106,6.66383595802736,0.7389531729556538
2.702316188334316,0.8438420697244065,4.396329058617373,11.663162235092274,0.7278026752642289
9.934755516217244,3.1271884051046266,6.105379709722983,15.538823545150892,0.5735167675294852
8.546342730979223,2.3620565900789448,5.693166501591959,8.914177191129067,0.6390853773640714
7.853495924995657,2.6132238503606926,5.9803425222093285,-4.983783078563585,0.6512923398119105
11.345078793460274,3.4317953462505426,3.564712361975065,2.6436760364098064,0.6502644207044322
10.306451896118022,3.0508404885224705,4.481446207060126,0.03003021336393741,0.6965797556339394
7.41168983664356,1.954484214588393,4.798133108632481,23.189829529727824,0.7193679997195973
5.006415294197716,1.5647159276500344,4.335947455079032,1.75932496074831,0.6475607079513932
2.5268718685682208,0.734477236256206,4.36768715652735,6.945751936232236,0.621031679429071
5.688245470820488,1.8104504569216489,5.801317103659041,11.875954614298045,0.5537256626728253
6.388201123874649,1.7078397281566031,8.338955328838173,-15.744036426242094,0.6496412926836598
11.718305766728589,3.3936631808406763,3.9128163094300943,16.25141102287445,0.6949524520980821
3.1788008425212517,0.5742219467500572,2.87398578805057,13.848903149511337,0.6721031147344811
3.717582169906389,1.0259073628552546,5.5608345981450915,16.899815963626146,0.6978211178857865
6.981138145266497,2.208359633752913,5.410310753009091,-4.39416279382595,0.8672362034197427
3.1296087194895543,0.7843047618341518,3.98268080419061,-20.173715900440424,0.7107784033983463
4.008194117534241,1.038246444872415,4.293745079335271,0.5564316340175467,0.6601206176392136
6.381723277348798,2.04745955249487,6.955140951284802,15.362603252369182,0.6954527586627987
5.0230208594744115,1.251910654567501,3.0615245506741697,5.7672054033203475,0.6499047887032295
7.5330841983152865,2.48922355645364,4.951251823317886,11.048881688970521,0.4922852452248049
6.156639882633167,1.9579392253685384,4.184604389337251,12.11271230368791,0.527251555986848
2.497688819306301,0.650640434148533,4.1644280612452755,-0.2813583200513799,0.6628609071153265
8.762392214326232,2.9185622474529267,2.3779668072538223,-4.548242621033498,0.588225568695391
9.540067009929599,2.796133738062481,5.023188438716107,-0.7983103463202759,0.6764385257525134
8.915114501540339,3.07798415638311,5.031658109761016,27.406459349133698,0.7010706799342089
7.90503177877588,2.304075690639993,4.600493708561209,20.856434803734352,0.5813767414580355
6.057409557409923,2.082476520160788,2.937818331160818,-3.531710517859486,0.6320652341919488
9.105077673981251,2.276609217321722,5.672988258823814,-4.787323132991212,0.5447114687075901
5.873639270028475,1.7600012590422454,2.7633264668917255,4.8111813162220205,0.6827110590453893
6.771545775951445,1.892874007643234,6.18789182509559,13.476579522892742,0.719927027957291
6.774326333217421,1.8562448612361773,2.6906545802970148,5.429124481941903,0.6508906779841644
2.0820406138693586,0.7337931105840696,8.419308377022517,-8.947515996734976,0.6040694242518693
4.896296466816552,1.4209268973484648,4.625106304266672,25.655139629851604,0.5403290790444626
5.928071142478536,1.808518604161154,6.937093282548828,-3.0736198471497147,0.5567068512819957
9.788658842484576,3.103995137852775,2.9418781742396964,51.678902709918496,0.5646215937207589
11.849390882780657,3.801915922108192,3.1990642119567156,-21.99397683038727,0.6274185076926444
7.605825376481516,2.369759861467944,4.55690492782688,-5.141765933052129,0.712853855197609
5.698595289827954,1.5083265913824113,2.233552353644809,-4.315244368338508,0.7315651079768934
5.689035671477083,1.8065639927357124,4.847936533076178,3.473568609663276,0.5930228652540742
7.145395298133024,2.073923967038884,5.832673680065169,14.921459976714024,0.5037426333905949
5.495531618784334,2.1127975624692263,5.2679916212175195,25.822931568738845,0.5930979851288696
7.790962546526751,2.2176979967711854,4.3765257437145415,10.045917613635773,0.6444056333348499
8.3780029205645,2.8593665984371475,3.7740004551315476,28.976494866980396,0.5302131937803157
6.436086858622576,2.361826488439302,6.012832833606994,7.84298964649682,0.6462484417750045
5.34427226529133,1.2733745219923185,4.588248514093788,3.8570271021362337,0.6251880257083092
7.95782405273531,2.4074672160331483,6.664226629709852,16.750127448232966,0.7431683847621006
4.560205583210612,1.1491129772614654,5.400711344835669,17.68412460102656,0.703929725346494
6.270194631879617,1.8476229495360488,4.052022273451641,-0.8950333394190357,0.6358685731592628
3.8839139961421325,0.980675787945221,0.8540431388776893,8.52979667593932,0.7070601900181215
10.331833415450077,3.293578575430646,5.1032410752662365,15.082027091294023,0.7028182189493537
5.841092103351165,1.8032828101035534,5.286753721058851,5.606648872794366,0.5203966597003671
2.813663454999032,1.007694016480464,2.5217487483181413,-2.3188209676721354,0.6578782472024309
5.9714632119844815,1.907329883797039,4.205294361488838,37.915012839831874,0.5409782962098777
9.074658083633,2.499546167682809,4.628544883805067,9.33652836209372,0.5879095787624251
6.744147523057418,2.021129730799856,4.809723511482966,-0.04979275302708402,0.5804020513434273
6.590728187517517,2.054386875364278,8.025326016431597,29.150990167972477,0.5720475349505708
0.10590353216270909,-0.1729150889141425,3.2444824923564326,1.4509135296827387,0.6708590420814338
8.788257317468542,2.9876324571827495,4.863435031903516,7.8428331673065905,0.6297008403495407
10.233232753382483,2.994154353036012,6.235026587268095,12.492805236175807,0.6101584928898215
5.0682851166354554,1.3248880719322094,3.27833044409147,-2.2565387106721126,0.8851975755947402
4.767645397113519,1.2250555606097393,6.173380732925778,20.3497886451409,0.6718496871146876
8.261939404298692,2.1703074841147205,4.021617909532556,2.7127673667301972,0.6093921163030198
8.678765737342847,2.6933770179444174,3.3267865444693405,13.57856620597568,0.5864326668569492
8.526960826600682,2.9031728788112905,4.2321314825993355,33.10740928327063,0.7585371067375253
7.701433179047264,2.56939501317861,6.521844586057406,28.3911104324035,0.4626146728496496
7.284912251898478,2.079594911369039,6.055911734086393,29.79739851769606,0.6970122654535121
6.3104064531325355,2.481135042735281,5.232816547394378,-5.80073773617602,0.5109946302603277
6.060742231065793,1.9338309588147922,5.300106066133912,5.81466531289494,0.5990380218105177
6.593556308919966,2.2079324228130366,6.188519434005021,-4.335573952965262,0.7164573790016855
4.558561135820372,1.0716902849922196,4.251283870310612,3.7540461598559585,0.606563520849003
8.58423258796452,2.8232179011607137,4.768714340270195,8.353592840403204,0.5665265306945994
2.377506327891378,0.7921017049969894,3.4514546570545668,27.795188359155055,0.7913606903379605
6.278494434202332,1.8239222454502568,6.168782197612686,19.694806917362524,0.5972301678114792
9.479774032094788,2.636688932415087,3.518056429111505,8.443166874119695,0.5307148177083133
3.8671572455626464,0.5420191092599412,7.7592414780867305,-5.21739225324693,0.6395439034470106
8.244872319098056,2.3740890282344616,4.305493633551488,15.539113849415621,0.6831323954634996
7.58057611117106,2.336874271581302,4.286516781740974,22.520325713055666,0.6458818031851963
5.650396245363758,1.3316353427891818,4.525449695713236,55.71647432701503,0.5989441079985464
7.2864982667106775,2.128960262999317,4.073517855748147,2.5551419824100967,0.6414593108206462
8.796196661341638,2.4167659891677156,2.199273955665673,3.781581465117022,0.567122517371255
9.411132117464845,2.5521337544074933,3.045251891510093,4.425362169127289,0.6938504009850275
6.794613407636409,2.0663145603659436,4.3047763736579645,16.970141985190164,0.6943795097560039
9.486543157769164,3.2220940992398273,3.8814554980379055,-0.8503473143914647,0.534071938319611
7.2447994529664435,2.2813336319292583,4.48027386199547,15.249892687088193,0.6578162248057825
7.45902892134122,2.410586323638694,3.6007297031725547,-2.4187809441689376,0.6248296244690716
4.833567400277732,1.139820601338681,6.669270861282417,-9.610585314882874,0.6512036993714592
7.704440345679871,2.423750713075385,6.094418092458053,13.393312943411788,0.5113935632424055
5.128497049522219,1.3389122564538,7.237970808005242,14.068175744110043,0.7522703303574292
5.748280180706209,1.7869508433011003,5.750712479982964,27.083851932311553,0.5088063447944796
9.12750488335828,3.1547295079559263,3.0187383845878384,-10.471822376432625,0.4992358824775092
3.9375403231011363,1.5551904100853813,5.55528746629308,23.93023710568798,0.6153489464558308
3.461078813576464,1.1027046760596289,5.641085837099327,10.718199086146246,0.5690424479622953
5.920390114029663,2.057467943769009,0.5578672577298139,-0.7619206056315272,0.686781365663372
7.264770762567058,2.3936996646731803,4.083705825828557,-2.9162538208932625,0.7552987529092271
3.3734523627082815,0.9191630113876099,7.012950585619069,15.96313762353508,0.5431260663434876
7.191982536814876,2.404483041235257,3.427670726870883,2.7849831953489557,0.6509216204404775
7.768133702552768,2.6287686610621606,6.668745808992593,13.178132943397793,0.6153314968591885
6.702930588520625,1.8792523488156654,5.2260165052979906,-2.897173749645334,0.6559503938293567
7.575911564636869,2.535286983471678,3.9295542404825783,4.957528048582446,0.45162364038722436
8.088979871791114,2.2226993041928034,6.447780726395081,0.0680924364668408,0.5353454852410905
10.331454039655604,3.0924054744327476,4.649544509749231,4.066003119045232,0.5159714241925146
10.40219844725504,3.1223190279383837,5.150546821156778,-5.956728989390494,0.4003213054941306
5.088932055934349,1.9519415563398272,4.256212551348043,19.887940915291864,0.6350735630379762
10.73439208828589,2.834265727691303,4.599364829639749,47.40037090992088,0.5116181248434614
10.122453104296435,3.2492710828403224,5.484460071899522,11.802228444870412,0.540771733805373
8.643560371937621,2.7609195323253473,6.297441707413588,-4.81403897869867,0.5544208753564647
8.284456390833743,2.7549041402958263,5.505739898440278,-0.14781826237775778,0.5901960094542256
9.004206963461339,2.882530221209577,5.455263585987115,18.247663460315803,0.58870683030555
7.699515545634224,2.578780413617781,3.852364167768495,19.180879788721363,0.6484905984406388
6.7048686310490355,2.0795238565543666,6.688376394934232,-11.032107048981235,0.6733937053274553
7.620188518416677,2.327627552957473,8.14104351131091,20.29041900806859,0.6645619978662385
12.933215446825239,4.2055062797333544,4.464511288355316,18.239990823811645,0.7244262343378957
5.620936994051829,1.6431054341461606,4.515983277470637,-5.412199849114399,0.7734705743572008
8.087781916870004,2.2906266395290036,4.808990810467053,23.47034869017871,0.6744899464112145
4.8136233270995215,1.783852787019159,4.085390774078952,0.10354727389560077,0.6626558543266675
8.862465857407154,2.4270329027880955,4.837771308282096,21.66612436568537,0.47984882837867804
10.329576899056073,3.3837278599152896,3.773404846393098,-4.832619945401612,0.4560962361189137
3.061634468832021,0.46112115721610875,4.299857021042745,30.69574645823345,0.5162243093489757
11.416327329112745,3.413552447369784,6.109380703016867,13.16396541169682,0.6048110970639882
5.049255013318277,1.554764631881765,4.0936254341465,29.00679458017013,0.5362187534637162
8.39647054702179,2.5125149871501735,4.55818201001637,11.188279703411265,0.6186665174302548
8.361049661570348,2.7603289525894428,3.2744191551903032,-7.961213043243613,0.6660362785032695
3.8682137216489574,0.836201782877634,5.8211483623954425,11.290784366833925,0.62337975264374
8.337212724667307,2.663770389383905,1.6960282800121842,5.572803780355807,0.6038480267585186
6.6130691738838125,2.220482271812456,4.369695798800572,14.742553797994889,0.7279040179969906
4.751721535848047,1.2578810382112464,4.807506977310634,5.029022439601526,0.6640335288403546
8.783711212718993,2.592821821369055,6.5004335321763955,4.890798850543036,0.6870390900919005
7.458285969956704,2.2386299973866666,4.52322072608148,20.651272366341743,0.6576149688330651
8.59573108052057,2.6473767538452195,4.940418526050941,-11.87048345584893,0.5069626699072836
4.082511663800272,1.3072563268745683,2.8193436908583567,9.580482878454825,0.7156701335761345
2.8397428241617426,1.0454768672246146,4.322961305235448,6.730037787594557,0.6725710679502629
6.9762231558629475,2.321307568649364,4.127413077303106,11.909613793866693,0.5618424060904963
5.140859481150915,1.193011389907325,5.611888718370267,18.247341834508234,0.5801477085721881
3.9226329856522564,0.9365930689294337,5.335065720919752,19.61522968027184,0.5626774598930029
7.510998848719767,2.059728568387828,5.66559514476023,16.035760232201973,0.6395448091981338
3.4487710231443476,1.112017533340693,5.224600641628081,13.868557424261677,0.7306965238201154
9.648572158724726,3.4287406357252155,6.8167429211289505,8.672899528473872,0.5429023041117798
8.016795178522363,2.137507826297333,2.801629131147915,15.441783541547867,0.379639881988009
3.7567164629281415,0.9817705161011162,4.908519519219575,27.45994905087222,0.7277017815876833
6.293761083807566,1.8518276155493287,3.166990865744951,23.939433972999762,0.8150542233048294
6.512985973171466,1.8471462874179683,4.521808289561162,29.605653586330483,0.7584915096895382
6.864291295580772,2.2976446381495452,4.979997074781302,22.195240069276654,0.6774768830701119
4.996394000715741,1.1135216861476076,4.9610526956782675,0.7871938447844226,0.686506775252887
4.809078019487561,1.6842831207935365,4.28528271702212,29.390741103480035,0.7762277129128032
9.413316130272706,3.0441170533786224,5.448956940916611,40.022899714185115,0.7289479773420802
6.648687408800569,2.0452615323449077,6.623595075793735,14.681052813100179,0.6441091117607122
9.967282715597502,2.9157087309275487,1.6885166535221,-21.851325289684855,0.7351410651458452
11.382289481957907,3.7688679792066595,7.213449121382679,-11.35498621237733,0.6142616112817805
10.534118058244529,3.335973604259035,3.9049014911282396,37.96868226018052,0.7901088390577827
6.0517596985302475,1.8025747691867133,2.071319291491651,-0.5957919316501921,0.7104688746375855
3.3780151187263296,0.48077150874217545,2.601729846453433,32.491731040239216,0.7098973501557684
11.552568890879702,3.696180753002031,4.500313882473097,40.97651036408732,0.6667728959380983
5.0629651446112325,1.659510703479341,5.264411330260465,8.286146384996508,0.7902366542023389
6.771088451381066,2.3498167572327535,5.106174282710123,1.8809593443380035,0.8296085359726786
5.0847365860704254,1.327854376453719,1.921636186670766,4.778124324884114,0.5606725050286216
11.246586379600112,3.7714487691626197,5.370378622827211,-2.1089836893120886,0.5772541308994831
6.665996526536768,1.8672218516316155,4.802826234237991,11.732483703861146,0.7113514298563156
3.033070244975007,0.9655675300544405,4.5534634733690655,8.258723273291354,0.4718350850332234
7.303471418204655,2.4087259772962524,5.465989111523552,10.644053598510101,0.5878283267985985
4.248033749108683,1.295567819395309,3.6162157329450424,28.572758412728977,0.7005571194797356
7.474684991818772,2.2015116235575283,5.067282513169953,0.4346314525765614,0.501594756508338
12.166093632294857,3.478274040283435,4.076308516888069,5.612262704149293,0.6621900529823571
6.376290629959853,1.8565352358203884,4.841450652729409,-4.557059881514559,0.6254214838574563
7.311892832688164,2.4497703971881872,2.407583872735968,26.08960505201043,0.578774653204296
4.677974728368737,1.404922856692922,2.528830150307113,25.327560381835617,0.6740869617083265
10.308386029341005,3.2738634147565944,3.5427047274229606,2.9964806337153576,0.6959885688403497
9.045506944593374,3.082735091473045,4.634272620897638,30.253280672021564,0.777651475459967
5.307693463566436,1.7462168226187307,4.264228818228796,17.611832836629496,0.6861967527452605
7.528410217380598,2.1095209005211073,3.0504815469327564,7.278105896740445,0.6460627367702215
8.224310432500829,2.54944658589443,6.78957621298309,27.42696862225263,0.7135036791131706
6.437123030199702,1.8901497019891604,6.732890639982385,12.429877685542978,0.7508991953662751
7.443929280559478,2.4029102979385155,6.71281704777411,13.177321993035742,0.8074391052148154
11.574230415910762,4.0251955001554665,9.911807388146345,6.37954971076148,0.6264024531694018
5.9938777215440995,1.9420144009195157,4.492627632042831,-10.167517476673224,0.8054614982514189
6.742787323856795,1.8355495540305542,5.542763172087779,5.008673621824197,0.6895859067656726
7.33700901455429,1.9534317093249167,6.810828125398122,-18.3283635786161,0.6599226060628333
8.840748833682195,2.534297695382037,4.733270168885659,42.18731597925184,0.533332107168249
7.767703558453177,2.2803938182692325,7.548285031068017,19.88851220175981,0.5288881449474981
8.339878460434475,2.8053298716417916,6.095952505981576,7.01349329176881,0.7856513089873525
8.383616897723417,2.8614681654136227,2.659753693479402,9.425649066120416,0.5910758094461815
11.869655878629693,3.6220870105147265,4.411547640558746,10.986377663602312,0.734342187633739
8.407201076828102,2.690696556386536,6.370079113613573,8.214385466885242,0.6884536056298968
4.956997137902174,1.649828331745492,4.476759038525101,-22.008867183451787,0.5496505172645907
7.01669146184333,2.1752221958828954,2.9286998495745737,25.49148955731644,0.5294231283578855
7.804336827616315,2.705123877056947,7.528018089112798,-12.33585792808673,0.8156114023453723
5.461356627913635,1.8473437014906369,3.5541078890666187,-4.3498880359032,0.5897390722629715
8.750715948054005,2.7882965197568095,2.736850017703619,10.11121397511272,0.6521763807328235
8.49065132244582,2.5630484098356874,5.355689813080963,21.48619764687581,0.7427353737395083
6.457103991250842,1.6214590652003817,1.532049315494807,27.06340522404335,0.6353756067880694
10.484539112312598,3.281392950113744,3.8443707107601366,2.522887499040125,0.5828401525597279
6.151968807011802,1.8791061960817974,7.02136542491552,-2.5548806344316173,0.7226990400255213
8.096648283741079,2.583948520992302,2.6503075358984693,-3.6474609014291746,0.691148195514989
8.489707099774847,2.952957854379995,7.041643750558148,17.370770742486886,0.6981641341204745
4.648695186272161,1.8334138762772119,6.321695222542367,21.825613508166118,0.6594002173363533
7.5517041765396264,2.2751276393436903,2.6349405571001108,17.63299883812668,0.6008003676854424
5.439403803939884,1.4900179370042466,3.8426755277021933,4.434407939898,0.47699182329942375
7.835801455598898,2.310809400365458,5.122724106642292,-10.394960981958228,0.6048424058290727
6.104026898570347,1.8394728861372314,-0.08931534632273495,-3.059571954499443,0.6884329145014941
9.825358724174237,3.320365195560997,4.487525158548739,18.915831323261486,0.8160869509255073
7.873074160580532,2.6121802516166213,5.118200525122522,15.0911059629136,0.751505807548301
8.779276502256815,2.7342856024042517,1.4321933537582132,15.09492356962584,0.6313941877807543
5.24337249644208,1.4120223051819225,6.255152496787322,12.193462071955283,0.5247798303720088
3.1607244124922924,0.7359829385643597,4.405868224628989,45.77456875529234,0.5584143347750318
6.332955259923586,1.9453313951575641,6.394248140849057,9.308909922735104,0.596845939083522
7.28139481759919,2.3184507099151888,5.928789502812934,8.930892179789895,0.776885133592026
9.928562664008684,3.0886578010832104,6.067184486905383,0.6404789268390721,0.4664022498161374
9.079381035788334,2.7896886557615543,3.8714753099091985,17.514234754765802,0.6325336685574279
5.426075896404617,1.5182149808054684,5.51977127597089,-3.6070672753661968,0.5024243203879669
6.754219136060704,1.7196218259198919,5.866859469975908,15.776354665188352,0.5938343127326385
6.819273123757218,1.8801979300719547,4.473350255788792,16.619958276684624,0.6218302120669317
6.927608585432949,2.4492450438738573,5.8281786736767005,21.075436678179205,0.6680207476465402
8.586971740047996,2.3348258827169994,5.702002918598498,15.24972336254949,0.5472118180889364
6.067592274831484,1.6321670392483587,1.785545796484002,29.179360495752945,0.6957853608525739
5.204187843256312,1.4243845624033027,5.53991163414149,14.418577695196538,0.7007020912713148
8.301852444780065,2.603533987752005,4.085907113445902,10.562544003511494,0.7923245875542367
5.828945591939532,1.6122535014274737,4.7201859538038455,12.049424187475138,0.6469853793026145
4.1162972911904285,1.2625051698192886,5.041312660096221,-0.17183976258288036,0.7276648345609831
10.976649786997827,3.24419421846763,1.9306187894102944,5.982216998779736,0.7950755145484253
4.682543917456909,1.1034954274012791,5.550318663364893,6.851494188300391,0.6562443287326035
6.8384457744145655,2.2230545011273235,3.371610554842151,12.088987797168938,0.5342737223894305
6.314796592718165,1.6419766118587282,5.700313095395554,16.09566890972726,0.5627767136822464
10.380725771122027,3.4218037996013786,3.54160997412716,10.874876874383068,0.7995904624058477
4.051247418486144,1.2043702907142229,4.780231380040296,16.177056477266408,0.6601039052480246
10.66818052698336,3.874875634670314,4.903152487664319,31.191649618540108,0.5619435984824831
9.27091626944519,2.818383902158106,3.4141941670787697,31.268341189963813,0.5841219257307332
5.419248866342411,1.8501773760230078,7.38059169283758,3.9926268353113032,0.674747534615956
4.609860972833258,1.217058782354183,5.5668351073358515,21.484437995173742,0.6765217774417894
6.084464695706586,1.6444961363567385,3.2600365276896204,31.788519077218442,0.4732109298420852
7.246778401141415,2.398876572626603,3.2236034022436217,-3.895701200997483,0.7116952060340344
5.8647099862698635,1.299428369781045,4.61945585408244,1.0624694645806867,0.5307017905588174
8.153998909452008,2.9410484425503864,6.500701152498976,23.41943968371962,0.6043352603154005
8.417419794591272,2.6534567009742767,3.980751340594496,19.15029519019426,0.5473886038832981
4.478112024470839,1.4315093552529348,3.7333570717896465,10.19092514544381,0.716460939361151
9.663859261279956,3.203179125408086,4.478600334284928,-11.609041137634097,0.637790511281837
11.168232398738358,3.411348971459059,2.626952734078054,9.711605678352337,0.6199554793805849
6.174874029926578,2.03816527355944,6.747552995154976,13.593596199672012,0.5750219829672322
7.4576947981437565,2.486501815819271,2.5779692864776167,13.75972015635441,0.6677126562992114
2.56813712335755,0.7382396638227257,2.5677500423984294,-4.934095801623789,0.6165478448267789
7.690885316436738,2.514880221066467,5.1375070473274524,4.563591464955282,0.650814148686983
3.516296570045629,1.1163653051237237,5.205410089594993,5.863087064832334,0.5149589309126449
9.154335082480873,2.516382273456593,2.3945637929809105,28.982472313434783,0.5540977783492933
11.214771276911279,3.2269028774185204,4.701665353112868,-5.9501374697761165,0.7249650318450025
7.719282311175639,2.278948597335036,5.336577896927536,22.247162117866857,0.6235579308435243
6.576225549194238,2.354394493013329,5.202023048648671,3.2049639009758755,0.5368100482781482
2.948527367457872,0.8453432415047739,4.228372334314978,8.013009234971662,0.642996505114283
4.346438367916544,1.0528602979538684,5.827058010680754,32.67763408631617,0.7821137413824067
4.2269450907925314,0.9731582045925133,4.443734704008554,10.101459299855698,0.663017533668521
10.274215525905754,3.360395301970912,3.582166629148599,5.166684670404887,0.6356593844317145
8.90413217805979,2.758870495614701,4.8951443189653885,4.427523315146337,0.7203818507405306
5.273212193099691,1.470376965133145,3.8575202794175523,-5.573729110115622,0.4807169757167486
12.609103932448967,4.11261619466875,6.470201664514587,31.420745861677148,0.6500125462695034
3.8718653195190984,0.6291607444329238,4.787258268312419,27.776697929096876,0.4750677990154993
7.289082168028155,2.11499717952562,2.5679075059155863,18.947534125321738,0.45898091320234224
2.7535951478895826,0.7682954199954359,3.9149282398273786,1.924204904550156,0.5836694127970126
5.85151856925063,1.4397239236552948,6.532238728633924,-11.770706550942021,0.7227689557677008
7.736530416251664,2.0862108955062757,6.090633607897196,36.75561721322572,0.6619144761876411
9.160754482100128,2.793568392861576,5.133361834898995,14.88232901833836,0.691807439498207
6.73022300676168,2.2649632183141564,7.521363874797943,16.6697600086207,0.6766121287711059
5.6808853837889375,1.7486665083858175,6.0402273997986615,0.2195948607443321,0.7578949566703851
5.801354186505199,1.7056251805746148,4.883946867209685,15.111085823468985,0.6107033568252033
10.61609072039298,3.2291555796331717,2.950105454589654,26.69237070745675,0.6444868596494966
10.419595499813095,3.064511590807725,6.3563344853112,13.522406172776861,0.6623503866849109
9.636096311750402,2.819090781837528,4.54467682926424,-2.636134729615574,0.6748641919999167
7.920898929494237,2.2781401133050174,6.218848012695872,-7.049539735071787,0.6951495879882709
15.31627593016259,4.844167858570943,3.7221186364009693,8.086919473639476,0.6934009843309044
9.485770739858461,2.6249071013317478,1.9340308413578717,5.48010163873524,0.5611219771627703
8.189561323347435,2.4212530327272237,5.401361431760365,24.084811981345602,0.4438599710224268
6.761370008021258,2.3069351050632103,6.282669874335466,20.62913259364333,0.5454104844642333
3.7669360952050437,1.4123800354908802,5.017996675490122,8.427091159673633,0.4614065353619967
5.673887995587893,1.7725970090685077,4.890453264774178,3.2430307433300967,0.7084094005880331
5.500906428931838,1.8770301126523494,3.7401903783742103,6.672898857502816,0.7241448948714447
6.846194857911525,2.4198003598902202,4.429195674943667,38.25051446179538,0.6381010960539335
9.332477759419364,2.811152181853112,6.8895578514716,11.040441508308584,0.587503621286293
7.212177749080498,1.9012466641384163,6.608269375656618,-8.948160468722351,0.8717632298168987
6.1964640543387945,1.8093656677462397,2.3692058168814367,29.245922056256113,0.6118256683593534
5.445382418052927,1.486992137109433,5.212881591887779,21.505332544118133,0.7034839435732665
5.80764127248668,1.7007715154656762,4.521406292998725,12.599566935655774,0.6080451745042645
9.555719697827275,2.899756557031215,3.884547036891764,13.464419054542265,0.5993653045127344
5.357966954365292,1.614009978106708,5.709771322774625,10.877511776907163,0.855205093002725
10.363175684375884,3.4530411168662845,7.825685758429943,-5.839362543380172,0.5999264214983928
7.130925932849177,2.193994044200767,5.896838834262278,19.21694772648614,0.7874982355110567
9.537215244340166,2.793981571675391,7.317726694424722,5.280418147878898,0.6735004086036186
11.472591358102848,3.4674353862335026,5.934867975029882,3.5574148156932752,0.6131637568349666
6.633313181201492,2.2807724988712392,0.8427658939126516,-4.595427410927535,0.8747779959785972
10.007351055895022,3.2560786026288775,7.770487337654609,-10.394540217350361,0.5480029328886725
8.556024799606758,2.6295912582537153,3.220860898478716,-1.9554688697195612,0.4824994207830559
4.373065888858274,1.147989084328262,5.5793867222194455,13.860662398945161,0.5011768817474243
7.569969620070904,2.1959335005621643,4.026341751524274,18.59942624404334,0.6909506587093306
2.7477762313698637,0.7475296296252393,5.323484300804163,13.357644851695616,0.6652367385920761
6.280182107862398,1.64782218708764,5.222466029354274,21.909719772179837,0.7019322986190153
10.442477501466241,3.381732682996794,3.277173682032623,3.4992654158027614,0.41139387066554295
6.362154238685928,2.332953643579028,4.740543547389743,-35.5874078986791,0.6918643618971713
5.358529506251041,1.6009703747865875,7.114568160773848,10.994227335097953,0.5778919392299167
4.635073608448039,1.0944633836628226,4.101260784462105,22.447407554330038,0.48334727942745337
4.723111616510666,1.0821550522344983,5.9226985188971,3.8968340748331625,0.5869882855237362
2.5976435165265666,0.46295512177001547,1.0877018827297016,-2.7720187750955647,0.6829941785151346
4.569047790161694,1.4780599835823345,3.5751211201080277,16.586399692091636,0.7783319975068883
7.109257606037248,2.279361232000925,5.3068260208949924,-0.8983010034158561,0.7802392582818302
2.6961999571219155,0.9876304431638203,4.206054423137441,-4.398343846310269,0.6461417398864118
2.5422434760406114,0.64611892897661,5.625320504108024,21.482882692835958,0.5595512495527849
11.859061266851537,3.663053344987344,7.054018990291897,24.167587944900454,0.7251106958182195
4.204044677714608,1.153958971240599,5.427468868916062,16.88764974192374,0.5040241214671303
7.74691822428728,2.476474869065776,5.42792775347042,0.042089663138624236,0.7483556112741073
6.5094546448841575,2.147438462468178,4.477661977603639,3.249850892141707,0.6584647854911445
4.8808412649233635,1.1448383907782196,6.161856743061689,-12.656620051488446,0.5546886116562583
4.404500065338934,1.0706849445928683,9.065464354570407,-13.23369077044824,0.4319764493420077
6.57239450587585,1.9955835498430166,6.228715365817882,-17.037767969198935,0.582340735101627
2.7840600573774132,0.7298670186444124,5.415396886390194,11.99642811800675,0.7059933273040154
6.884937246244648,2.0434150329797154,7.833392800564089,19.31558529542625,0.4467594476655134
9.482756212971413,2.9017534192605443,7.657086660246856,13.044315509901,0.5250905430067784
5.658689229712419,1.8637597705190472,3.377449267609096,18.84736950935935,0.6901925812192476
8.08220906240913,2.640762927954781,6.036897669013066,7.764373200138149,0.5757587418390623
5.379634746408455,2.1220456631489544,2.8590409054393118,26.535269956392384,0.7293936627344819
2.311183196274383,0.5061101671257964,4.216957796030437,-11.214254482576,0.6276620281381399
4.562481498364811,1.455159020084707,4.799482879008247,34.93791613295647,0.747310115126954
5.385960850574207,1.492856352170529,4.235502405096829,15.108964487222986,0.6287416544062061
6.515894404124386,1.9378855229063534,3.3276466216692113,14.742192407248487,0.6474437458027021
7.187701120680537,2.559726715942239,7.748038298956821,21.293513828644027,0.6074892497602118
10.508776006161574,3.4739385484232117,5.38492914156489,9.496530766945947,0.7047528614955526
10.477011638943697,3.68043807741344,4.773605180997537,-5.758057507982078,0.6775721020620141
7.936694005233416,2.5327317666051945,6.8763164643827865,-10.981033489362282,0.6569166717109759
10.131257333586182,3.5206907206103693,6.870418796967851,-2.195628123178207,0.7209090036001933
8.146494892007981,2.960237447029181,3.2293579289080867,-15.595640911321599,0.5314037167014782
0.2156160304659865,-0.5670257721049835,5.468164304510315,19.81480029663701,0.8137362376297963
6.4789412287593375,1.6177361709244877,2.844072967280506,-23.95010557344628,0.6433966949790509
9.768577791422825,2.8575666573834257,3.657071941924025,14.781539606280331,0.6484651965670298
4.908390108396253,1.3814920375025326,3.6995012542053516,27.26825543398869,0.5992630600925037
7.613686886769259,2.480893298376171,4.164695465576637,14.652948002700208,0.7425179134035021
7.283394883463655,2.103257683752341,6.266953934010137,21.398644888318483,0.45417791679645125
10.031843633804618,3.2345863010345655,1.1879416137284142,21.329243582202434,0.5833327491248423
8.558419603391455,2.9343732345471336,1.3093420038583772,14.35801506425989,0.5956497858177281
3.621685337982064,0.9194456508778999,3.0374061308888987,18.318907452002872,0.6890350822962792
4.620830719134579,1.3768419637115157,5.68544316710789,-9.694498210009666,0.4543912476295249
6.845770715732104,2.3196011886278445,6.92695282127576,45.73215084616059,0.7878471947891351
4.907427684128439,1.5799762027959117,5.446581185008988,-2.0024110718641563,0.6578802734584894
2.6077020126882036,0.7579887825181267,4.379508636480802,9.302139840007598,0.5655900988526623
6.586535174778689,1.8413677779559416,2.3652299457052988,5.225141392810452,0.6048734896005307
6.886237398587811,1.9955832490074288,3.2147290961483654,1.8367750661368776,0.4961088890305065
4.888744538732886,1.5323712196772177,3.291907965330982,42.426309161484504,0.5353613579757989
8.464561651807006,2.660137383074261,4.935165095616265,10.164915265270663,0.5258734487051752
3.460751740693075,1.0478915323995035,5.176611651867831,-2.200467581356804,0.647656292121187
7.616238647502602,2.2854115148870475,6.1202132082966285,20.344703054776257,0.6955476080039534
6.327464249268038,2.034094618819874,5.360453389295731,-4.702218565860559,0.5753856019712988
2.2432395398303746,0.3410307816885664,5.738805737080119,-14.86080176890655,0.6832940300714134
9.481988073642048,3.0767787396894133,2.461779775578242,16.835707784835595,0.4558797735106418
6.70325439808604,2.1395558799321854,3.7618391812363154,17.379893270800615,0.45918242217248967
2.6760927956134855,0.8764381455615055,7.3895682065115,4.06908732839937,0.4756200910473975
4.32846193670519,1.1782172962956243,4.789014281634378,32.90882033615341,0.719184997063728
10.909940704520475,3.3184394892391764,5.2223670077769775,0.8159622104671811,0.6815330274012531
6.0715332251971095,1.98121900790809,4.9477769408071,32.984864484992336,0.5870726675373743
5.758438720892006,1.2225965111166475,5.966883215293962,3.103802540622844,0.5767967571035444
9.466987152991754,2.982041706478301,3.2544908199980984,34.16799288250221,0.5960295022333356
8.981405081118906,2.592756921381774,2.901703326258049,-4.928108689880109,0.5679545066281392
7.577939330471079,2.3049680010525284,8.716279460232931,-3.7809916927220732,0.6779224603613166
7.663702132474688,2.2493271290428103,2.660328161814289,3.022241513700675,0.6894711545595322
8.219078580105764,2.5561155105071096,4.229985165698677,13.389740595551725,0.4954712700342138
4.695949355305856,1.5321494361005237,2.456282729151665,-0.8185110073585307,0.5714730049124
7.904600350097358,2.590667357172671,4.7032503865690325,6.539245944104306,0.6920484499676155
4.601513443280755,0.9008354097265352,3.0569940565805584,14.469498734113554,0.4871844618043083
7.952617972463798,2.669161264457621,4.224769673470599,4.1202058273020565,0.566793452950049
8.26717565559354,2.742160792235964,3.6842469244035803,7.021232683101498,0.5342539154414131
7.40354183809775,2.2511277355917683,4.643148766739144,34.582642744851924,0.5617769357049379
7.463096375316538,2.4914489558020496,2.5194497182961535,-9.956950293351449,0.6913849392289403
6.827950835488865,2.1103001495828355,6.259828265093328,-17.31263525698137,0.6141141981743765
9.133397934794905,2.714321751520913,5.30143024741137,23.03760472721401,0.5746787946140668
9.07453552192476,3.286471164258971,6.741796534129511,8.183539050047301,0.6532439994226419
8.83705720603526,2.682938286737064,6.515799114529965,3.3134744858751812,0.6139903970485673
5.520573248729936,1.4698785360493323,7.341218743308371,-7.9134979202429,0.5033973850345815
6.1958566638909875,1.6601300081413823,5.304422683148931,21.962881365818568,0.5582996828745465
3.2467587728799585,0.7508036006483674,2.977132278421463,28.313708470476957,0.770868869430673
9.754511572737353,2.796160276879674,6.6076286718103745,17.324504187985855,0.7766334170599892
12.525011250063352,3.8708290687087192,3.5866532866907668,14.73095163658634,0.5616361130619466
5.1724350389007725,1.2411603187677658,5.123402767136152,-14.153007371242442,0.638423655682789
8.865573619997615,2.257315828240744,4.073771254273061,-2.9716418442940173,0.6661844978037447
4.166764151927105,1.255564794670745,5.793623308192248,15.513624148477355,0.6444720713932961
5.057722179925291,1.3955198468503696,4.425152395554556,9.456623284064975,0.7477834381146297
5.55905602384813,1.7185103625579963,4.728322071542633,4.840571449307367,0.8245278436114941
7.807541412482572,1.8060991976585423,2.5269194120298817,-2.119289199675846,0.755475533213948
11.972327736232007,4.124523644763828,6.16433913409096,-4.4570235141419206,0.8723612099019533
6.587056887999724,1.7173866162722924,4.479559405511657,14.334991968679265,0.5948849142193068
6.6534356398868555,1.8542851223052579,2.9907709247570944,31.147209210430898,0.6620372475573304
8.429946308977565,2.6826705469691317,4.409804944808326,-3.1469323170029653,0.5994575659285657
8.227085336407905,2.3982096612055455,4.52305490039626,11.150384295975638,0.6466915036115131
4.409918326343224,1.437856269529739,3.3378429324110885,6.9024474074459965,0.7292025400108775
16.012111421321904,5.385795472987512,7.777733773317545,8.535627871905549,0.5842448741424191
6.666628954890023,1.8077353224043475,5.133552041254931,3.2032133703789456,0.48594632086704254
7.646210775857284,2.259541177134461,3.904507050640341,-8.031982245032948,0.6323756185502558
4.857909531681928,1.6067253489861208,1.3482154871496101,51.101572267083355,0.5616595645757637
3.2214504791896275,0.9001080746079051,4.694409327670091,11.83637747639467,0.6677977412436911
5.10530544891605,1.5102179114083152,5.95651427706164,15.57473234325921,0.6229707469112566
6.284279246339488,1.6338208002743944,4.3344609233994,-4.579030557786817,0.564548107747763
7.842216692983685,2.3075996002604953,2.7191092870437696,0.0885342656290012,0.5732103086813285
3.622367279308668,0.7068538289126369,4.609288074825021,-3.5109184045005786,0.5223249458816619
1.6545840757684,0.24143493191736967,4.629111119127791,-0.6406802263824837,0.680897163833975
9.145764131477133,2.7562402453528825,4.522329470143778,7.005451622521216,0.7031966395880467
6.066521367615473,1.7779563403268095,5.647252798801005,-13.168574410322934,0.7556452705046144
5.793381594275811,2.0027542969330376,3.9360331898429854,-5.824886517146599,0.5384349672756965
9.619235363157593,3.0461225100193907,6.349884109054528,14.990137809258048,0.7299095854488398
4.688591797622855,1.3901324047939763,6.16007927567368,6.366657174055378,0.6406000539481932
10.171389054782088,3.2274964779345825,4.572577174974361,14.522854321147575,0.5114983538742737
6.158976272584667,2.0530704013649728,3.5620320872337587,27.311059348637716,0.5996140312397018
5.54654184786982,1.6454167395049957,4.559203446185956,9.447604405686308,0.6457366863345164
1.1028618915520148,0.39217950462615936,4.438253596092489,4.726148329259608,0.730274409098047
5.456835656447102,1.6183191633844578,4.735589009660657,32.59948030148819,0.6902375925236991
9.026458036708235,2.808623339834681,6.275200956861865,10.487692881017395,0.46843690407479055
5.545202207561092,1.4247068042211588,2.5946350270815937,-25.223081543059,0.556256034357324
6.51381165738419,2.3635613170067633,4.152048812008245,21.796465534990496,0.9301777442145446
7.76154686471678,2.5979148390254037,6.187609389482748,27.391585518230332,0.6295356616243568
7.355024243746449,2.2292106510691796,5.330109171980559,1.9449400784300577,0.7127390628299403
4.902391959711418,1.5768281110107287,4.9756582023776295,-0.8610372174906195,0.6868927684364526
4.816655609158703,0.9601765743778838,4.804871552043855,4.60261346867104,0.644515432489516
3.478118925039858,0.7500798352854863,4.864634322318598,13.624485528677317,0.5150765652687
3.677513231919949,0.8018489787550398,3.7863266965869062,3.627898774101924,0.7386025735961249
4.956677757199593,1.7248517422454264,4.980911437389944,3.8297771903820594,0.6211177783654099
8.994216720358613,3.116417290293438,4.319490501827021,29.220766690920076,0.5294608033599505
5.6087531744387915,1.6863681114647293,4.9147650538960255,12.425684857149307,0.6273988210869434
8.379081878932055,2.7892714550242665,4.000341868950977,-6.860348973028002,0.5773213859897743
7.647308085194199,2.2582179801380806,4.315463579883594,30.643947034176215,0.6801767530102579
8.912742186791508,3.0599794551385258,5.625378043179062,18.362555460200245,0.7424652547874445
4.292917215140236,1.1664086706627097,7.929863432381616,36.45062374501717,0.5083896147293038
8.28519717409834,2.4160447991607996,7.564233783953217,1.4981011867769822,0.7084805711520941
7.030084333709484,2.193268526331785,4.895828092161623,13.930446743961296,0.7076115697027169
10.280308700191533,3.6305537755179498,6.126991210341019,40.61712041465888,0.7076746390700853
4.905636074076444,1.4583938283741018,8.492756621258334,-5.308511944001004,0.7481759012777861
2.3744016040393814,0.6199767911815683,5.600371094564871,1.2027422318253431,0.7246542524666751
9.136793261878077,3.035526345705877,3.3939464565609248,-2.593121612165079,0.704360333535624
2.8535325646323724,0.797851972957983,6.20774113927937,37.00451198430643,0.421415586888699
9.23308623702507,3.002624326625302,3.9044218284295735,17.3814399376273,0.4335311974506948
8.212550218653906,2.6911160043543965,2.8514590539600224,-9.015519538334367,0.7568416485724216
4.454322670509211,1.2436149645024182,2.4366378909038775,23.71701074814477,0.619920594377816
7.185340812832617,2.5721252050868664,3.8099286328514053,36.85466228466348,0.6934126889918025
5.467100624899962,1.4706820104351765,3.962976295167414,25.906893370460416,0.6967782439482929
11.78762812525088,3.212568450704094,7.558618192608722,35.64268660812559,0.6850205480334346
6.257539066488946,1.9697149174657707,3.5377772180031863,9.99185064951374,0.6320519816230453
5.387121226690686,1.9298861184630023,3.934722675608028,7.3302622200431795,0.4044537208613893
3.601205273408737,1.153505160712317,2.1339570628165676,-4.204823738542856,0.8260651884965433
7.852905221029923,2.3765574069533506,5.0028914021945,-21.106831571989495,0.6778240611670309
5.129388940429049,1.8429457809610712,5.27215673679456,8.640621263926244,0.6961737760545641
7.799892096363584,2.5982170511014475,5.710622034246965,7.874567594417443,0.6476277305564001
9.92987359511657,3.3186276603589198,6.497670314182819,2.547990292755354,0.688933504662104
12.265837942770341,3.5259683296618083,4.903968821231876,13.554683346710156,0.7347329022377307
8.14031833056141,2.6762242847974895,4.899359013657097,12.777587993225234,0.6152004502502716
12.274035713573008,3.8279588198083045,5.287718372413696,23.640771798321058,0.5778972757470653
8.79456334628521,2.6983408839300878,4.108366173474376,13.68498848290055,0.5859268370161599
7.206654555628178,2.4805386789553965,5.157201927903194,19.44078962484072,0.6138228250383845
3.531123226178292,0.9941418655185342,2.8513546724043413,3.260250866667192,0.6707996180861056
8.479075669079236,2.9915134011859252,5.064682160978308,18.106437071402322,0.4831678638359145
7.629497451066089,2.418838858879674,1.0296060480500584,16.0340886264456,0.5985364162164281
10.87182865099476,3.674873290945258,7.6170223058820765,-1.4712156422209826,0.6028836278764412
3.6269917459298,1.0311261008427481,1.8033435542288143,-21.17262413861846,0.7284126102981843
10.83473320172833,3.5281479631055084,5.847192671478871,16.88544272831491,0.6528077024150222
7.724836241472884,2.628552858956171,5.061163402647447,7.334202765641863,0.6418995518173914
6.183468834600145,1.8937143302357384,5.765489401307867,14.099581842000978,0.7730939088173238
6.2571144254274635,1.785576017873141,4.440435402449004,26.940125388972312,0.7427923631635329
2.775638098001528,0.9439526806798688,6.001388889830591,6.664470473594494,0.7284289874751159
3.2931412479506434,0.8363793927525854,4.111516348150483,19.912982526330126,0.6333627997505895
7.943128202214676,2.5943717001129207,5.171699794634246,6.266960448480745,0.7644729813026023
8.618992304387826,2.714073147458415,6.0464008355075745,23.74096100360604,0.9096614514737505
6.699000211445508,2.1735675032475763,5.294260803108727,-1.1189350080606209,0.6846027787296084
11.845213330831804,3.824889936694722,5.353922152000192,-17.048254925639586,0.5200901340104797
8.581283435373692,2.6652492098106784,3.5485369963966837,28.442990160001237,0.5561306554062537
9.515913733086583,2.9686650264724945,3.70020598911092,4.825122558398473,0.7394055394126029
8.757789392795223,2.9648388938114207,4.765827486501337,-5.013873010312291,0.5792134848485858
8.062424928778517,2.4737994724417818,4.221946794631537,13.728764155705461,0.5465706974354495
4.939764410193135,1.0981043132391994,2.8475904011758972,9.69208058755031,0.4937522889586607
8.769116781916187,2.8517528856834677,5.434724786050222,43.27182070675535,0.6738159668969442
6.7331671258001595,1.6415140118718359,5.719578231921499,15.30484339819163,0.4688336902708504
11.039031490479877,3.676177662588447,5.357007088384763,-4.132553150156104,0.6369872810750331
10.295916406337993,3.5283914617897127,6.411671375330187,4.093032581513859,0.7247296073273184
9.511056648890426,2.8878480870224847,3.510051860846579,5.569431279747425,0.4688449196484362
6.5316549408763125,1.6511314135299027,5.1255249336218345,-1.988039064375296,0.7161972759735968
5.306882788994631,1.574691949199684,7.639447634947952,-5.917928365181595,0.5456073083327728
11.206254437123963,3.87220915704121,6.397243630054625,21.042539475697435,0.6608907973039235
2.453955616902703,0.7805190922031328,6.150684569790211,-24.626379088353776,0.6140302098043642
10.238688756000487,3.245279430971315,5.908732055598298,10.53923592960011,0.6222948571522614
9.699869971952532,3.4314404354935597,4.193010361925487,-1.4237912907954906,0.6756254501378588
13.249289168861933,4.4175698425250784,3.259655906717485,-9.01762812841649,0.7764815475144592
10.599789989330844,3.466278874259601,7.588191429112917,6.158531193776984,0.5244575302751474
6.64732613650358,2.086487177261441,6.247416689575652,12.922108561348821,0.6243844875968473
8.884147742058582,2.608279742774787,6.962304524945929,-4.833949462147363,0.5483564780732054
0.05112423536686144,-0.07817496978109706,2.2440130007621386,6.208498212458827,0.5246552357108607
6.3999732846682065,1.6772062135789556,3.065531494074038,5.943430997066597,0.5257024569225847
9.010570784525843,2.631171588067609,4.024927839355412,14.39701117220428,0.6614773717824982
8.300180444432632,2.7789708023608117,5.217018344688705,-6.2583346002027325,0.4566464406333929
6.703441674623907,1.9270010345085429,7.314635025915764,-14.571078116175345,0.7437769913734333
9.610308921388295,2.9493472335642887,5.755208881276898,17.77618646068218,0.5046796318605539
5.75087186152042,1.3416067999612058,3.3310382705523556,14.633534259846138,0.6247254016151004
2.034554712301772,0.2963905683808504,4.7554018425061075,17.746180063783715,0.7377716056641666
8.938567642769181,2.962034929313407,5.576018923167792,22.810787883016598,0.8840218496835476
11.8210192170151,3.339445740895406,3.5239893734295165,11.818581605473852,0.4987888177114508
8.921131200520849,2.5469338251445373,4.494719285074721,16.05702190858235,0.6733093410477364
5.240747698787773,1.3254880659106318,5.577165938642677,-17.56225736467849,0.7615370555734547
11.331034330413305,3.47053171039978,5.910149379748496,-17.543026256295637,0.5308609888317903
6.434124644724551,1.800109026464229,4.121317398803798,8.992560526466539,0.6011820218304199
7.862440586574366,2.3212091882404833,4.228409306430483,19.951439771569344,0.5004423374616719
4.330924625921997,1.4137316673354765,5.860146143196357,14.333525293212912,0.5094805986385867
8.606384900762768,2.561684195932898,5.702527398517639,19.82078401679421,0.5205004243998178
6.624965744974512,2.1172155355717734,7.6210897641933055,10.163849795536212,0.7413344507526993
10.15610161783413,2.7672426687603213,3.6989163833819765,21.277829042475762,0.4917587544954909
10.856756753272172,3.771505446531251,1.236489020526008,-12.713001658688976,0.4928089439357057
10.401265220357935,3.276447812402652,5.870321889078957,11.304732317673787,0.6685433222863417
4.24310285836953,1.3483295469977747,7.843722639252984,1.94130709658094,0.5087986730637064
6.870044520999552,1.60412002123936,1.4839541784155963,6.431481486619495,0.5054537369569786
7.310105695626655,2.256767066897335,3.5170948614516075,-15.233621300836752,0.7148111514317227
7.673771107380407,2.1874416364954508,4.338683968286664,9.542857429741899,0.6896734718264561
5.721135561856876,2.1651359615059493,4.352158787761935,5.49871893373681,0.40957116886119643
7.92312574586255,2.3843395409357617,5.448859377957068,9.687265501565005,0.5607342254863411
9.560111834038713,2.952322421528779,4.155992439690979,7.531401911680056,0.7284990762507593
8.577863008977266,2.7899916263140283,6.121850246263895,12.935873609854125,0.6765328867070894
5.691742210247523,1.515462439439415,4.73882851634287,32.317414562387704,0.6154868407253193
7.36150225627051,2.4662502497162144,4.835053367327612,34.86495559262927,0.8016170541094826
7.374496875342438,2.3083814587448,6.087879135399708,9.712818914320417,0.7627325941769355
5.696442724473296,1.5326757956949015,5.441705008105789,17.62788683759132,0.6090137964894441
6.837874551245173,1.9991305152526824,4.825964001931002,18.341913875354226,0.716074929763717
0.7324243985316894,-0.07022677018436313,2.7058676139664892,13.994550905154107,0.8551009418701427
7.348845887235291,2.3525999011469367,4.963616907181893,8.91300508675141,0.6529884667037295
4.942653732647621,1.2260953086940205,3.7937833396620686,27.072532888142554,0.742403324176348
9.376401824123496,2.815285771217015,6.072661058387727,22.149721409584387,0.662872690766731
10.799135166629583,3.6398918222903416,3.975683972497287,7.275001267283828,0.7793943689478147
10.753302862127258,3.477219368100906,5.761431931691003,28.06540892335882,0.7148462480335913
4.207051338866628,1.0559717411495306,5.689319974078317,21.387330706548664,0.6727048005558991
9.565819291576497,2.9890769818972815,4.631041012364338,-12.410563945622732,0.7424185518498612
9.593351255358598,2.8425994351527732,3.5861379197878804,40.1930746519045,0.5081600644703028
9.026172092807872,2.555817099596206,2.267661929916565,16.413023997750596,0.6813491219388856
7.099919554465358,2.3145063999625206,7.704880769435346,6.351744124852984,0.6585103699685161
8.035144193532936,2.430261433863487,4.021623022541424,-5.922330977263089,0.5959901850851977
1.2463071316145824,-0.01794029483387427,5.94134008536062,17.257890883405157,0.5167803949701256
4.011144817955197,0.9934730526558674,4.241337540657542,7.4349004819330675,0.5606681351992274
8.04066401476027,2.7216453339724325,3.80541027791797,11.819845995968516,0.6580454760761814
1.367937650667104,0.40741432736277944,5.021630922858161,14.022804229423175,0.6765711697684443
5.657105868062333,1.5336158482526485,5.011576709586594,-7.268903876749063,0.7635907587545037
4.136246612328201,1.2717918850006602,5.0990559840117955,30.54973782263933,0.7180996378663683
4.960282928700867,1.686239207602183,6.87758301956914,26.829800128614547,0.700109111188045
11.205719970282017,3.539079534464661,4.101764003439728,27.281708271413983,0.6874479591231101
3.296419751824295,0.8492824183127329,6.281332679867349,6.3092154003002,0.6821263083363086
8.557897208417653,2.5601464559888134,4.201415621142439,20.643123079569456,0.5766469891845759
8.259531856117029,2.224490623557889,4.145477088673652,2.368936427168649,0.69173233151503
4.212844143906034,0.7156682504626051,5.3365353393442225,0.862551740738267,0.6202823100790587
7.426434813079228,2.4468610230317704,5.792073522037662,16.145330466351616,0.5849389883145819
9.990605107973565,3.0093855092005084,5.917871602274436,33.53347301316008,0.7301671066935089
9.645935157128049,2.8148590130568714,2.060802368340366,5.63311590682709,0.606463213611464
9.081443900680938,3.070729484824665,5.761435480778016,0.6008386297299603,0.43434429422497184
8.278729734630277,2.3445895079659222,4.256452927215519,22.986565806400048,0.6698530463901392
10.565708935614152,3.4803933315362,5.939984099681876,1.910367052972292,0.6131241644343864
8.73616808208511,2.7483864038961605,4.556606473154713,33.63734758815587,0.6221417283973768
8.115539937461982,2.6572611354390006,2.769993929264869,42.2129236733032,0.5507313507543024
11.969986381472363,3.8613963679102388,3.715675948412828,12.494443733325207,0.5643422570661352
7.20990564005541,2.0914806026767154,5.935848512254533,-5.818682861624656,0.7327804401981046
8.460762814652824,2.6174272959659115,3.930615666330606,-6.861852932362641,0.7685530032925104
6.5145959962554265,1.9716284893811251,2.9288358933609095,13.255783442461288,0.7290290242943924
9.927203316874435,3.0238857122016327,3.340707842573504,4.616238275704272,0.7559926113909979
7.559318130618483,2.3159025332147865,4.335682083047964,13.817694826344205,0.5995031952427007
8.300772254613484,2.472714479466284,4.432581101029182,-0.8111274272880644,0.5726343885133184
8.684443578484204,2.809006098320132,1.8573989909659838,-4.2250093040549945,0.6679308808435424
6.946990868603405,2.0020119538020182,4.670965662656523,11.658298397080708,0.47977819861680965
7.939518411297533,2.5086504159600844,3.326395248709145,-12.093510294289226,0.6220566630837511
5.592996909599694,1.7898746699685235,3.5556977516500994,10.506438676641793,0.7705048988419455
7.400167622700236,2.3676341561412713,2.2211230444602466,35.49041501054121,0.7198899747602574
7.450940589932674,1.9808617245313689,8.054531557334114,11.860265928048555,0.7332520512006787
9.091684320684108,2.969191626515397,4.608361647556341,19.202159176460594,0.5814010073647907
6.695232369192142,2.0431481530146276,3.60254075907771,-7.484372527056168,0.5988619677760961
6.376285159354937,2.1052995849762812,4.388045017493247,17.327439523618747,0.7199830572187897
6.923892044703337,2.07927518596932,6.504585825305155,-14.279150868382521,0.5593776475405547
10.652205666747191,3.104157452994271,3.8924447115212844,-15.014174206671488,0.5881162782266737
8.691404390591092,2.669988892783851,4.494698592790744,-20.059987390194724,0.6978137189372826
6.66038366223571,2.0015063902352104,6.148090870109895,17.859443052659127,0.5237837629437176
7.482267887726163,2.6002014506825195,2.8268252410973758,21.553230210202464,0.7593686318175945
4.275747459906325,1.3269632579657684,2.686946773019809,-1.1501079798729226,0.48394295487704286
6.187648819800998,1.7339438735389021,6.105212942950653,21.848187760391276,0.7562869086123424
7.712969585021818,2.216588843535864,8.165902200903298,-14.457608800206897,0.6352982439053861
6.759147667639235,2.074507023003781,3.827467587672256,-20.32002672633782,0.4612855542782415
10.506129504938409,3.2072683577655225,3.5445773190129546,7.9699806906213775,0.5931023348067264
7.2123612397404315,2.0346506078324964,4.8793178297658,15.904495462592779,0.6132302009341695
12.50326451281753,3.9336233749478473,4.290781761914576,1.9061291287113977,0.6920068990173542
8.315463166240775,2.223508214463571,5.182838642831006,11.542997845131593,0.5392357458028724
5.895287078267896,1.8339000082234205,4.651282259322826,21.98878923693946,0.6890399605315295
6.884934379817214,2.0243926681169793,3.9696760418634485,21.287368317120585,0.7104446086938364
2.4563762200236905,0.2953473483488726,5.2063873466011605,15.15379011377323,0.6692885333204074
6.902201855982122,2.5235503817463156,5.861953464924579,16.956399935352763,0.5677443346789969
10.115152673019782,3.271037468714256,5.278321834536524,0.6611315157068358,0.769940077301191
8.475585913663924,2.5104445954246235,4.284272926614457,13.00022767167083,0.5126332039703441
7.0869957187819885,2.045944369121603,6.038481012034318,-2.458359705033988,0.6923553538223166
5.826555638353436,1.8414620640537729,4.594167720053862,2.648148181373045,0.526633416359749
8.360538290319036,2.6109117866150364,3.2872804438207686,-0.6762756800790038,0.7409148426992063
9.815006857861064,3.080539842414501,4.062963762685154,26.353321219633838,0.7373058104679729
6.175618158196821,1.802344340730081,3.8781007609141946,12.061687736119188,0.6458860159437512
6.2370620792833,1.8115496438218037,6.718543655293869,0.3978444308874283,0.44415130854036977
4.896140330256086,1.6544840278985589,4.119422506570168,37.00517997273245,0.6037169178227345
7.1856483137783895,2.348183134538522,5.983738579819618,2.404268127020924,0.607776229567863
5.596105600737444,1.768748496898726,5.573431886025962,30.539422136636695,0.6186000549300885
4.262099522958941,1.1830324949971354,3.422373678943875,33.351443830619985,0.7313239364071371
3.1370625038799513,1.0079103906777667,5.827304725209432,26.42848192604066,0.7157450631665044
10.128372909619454,3.3733022157800576,4.441758948198844,17.192123417034765,0.7073657416100417
9.470592058583515,3.036936326219329,4.033232785528846,-2.4385510024596906,0.5169899915654912
10.78230534339806,3.726827108409307,1.715054021803001,1.0157145515461383,0.5261387763358248
3.257954655333513,1.0034169190674023,2.7567641994247625,46.52732915066595,0.7151480610104067
10.532352899901218,3.6629233828439105,2.837871704824406,5.6936715721155435,0.639759258871174
9.845994108089936,3.0913046212753454,6.072950770862773,5.192404341004894,0.9127804426275217
5.581178917692153,1.7623167990913169,3.33873753064207,13.567370973129561,0.7183271640895283
4.82816245480027,1.2138423543198966,3.099737456757667,-0.49946918556655756,0.7567522837855482
6.9018348299553605,2.6007119727235213,2.925673214199727,10.090177946871593,0.35846335257729367
4.395470263924918,1.3438212246452121,7.104150103929983,15.30046278445967,0.44173225559729323
7.613244874367344,2.7118482470391765,1.2479411260293116,21.028531110503774,0.7613050147560957
4.680473191584429,1.5719081413140206,6.93164534307647,10.163510883295261,0.6236066553024328
4.149672861361745,1.534054081321032,2.629687827623629,45.58313347234877,0.6966970518000641
6.522373691666338,1.3446268809529816,2.17468706757902,7.046682536655992,0.6999566476882464
8.993395238266485,3.1494775984024743,5.000745679128476,13.788287943930339,0.6782742969271596
7.945243701389727,2.366542391566472,3.3275875486324966,26.61189413270968,0.6081542160963334
6.936598542436305,2.2657785710615683,2.622019537981375,-1.587034938433725,0.7026623631172535
9.44661909621383,3.2335498455629383,6.1943155920513675,12.199334802648549,0.5417661855878146
5.699290550588373,1.729458676186976,3.6964266773158085,-16.479810551973014,0.4968928688627339
4.908055916624571,1.4414263744999702,9.283866389571472,-1.6406246777509983,0.5248798443401985
7.9701931156282555,2.5322124873556486,5.153861463975713,-0.21525522939021693,0.6646055516308887
7.4654401811927995,2.5005236943192597,5.229016807987565,-11.98136895493753,0.786767865375836
8.137610745484233,2.545207345389242,5.186752169147582,17.21504486530417,0.48917596596997376
2.528406297667659,0.5151734099587164,4.471502870706111,-1.1202468655055067,0.6597811611213428
6.775545966849388,1.8771980645454736,4.153330882621389,-5.18702577788085,0.7310558296061076
10.14366576325307,3.4068832528340938,6.595527824204704,29.189588828681167,0.4255520351856885
10.092458491778155,3.4639325820140456,4.959638971266623,4.084331465220643,0.5994038322090942
9.113514735737974,2.717982775268328,6.399962885195674,25.146521236620664,0.6311965163170088
12.290803351526796,4.198448086150194,6.551988153230509,6.254071484143357,0.6296966132318246
7.558781218405461,2.3238514782328457,5.230149150547466,33.48751345007361,0.5831091727613171
3.2213562299706844,0.8666779982087205,3.512119170378959,23.2099498097652,0.8889923936993124
7.517798968310572,2.3726431331637348,7.257398974189913,29.508451326999587,0.6895546824600369
9.177441346097815,3.1731448104696396,4.016222351475377,-7.816919659182895,0.6510245188819805
8.469319496413377,2.935921134031025,2.3772053857791016,13.581192852451505,0.5662535672135618
1.9292444637491752,0.4347570913341202,7.654554443399174,20.82991819817677,0.8373535792664257
8.553181550602034,2.8130798666759147,2.844666399670938,43.87549402610317,0.7901945193352541
0.9221434232760529,0.3835690815442575,6.1615899474552895,23.998201848518026,0.46653451093099557
8.611713910497503,2.6643366837130498,3.522792248596592,19.333010349717046,0.5213096451163561
9.03026424757031,3.086443500779819,4.146203069453836,-9.263149540489941,0.6775901028277809
9.795944243612743,3.057357779672448,3.0759252828801826,23.710265361018948,0.5827882531522713
8.20787775478525,2.605371711746407,3.8251442826858626,18.969834882828135,0.7764147189810227
3.5670229763978547,0.8019187913353255,4.598046957241755,1.6721364376331311,0.528003632027507
3.2411669463327075,0.8896847399093334,2.3407223805357718,18.428019270926068,0.7134161879095517
7.532688548726718,2.390475171388999,7.2257547922594485,39.912721606652916,0.7654372489754989
6.6891050618541374,2.412044728407662,5.152516287633605,16.305198619359132,0.766178992939883
8.631481439381238,2.464548295920473,7.568001925491177,30.452418088299556,0.6116577961044863
4.299294316857684,1.414714807276463,3.1027445187006015,-1.9169320746735445,0.6060658364845901
9.076548130024696,2.454404347645334,5.613777179800312,12.848214650362646,0.7102612206472724
