Size,Weight,Sweetness,Crunchiness,Juiciness,Ripeness,Acidity
0.6949843,0.23312613,-1.2710063,0.38601795,2.5817964,-1.417212,-0.46742395
-1.3372183,-2.2584054,0.3534568,2.3182433,1.7363456,2.577507,1.7537975
0.86093533,-0.00411146,-0.4467913,0.76481164,0.8832713,-1.3813554,2.779565
0.50895,-1.3384913,-0.910047,1.0209854,-0.50447243,1.3741652,-0.43854025
-1.6223977,1.9308147,0.96331733,1.0721811,-1.1580006,-1.9451498,2.5907426
-0.4652806,0.034788698,-0.7255158,2.8584042,-3.6910858,-2.3187509,-0.28171268
-0.8196183,-2.1286707,-0.29806045,0.15692039,-1.4728956,0.55215985,-2.4275918
-1.0260354,0.8818205,0.693956,2.440729,-3.2654803,-2.6259394,1.2431022
0.63661724,0.7334886,-2.2982688,3.8498526,-3.3502195,-2.2298563,-0.24309497
-1.110318,0.54941213,-0.45592132,0.39373767,1.783574,0.12086102,-1.263113
0.1518387,-3.230626,0.78474677,1.093523,3.3717272,-0.03848979,1.4612937
-1.7570438,-1.5800253,-2.5556421,0.69314474,1.4972345,3.441749,0.049996797
0.64385575,-1.5397657,-1.0023546,2.530615,-0.52072847,-0.7148863,-0.83731025
-3.1775815,-0.34985024,0.25619203,4.439697,2.0338037,-3.9807804,-2.761315
0.25923386,-2.762273,-2.6609008,2.1795552,0.011281081,4.321658,-0.064270645
0.08580628,3.5734527,0.23566367,0.7485309,-0.5952121,-2.6422565,2.8351824
-0.88604134,-2.7064881,-1.3351287,-0.39740723,3.5751388,1.0883713,1.723766
0.11769797,-0.4410225,0.5949216,1.4817159,-2.4641075,0.3870913,1.0355438
-2.9285815,0.45799866,-3.7732112,2.7564826,-0.13791522,-0.36048505,-5.0292444
-0.49025896,-0.5552677,0.38315326,0.9494141,-0.33996975,0.1572739,0.17474662
2.2773738,-1.114538,-1.5570909,-2.8020127,3.7864995,-1.1998245,4.9403934
1.644179,-2.6750443,-0.76568305,2.5385313,-0.49126944,-0.14476539,-0.86088514
1.3463527,-2.9655044,-0.25209883,2.9789312,-0.4761946,3.484334,1.3538061
-3.6605299,-1.2444382,-1.1703596,-1.8316764,3.903307,1.3014916,4.79597
-2.817746,-0.80630505,2.3428378,-0.23534843,0.08611143,0.854826,-0.5759066
1.1333175,-3.0179634,1.9253222,2.2463973,0.83249635,0.68495214,-0.16008517
-0.09895767,-0.75396407,0.732127,1.2101119,-1.2208834,0.4735374,0.554754
-2.690604,1.5351576,0.6236227,0.037295043,0.65216005,-0.5576423,-1.1659129
1.2740815,-1.9130833,-1.9310412,-0.7456086,2.6463687,0.46185848,2.5741792
0.8922883,-1.0234265,-2.1945968,1.3794616,0.12259149,2.1186812,0.4218386
-0.31985572,-0.5287815,-2.4824622,1.4082183,-1.9717865,1.0918825,-1.8148497
-0.79880387,-0.94186676,1.173462,1.933686,1.2249489,-1.5119386,1.5002449
-1.3782805,-1.0933794,1.8303148,1.3461201,1.3135489,-0.94546205,1.4032044
-1.994556,-0.44973165,-3.3210127,1.4114834,-0.707922,3.965479,1.0413803
0.57181555,-1.1311986,0.21975166,2.4321704,-0.8262335,-1.2431918,0.6816207
-1.3688997,-0.5234338,-0.38661352,0.49969035,0.41528568,1.5003024,-0.64170974
-1.0375843,-0.2997015,-2.3205333,3.033257,-4.339292,-1.8260448,-1.9118013
-1.6611664,0.8164002,-0.6780972,1.009126,-1.0392344,1.3225812,2.7025428
-2.2230756,-2.074051,2.0222626,2.3999803,0.16050464,3.0356367,1.7960197
-0.7040208,-1.2561412,0.33639,0.30623737,2.2510083,-0.9592446,2.5045998
-0.1408956,-0.6783803,-1.8614324,2.4094975,-3.0063646,-0.9668113,-1.1366923
-5.2410254,1.6128206,0.627497,-1.3302982,2.0852656,-0.57404345,-6.8692613
-3.4696615,-0.36729223,1.2357265,0.36884865,2.132232,-0.08484955,1.8921652
-0.8089954,-1.6038955,1.4490527,1.9897105,0.3007011,1.4891455,1.7242111
4.3231254,-2.998124,-2.8840277,-1.5136204,3.7942507,-0.938488,3.4083328
0.60863715,-4.346931,0.3907001,-0.50820225,-3.125528,1.0429293,-3.5176263
-4.7641993,1.8891723,1.890748,-0.30286378,3.0904593,-1.5681405,-4.075691
-0.30194584,1.6316895,-2.8178198,0.4246833,-1.3581427,2.7213674,-0.14765339
1.8313805,-1.121818,-2.210625,0.8826893,1.1616842,0.43591204,0.28569144
-3.309906,0.0027219423,0.9772415,-1.0619811,0.6162312,1.8283662,-1.5481629
-1.8488286,-0.106030956,0.7091423,0.220137,0.49575776,0.61952525,-0.039408315
2.5091171,-2.1744928,-3.7450776,-0.8081807,3.1454337,1.9039496,0.5373446
2.0193858,-0.20136945,-0.8845984,-0.32567132,1.5320252,-1.2686521,3.3135855
1.0687587,1.4792129,-1.4970489,-1.6261128,5.1008325,-1.6478238,-1.6809336
-2.171689,-1.2262294,1.580519,-0.39437997,-0.07414762,1.6575764,-1.6671681
0.098375544,-1.5512075,-0.15631868,0.9941229,-0.6175846,1.1418935,-1.0033386
-1.3889772,-4.702541,2.232503,4.193898,2.8919017,4.521245,3.6816022
-4.4430666,-1.2197452,-0.5592898,-0.9936365,3.6788821,3.1879334,-1.4735827
-1.4217919,-2.8156722,-0.3665443,1.1090181,-2.8123899,4.0647345,-0.17568585
-1.16732,-2.8392642,1.9726493,-0.8393798,-1.1454893,2.2464244,-2.381851
-0.8551067,-1.9379421,-1.4247259,-0.0861763,-2.5868928,1.6697718,-2.34216
-2.950597,-0.2427902,-0.98599786,1.8537161,-1.7397722,-2.2443328,-3.8469186
0.49039242,-0.27303705,0.26862228,0.60217035,2.2331352,-2.8851607,2.4905157
1.2069238,-1.4794449,-0.76970404,1.6522803,-1.9339885,0.5187513,-0.19891544
-1.5525603,-1.8984189,0.50998974,-0.45615557,-0.36808944,2.622627,-2.1351821
-3.7605703,-1.5069414,4.6745286,-1.5010555,0.23458053,0.30834818,-2.1989987
1.9727007,-0.74714965,-0.88074327,0.84738564,1.2322998,-1.6113213,1.6226407
2.5542195,1.2275718,-4.512487,0.63699585,-0.35134575,2.8968937,-0.5398118
-0.270202,1.6478686,-0.25693116,2.9717371,-0.5822885,-2.9452062,2.2209306
-2.9987593,1.5209152,-0.47957358,3.0528042,1.4122378,-2.3245091,-1.8658195
0.61132467,0.058171455,-1.0310193,0.8024084,0.1734452,0.3718606,0.50927454
-1.5580583,0.99043167,0.47784483,1.0985172,-0.22005819,-1.0537641,0.15063447
-1.7768785,-0.04471318,1.6611712,1.5700896,-0.995511,-0.5022031,2.719524
-2.8917782,-3.6680176,2.1049013,0.4709637,0.21221219,4.778603,-1.0745293
0.38245323,0.6064719,-1.6015483,2.147157,-1.2424626,-0.41203004,-0.1632618
0.58959836,-2.713917,-2.4078393,-2.2414925,4.7917547,0.42835328,3.5672047
-0.3075429,-4.0568533,3.2127335,-0.3526039,-0.17550264,1.7096279,-2.853983
-0.35636097,-1.2671211,0.6772752,1.4187645,-1.4628588,-1.0184646,-0.5805599
0.025646273,-0.17885156,-1.5984707,2.1242883,-2.9321544,-0.7878736,-0.7967028
-1.1240029,-0.69432986,-0.415983,1.25188,-0.4108242,1.7677177,1.0477642
-0.7634462,-0.6170111,0.035970416,1.3029394,0.7287005,0.29312778,-0.5165762
-4.0236917,0.4936927,2.8412383,-1.4907473,-1.3540862,-0.75607556,-1.6382434
-0.5883687,3.8766387,-2.0761697,0.8994056,0.3851945,0.8053535,-1.9529145
-3.0365818,-1.3015699,-1.7242248,0.11801492,1.3680083,3.4338295,-0.43225116
-1.9910728,0.085064635,1.1628935,0.6067323,1.3196034,-1.1372893,2.095564
0.7534375,-1.8322568,-0.50586396,-0.26229072,2.6195586,-0.8561205,2.8263788
-2.6119597,2.34477,-0.2737481,0.13364984,1.9315945,-0.54001737,-2.349803
-3.0938568,1.8769388,-0.9572146,-0.8976433,-0.8008443,1.8719754,-0.74758583
-1.6346157,-1.6856194,-0.7534693,-1.7822038,3.973524,0.13422082,3.5987225
0.88359755,-0.24990189,-1.9792786,1.7561123,-0.5466987,0.38385135,-0.15318246
-5.64313,1.9765886,3.6410692,-1.3934157,1.8339808,-2.295939,0.25533807
0.40101123,-3.143598,2.2402456,1.5285445,0.6331072,2.6160097,-0.52176887
-1.230627,-0.21402617,0.42415997,1.1360433,1.2869554,-0.9044869,0.48943287
-0.692401,-0.7894506,0.076607816,1.3832753,2.2078502,-1.3108718,-0.35980207
-1.0826011,-0.07505479,-3.0258136,1.654243,-4.2360935,0.36579555,-2.2025893
-3.1161172,0.41813076,2.519817,-0.2958615,0.12656401,-1.5820107,-1.1835065
1.0862049,-2.841666,-1.0248005,2.4945638,0.5142016,2.9857225,0.30303338
1.9593526,-1.1182985,-3.2171035,0.37082916,1.6736349,1.6197838,-0.8548155
-2.1015458,-0.39355302,-1.0693563,1.3426228,-1.3702676,-0.61597675,-2.3724523
-2.4517832,1.5738488,-3.3151193,0.5506776,-0.58583343,1.8519852,-4.380292
3.0558724,1.4021902,-0.6518782,2.0388258,-0.7357092,-2.9990928,4.2823873
-1.113613,-0.625301,0.23191504,0.520793,-0.029837413,0.51816946,-1.0380702
1.6019047,-3.4673345,-1.7128747,-0.38430533,3.668631,0.31380284,2.7646172
1.2924471,2.5137153,-1.9665821,0.6886175,-1.27496,0.72182715,2.2475836
4.004045,-0.99289083,-1.9084272,-1.8808843,3.3177354,-2.3363566,4.0941525
-0.37384468,0.727674,-2.3127918,0.70090216,-1.5156121,1.9866695,-0.90235347
-1.5233982,-4.282034,-1.0789087,-0.5374389,-5.549756,3.5860348,-2.9735997
-0.6604576,-1.5966712,0.21634173,1.0466082,-1.5904769,-0.7628914,-1.4077625
0.14377764,-0.78292924,-0.27072614,1.233293,1.1400563,-0.7659809,0.75974464
1.2827301,-2.3852146,-1.275162,1.4650317,-2.7064462,1.4739981,-1.1713486
3.4043992,-1.6210754,-3.3065248,2.8441093,-1.042232,0.827234,0.33935243
-1.3842058,1.444175,-0.4234601,0.9221299,-0.9879794,0.034842238,0.0069424445
-0.06949573,1.7277129,-1.8485833,3.3482318,2.4822278,-3.731384,0.29058227
-4.798183,1.6794682,2.7198248,0.6825272,1.5067015,-2.7364416,-0.4843982
-0.9557901,-0.4642096,-0.114556246,-0.94623345,2.4174502,-0.29387495,2.9475286
-4.2220473,4.331224,-0.3345105,-1.0729365,0.87300074,0.5482162,-3.2022562
1.8159099,-2.617369,-0.6531881,1.7030405,-1.322865,1.4388171,-0.8446443
-4.8529496,0.32991177,1.6540964,-1.4555941,0.6781747,2.0306866,-0.6838365
-0.48442325,-1.2962351,0.85824865,0.32405332,2.7203512,-1.0107801,1.1346283
-3.2676208,0.44360298,0.4846609,2.0091093,1.0456259,-2.0661373,-2.5231237
-0.668902,1.0492694,-0.20362061,-1.4075078,1.8776532,0.17742299,1.7829313
-0.5827157,-1.9577986,-0.58655095,0.28022578,2.5604265,0.6146709,2.5018911
-1.4910209,-0.35340372,-2.6949923,0.32624662,0.7746703,3.1484807,1.1630722
-0.833741,-1.6469717,1.0214769,2.9005747,0.30425614,1.5516207,3.7676983
-0.6097119,-0.7551672,-0.82236737,0.31091884,1.3375796,1.0411005,1.221273
1.3551337,-1.1363724,-2.7305515,2.2020078,-1.0157764,0.87782437,-0.95448965
0.9787543,0.9635462,-2.6741176,1.1957223,1.7297283,0.5700677,-1.6130518
-2.0796237,-1.5747395,2.1429677,1.1283331,3.129359,-1.2706615,1.1833278
-0.82709026,0.8695322,-0.8537593,1.01967,0.2433489,0.3821141,-0.6203019
2.764223,-1.9617128,-2.1153734,2.5936484,0.07741903,0.11491961,0.5188217
-1.9288446,-1.3582461,-1.1988661,0.27088863,-1.4358282,0.4694581,-3.1832356
0.41790432,-2.3533084,-4.350696,3.3211956,0.2606631,0.5944112,-4.3602023
1.1578243,-1.4435918,-0.9389599,1.754391,-1.4509171,1.1121382,-0.08138985
-0.585376,-1.2466265,-1.5758286,-0.9560795,2.5362391,1.0240422,2.266872
1.8080556,-2.7764747,-2.4300613,-1.8989168,4.4073486,-0.4511971,4.8948393
-3.6981595,1.2179109,3.1151342,2.6712759,-1.5322971,-4.6732078,1.264945
-6.712058,-0.2474925,3.5644517,-3.4044406,1.9995441,2.2506273,-3.8031533
-0.20125976,-3.745431,1.745027,0.45396096,0.69162875,3.3031383,-2.0458248
-1.0960152,-1.5849879,1.6834301,2.0065937,1.3100607,-0.9489697,-0.47835183
1.859917,-3.3037236,-2.499954,2.194157,-1.8827162,3.8161328,-0.95208967
0.83022535,-2.897694,0.9349624,1.6100104,1.0473627,1.8790059,-0.35449108
0.35227963,-3.0352824,0.31811297,1.5357769,2.7073922,1.4172117,1.6913605
-0.799773,-1.1379858,0.7614493,0.96442777,0.64102143,1.1008489,-0.15632738
1.3813818,-1.9987543,-1.3078496,1.3933997,1.1274056,1.6151625,0.6329655
1.6622826,-0.4347592,-0.9338608,2.1033964,-0.8180822,0.41344053,1.5997006
-2.8360362,-2.104755,2.9469762,1.6020515,3.6402917,-1.6060542,-2.5893006
0.10381618,-1.1718493,-0.87521225,0.6746762,1.4019561,0.9073351,0.3907855
-1.283221,0.13915233,-1.8104457,1.8922274,-0.4850957,-0.0066289897,-2.1468916
-0.2551709,-1.0351993,-0.08329567,1.4897006,-0.2761481,0.67091393,0.2651435
-1.6052164,-2.164773,-1.1886315,-0.52210176,-0.26605442,3.0282547,-3.9021027
-0.07580033,-0.41233835,-0.847394,1.9694867,-0.102668256,1.2118466,2.6087477
-2.3045175,-1.1741723,2.4025369,0.9777714,2.988844,-2.3143404,2.4422126
0.69094294,-1.8942237,-2.0256925,2.4493496,-1.5685446,0.008614769,-1.489218
-5.390988,2.0520756,3.6214697,-0.4852302,2.0789876,-3.3500094,1.9523424
0.28136262,-0.68939054,-2.1507351,-0.41423327,2.2067912,1.460915,1.1662472
0.30208254,-2.5487669,-0.20221128,-0.62555236,5.0077,-1.7485682,1.5299497
0.41560787,-0.23145299,-0.9749037,0.6337605,0.9405929,0.48763996,-0.19500077
-0.30493414,-1.494569,1.2348742,1.4802196,0.9489651,0.22084826,0.66080076
-1.5287563,-2.2666433,-0.91377866,-0.8744915,-1.5460727,2.08704,-3.6668477
-2.74331,1.0989417,-2.2931924,2.8007696,0.9896062,-1.0407695,-4.198839
-0.0075785625,-4.6703367,4.2141747,1.0755241,-2.3186233,4.419583,-0.071134485
0.13312688,-1.3894384,-0.32543263,1.5916789,0.44965807,0.5448836,0.19663428
-3.0031526,-0.71399546,3.1304133,-0.08387648,0.7569536,-0.79899883,-0.99547666
2.4845812,-2.79908,-3.4254906,2.5994782,0.18806727,0.8313291,-1.4476964
1.0003237,-3.2768524,2.6722953,4.384118,-2.7193995,-3.528584,0.08835761
3.0434673,-0.102083504,-1.8692952,1.8870908,2.2945056,-3.5665803,3.0063505
-0.19308792,-0.20896246,-3.2071164,4.172148,-1.9204715,-1.3864268,-1.9656461
-1.0248225,-0.5897202,-1.1392984,-2.0549707,3.29632,0.3895433,4.196695
-3.2538304,1.2760303,0.3781413,0.14447081,2.7824886,-0.50820804,-3.5540395
1.4568295,-1.2780113,-1.4648798,0.11396607,1.8706638,-0.0027563374,0.86676234
-1.9605213,0.16720979,0.07283064,0.58935374,-1.9757589,1.0769672,1.0181853
-1.9745517,1.1459876,-0.86847305,-0.81669426,1.1159737,1.8350397,-0.49560395
1.0789933,-0.07960896,-2.975127,1.9566448,-1.8616208,1.7599112,-0.60755247
-3.562545,-2.5181215,-1.7562702,1.9002538,2.572132,3.3359458,3.5404391
-2.7706532,-0.16627672,1.8533163,1.0016677,2.4238548,-1.4470277,0.9005451
-0.21052383,-3.380612,-1.4539709,1.9187223,-0.47868013,4.645709,-0.72065216
0.2393769,-0.9110713,0.012035017,1.2646916,0.3948575,0.19993195,0.5012288
-2.8104386,2.8500488,-0.018418077,1.4955081,-1.0982002,-2.0290828,-1.0419638
0.16307056,-0.13090907,-0.053844538,1.0218973,0.76590925,-1.3341708,1.9373604
3.4633434,-4.617048,-0.041114945,2.7706661,1.9709772,1.0095916,-0.29344872
-0.14484204,-0.8536485,-3.615577,0.9654157,-1.2521226,3.2501614,-1.6785012
-1.1585647,-1.201358,0.04224108,1.386488,1.690671,0.16115656,5.1500726
-0.7241319,-0.6111701,-0.31638962,-0.10941617,1.8307182,-0.12678255,3.4288375
-0.60095334,-1.8773321,2.1659327,2.1119943,1.3506515,-0.18911056,0.5935453
0.21785969,-1.7092667,-1.786981,2.4549017,-0.76904815,-0.045151882,-1.7551439
-2.1354086,-0.31106254,0.7316939,-0.06216148,1.1105589,0.35877967,-2.5537684
-2.104038,0.36611623,0.54915065,-0.03207966,1.0707659,0.7724131,-0.78313005
-2.513257,0.30038926,-3.2694962,0.6950403,-2.5759733,3.845326,-0.013140405
1.6734561,-3.2593791,-0.6491488,-1.9397694,5.9066806,-2.1423714,6.008003
0.34608456,-1.876399,-0.5905411,0.89162666,-3.640721,1.6841539,-0.7514804
-1.5180022,-0.42183694,-0.4330567,-0.06370152,-0.39419544,1.6380167,-1.0824038
-2.4587038,-0.34723926,-0.7949287,-0.5888487,0.024505813,2.4836097,-1.9412249
-1.485824,-0.91503096,1.0621163,0.50778955,0.2886187,1.0636429,0.017765624
-2.3966386,0.39927506,1.2147399,0.53422326,2.8310354,-1.6688194,-0.54338294
-0.119695924,-0.3159074,-1.5596628,1.053547,-0.7721743,1.5382957,-0.44538656
0.21455109,-0.7274769,-1.5479861,-0.5622948,1.7676393,1.1177852,1.2237556
-2.1586568,-3.790152,2.6224256,1.6566228,1.1085037,4.159779,0.6291222
-0.5798884,-0.7803417,1.5162901,1.3823891,-0.66256493,0.056740034,0.9179743
2.6544766,-1.6672115,-2.3788376,-2.3156466,3.608134,0.19114651,2.549256
-0.14235786,-3.7328355,-0.024082394,-0.50325805,-2.6423173,3.2169163,-3.0644705
-3.7831705,-0.18578851,2.712669,-1.3656754,0.36338165,0.70025176,-1.6535497
0.5765285,-1.6550031,-4.905713,1.0325911,-0.8068665,4.092314,-2.281468
-0.12572935,0.9505423,0.46463564,1.8406798,-0.3217697,-2.2726355,4.0307727
-1.5440055,-1.1284794,-3.1937556,-1.1533971,2.7443461,3.0032628,3.761755
-0.5005543,-1.4185604,-0.6820023,-1.0881474,3.056959,-0.06422013,2.64786
-2.2524064,-1.8033806,2.4768806,1.0660522,1.9266794,0.944782,0.5500472
-0.27841985,-2.309475,1.6681366,2.0341496,0.6300903,2.2957795,0.8431878
1.8474633,-1.7504758,-5.16878,2.0278387,-1.1845547,3.5203142,-2.2736359
0.64017934,-2.023109,-0.20548546,2.4671042,-0.22696304,-0.8103756,-1.0927215
1.2441634,-3.0486531,-0.8487869,1.3692087,-1.361986,1.0704451,-1.9472998
-2.7259097,-1.7934138,0.4174135,1.7124395,2.2248554,1.1252625,3.168884
-0.9336595,-1.2005758,0.3335997,1.4785691,-1.8207041,-1.2940121,-1.3376547
0.16782309,-2.2057724,0.18427876,2.7616627,1.0528982,2.2932768,3.065245
-0.42855117,-1.196229,0.15797164,1.4494286,1.0689318,0.45806548,2.4764435
-1.046192,-0.9995324,0.77637887,-0.15618436,-0.29558378,1.2137644,-1.1157167
-4.673187,-1.9827865,-0.17776638,-1.4137464,-2.1490333,4.23753,-1.6323694
-2.560585,-0.57185525,1.679201,-0.002899284,-2.6364162,-1.5298408,-1.7814124
-4.552431,-0.5625433,4.4650807,-0.774074,1.0121899,-1.2338665,-1.519436
-0.1987416,-2.8306363,3.135536,0.6625488,-0.84453666,1.8071977,-0.525694
-3.996316,-1.0606754,-1.112288,-0.5531195,1.4699715,3.5757353,-1.0570885
-1.0656289,-0.1649877,0.26633146,0.9249553,0.9138577,-0.3222324,0.502995
-1.7662561,-2.5787163,-0.11840749,1.4334977,-0.06679353,3.6590004,0.020378942
-2.1308367,-0.8826797,-0.8600546,1.2402618,-0.35722995,2.5878918,1.0842441
-0.10514871,-1.853199,2.3086834,3.222177,-0.65727484,1.40891,3.7314882
-0.44880024,-0.59380186,-1.4832933,0.9333395,-0.5373549,1.7780364,-1.1186684
-0.47344914,-4.31153,2.6519608,1.538499,4.4776473,-0.55550474,2.4601114
0.06084703,1.1830703,-3.0172262,1.8841,0.21672177,1.4514015,-2.3556397
-1.4637946,-2.2769513,-3.1495676,-0.2609916,-1.0831642,4.031413,-3.353112
1.4511373,-0.82793736,-0.5257352,-1.2083927,2.5284839,-1.2912264,2.8448312
-1.2263361,-1.889312,2.2586732,0.72004956,-1.1890938,-1.1737847,-1.8387611
-1.7951521,-0.9501078,1.3725234,-0.42894173,-0.096544236,0.94177395,-1.5087008
-4.142642,-0.09097731,0.2005932,-2.07268,-0.64511555,0.8142634,-4.575894
-2.4821002,-0.027452162,0.84125656,0.24380384,0.388029,0.64231044,-0.12958488
-1.5608143,-0.87069273,-1.7625544,0.68557733,0.70656,2.7934093,-0.533002
1.1543604,-1.0045576,-1.6352487,0.5236113,1.6000028,0.33423364,-0.11719725
-0.51096433,-2.0961282,0.53231436,1.3152363,0.50379556,0.24848324,-2.4430306
0.055605564,0.7071962,-0.14995597,-0.62117165,1.7416043,-0.5893353,1.0038472
-1.1939943,-1.630898,-0.950578,3.5756404,-0.14635478,-2.2864025,-1.9363141
-1.9475718,-0.9628413,0.9882846,-0.3579695,2.5926816,-1.2548811,4.362496
0.12399817,-1.3649724,0.37345046,1.4238805,1.0032402,0.6057749,0.45025653
1.359917,1.6875781,-0.49235246,-0.43623438,2.5215566,-2.5609763,1.9345951
-1.8004717,-0.65186596,1.7859949,0.5106632,-0.78308654,0.5980624,0.46095935
2.3581884,-1.823322,-2.385524,0.6512766,2.7555528,-0.8057013,0.3669068
-0.63032633,-0.8313559,-0.8310319,0.56016135,-1.6064093,1.3487877,-0.83268553
-1.7458947,0.7681632,0.6500062,-0.4922444,2.4050577,-0.4048898,-0.8361269
-3.5238514,-1.516033,0.13134885,-2.421975,-1.2681843,2.3170774,-4.524582
0.2922299,-1.1021233,-0.4048814,1.9639368,1.9838835,-1.7719289,1.0063659
2.0953896,-3.756382,0.19474375,1.467979,-2.8892996,0.97014177,-1.7502822
-1.1471719,-1.2210245,1.0097257,1.3585161,0.14938548,-0.622356,-0.77945465
-0.23024896,-1.0972518,0.814275,3.0627842,-1.3320003,1.981202,3.275348
0.19942422,-0.5338155,-0.30063817,1.7203676,-0.13180546,-0.60750985,0.4474707
-2.5859888,-0.6647477,-1.8525809,-0.2842809,-0.026566554,3.264457,-1.6021734
2.0663269,-0.9052701,-3.8632052,-2.3543696,4.1081977,2.0482035,-0.65169674
1.3008691,-1.1594357,-2.6170852,1.9999379,-1.1926187,2.333542,0.82529896
0.39063486,0.7483004,-1.8888651,0.44006813,0.32537797,1.153164,-1.0293732
-0.3531883,-3.5817988,-1.1957558,-0.6927875,4.5646625,0.63594913,2.4500487
-1.5345625,-0.37806162,1.0494348,1.7596232,0.09500685,-0.3828173,3.5540338
-0.2850666,0.21815707,0.18605539,1.5197011,-0.047550436,-1.0254383,3.3834023
-2.64936,0.49569118,-1.4904989,-0.56080174,1.1769434,2.51414,0.726881
1.1882228,0.39650738,-1.108845,0.7621426,1.4165975,-1.3752223,0.83786386
0.76341236,-0.6382648,-2.232878,2.653155,1.3921869,-1.3058647,-0.21036488
0.68324906,-2.312648,-0.34204933,1.9211968,-0.5105061,-0.052322343,-1.1945786
-5.7302856,2.0082846,2.2104263,-2.0026138,2.3917727,0.8217047,-1.8197691
1.5203083,-2.5764601,-1.9250212,1.9070793,-1.967952,2.9507277,-0.6327773
2.6906002,-0.7953158,-4.3980274,2.6883752,-1.8719816,1.6486595,-1.2717304
-1.7534664,-2.2917988,-2.7223816,-0.30693972,2.6852942,3.8837423,-2.26493
-2.4910295,-0.9524905,0.12100978,-0.7668163,-2.910759,-0.22535641,-2.4723551
-0.16702862,0.6633054,-2.7528334,0.32784474,2.3170142,1.3712665,-2.9472523
-0.24182336,-1.6342757,-1.1156819,0.8048445,-1.3051817,0.98934865,-1.8873943
0.22219284,-3.7867212,-0.9162223,2.5347579,2.7950327,2.9641235,3.1012654
-0.19812694,-0.7680236,-1.0181572,0.7916978,0.4901591,1.5084652,0.7986296
0.9531398,-0.88616276,-2.4945352,1.3921479,0.29103592,1.7528874,-0.7094108
-1.8142684,-1.5563165,-0.12443408,1.1900637,1.3404739,2.2997482,0.029473683
0.05493839,-1.9456085,-1.2676256,0.8960236,-1.8487967,0.710415,-1.9635276
-1.9525926,-2.279649,-2.3426359,0.5936585,-1.7172893,4.5440536,-1.3415848
2.7274368,-3.5526206,-0.45032224,2.6414964,-0.92839855,1.165615,-0.9098169
-2.6314535,-2.1949804,-1.320711,0.2279389,3.0681343,2.0126488,2.1351094
-1.9076678,0.51588464,-0.18308026,0.02297155,0.5659697,0.6594095,1.0953159
-2.2988262,-0.009901411,-0.31939185,0.052057166,0.820773,1.5483043,0.48407623
0.73423505,-2.8728101,-0.22772688,1.8637595,2.7312386,0.55866367,4.5968156
-5.495833,-0.24049573,2.4368198,-1.6563795,2.6699789,1.8112206,-1.9877741
-3.0096536,-2.595905,0.45403725,0.49477372,1.0658882,3.6459887,-0.7733935
-1.050796,-0.8620448,0.14220186,1.6588641,1.7130556,-0.9268252,-0.5584181
1.2210042,-1.7658991,2.8251643,3.858108,-1.4666009,-0.72568053,4.155312
0.72039855,0.4008827,-3.6516364,3.4348876,-2.4162424,-0.15711765,-1.721973
-3.0504396,-1.0214013,-0.7018921,1.5670352,-3.3911963,-3.1492167,-4.4416237
-3.0235112,0.17482907,1.7641932,0.25175825,-0.10716216,-1.2970662,-1.6613262
-2.6861057,1.3141841,-0.09286903,-0.86327076,0.12501946,0.75724185,-0.7280026
1.4904517,-2.1709952,-2.5313673,0.8697673,1.4198887,2.0371706,0.16297123
-0.9577996,-2.6605017,-2.5983057,0.77443975,3.0032806,2.5646398,5.4418025
1.8028059,-0.1078561,-1.3328415,2.049124,-0.55849326,-0.41602194,1.4716477
1.8741894,-0.32631907,-2.1456072,2.995911,-1.9627489,-0.84570193,0.5269241
-1.2983214,0.23533446,0.046797335,0.30911845,0.9671118,-0.22899151,2.0099459
-3.197407,3.2653973,-1.8857628,-1.6881287,2.1489458,2.3561926,-4.3040752
1.5357928,-2.9822218,2.6614275,2.4437797,-1.3361136,1.9451807,0.9230308
1.9482585,-2.3553817,-3.1183372,1.7519668,-1.118247,2.6310534,-1.3548706
-1.1593537,-1.8363781,-1.5175556,1.5202175,1.9443212,2.2230372,2.6852167
-1.5090692,-1.0542659,1.2396194,0.585132,-0.1970815,1.4134933,0.025786193
0.9888244,-0.6316559,-0.5164604,0.5822127,1.4087583,-1.2031664,1.6642264
2.080838,3.3272448,-3.0561635,-1.5357782,0.9773815,1.7416304,-0.1039379
1.223937,-0.4092989,-1.8274194,0.41659743,0.78544647,0.9353982,0.17188996
-2.2458198,0.6012797,0.83699644,0.74371296,0.133399,-0.4906096,2.1908908
2.7119582,-1.4845388,-4.8048773,0.04194938,1.1014142,3.408281,1.3335412
0.68645453,-1.589672,-2.5698807,-1.4324157,2.949382,1.5219293,2.5689359
3.7815971,-4.1415024,-1.7979404,1.6669195,2.820107,0.6903371,1.5611036
-1.2224264,-1.4076718,-0.60971993,1.2564211,1.4262643,1.566323,0.9253726
-1.238923,-1.2732922,1.2092974,2.5637798,-0.4329851,-2.307753,-0.8193807
2.0482907,1.2954444,-1.5241699,1.9514428,-1.231353,-0.3021297,2.8738282
3.938983,-3.519627,-3.9086733,3.4281907,-1.7649263,1.2060767,-1.3459125
-1.5838886,-2.8579419,-2.2859294,1.3880292,1.0014317,4.080846,-0.9909188
-1.3627921,-1.8851397,3.0040185,1.9132885,3.3101346,-3.4278214,5.3773193
-2.9819036,-0.11717811,0.1019979,0.8255825,0.8107132,-0.85968894,-3.2574334
-3.0801098,-3.0699015,3.864555,-1.7430497,0.9948975,2.9884996,-3.482078
2.1728802,1.1334407,-3.519915,1.0437583,0.59327936,1.3522702,-1.2285247
-2.075658,0.75897026,0.2613041,0.20875305,2.0193758,-0.119855955,-2.1426272
1.8212286,0.6450908,-0.898357,1.1770333,0.2954144,-1.6924356,2.3968163
0.028259702,-1.3065212,0.34458587,1.4010624,1.7995714,-1.457685,1.3861012
-1.9038844,-0.22195368,0.4006256,-0.21102802,-0.6996421,0.5024529,-1.3652272
0.7790532,-1.1370046,0.27742016,2.780241,0.48680922,-2.4769826,1.6860577
-2.8726313,0.16155009,1.8111446,0.19808698,-1.2796681,-0.17258807,1.0209055
-0.42167124,-3.601455,-1.2810782,1.9196932,2.243654,3.8322747,0.20187758
-0.76897186,-0.8589067,-0.17506926,2.0166514,-2.261668,-1.3424937,-0.92593336
2.9244113,-1.7441301,-2.5771916,2.5861402,-0.46349546,2.4196236,1.3829306
0.1866201,-2.3414526,-4.1197577,4.502301,-2.9248555,-1.401114,-3.3255916
-1.5570897,-1.51179,-0.56979287,-0.5732348,-0.7935545,2.4091616,-2.7199502
-0.057139482,-1.2809798,-0.5410683,0.72931784,-1.0932423,1.4928211,-0.9464632
1.9815294,-3.3678322,-0.22368193,4.5681963,-4.832771,-3.6711001,-0.8688794
0.6707398,-2.0450568,-3.3507054,1.6266078,-2.3290703,2.1469972,-2.485959
1.2594205,-2.2232592,-1.2406157,1.5109884,0.032843124,1.5771308,-0.931161
-1.4145799,-0.01956965,-0.63533086,0.34705982,0.4504879,1.7173882,-0.36522692
-1.3178942,0.34117633,-2.4530964,2.9817045,0.99299186,-0.5984224,-2.862357
-0.6559858,-1.3295364,0.28541282,0.47322732,-0.38170743,1.0463494,-1.2227643
-0.646722,-2.543346,2.2040467,2.2360685,2.7481005,-0.736147,0.31815994
-2.4243076,-2.7837596,4.104305,0.6052629,-0.9670233,2.4887025,0.63724047
3.0245638,0.20383228,-1.6231047,-0.32948542,1.4781281,-1.1882238,2.0219195
-0.54925615,-2.0916202,1.073427,2.0934823,1.8494852,1.2105602,1.8385316
-1.1888944,-2.4340556,1.5573434,-0.46008664,-2.986676,-1.0376819,-2.637741
2.3334417,-2.4966748,-0.47733852,0.5806966,3.8822153,-3.253766,2.8084176
0.94147134,0.79065657,-4.1852236,-3.5082543,4.7527003,3.193865,-0.5902463
0.44396645,0.18738103,-1.1625882,2.8307693,0.8566597,-2.4207025,0.8107719
-2.917669,1.8604531,1.2648717,1.5968795,-0.15394337,-2.4845998,0.9443905
-2.5194194,0.934561,-1.0141246,1.9295994,4.242888,-2.2222419,-4.1731324
2.133967,-1.2050686,-2.9348636,0.7931519,1.2621945,1.8582653,1.6956711
-4.8714366,-1.044229,2.9010224,0.9534591,2.1024761,-0.023710702,2.990001
0.1711792,0.6160971,-0.4117459,2.0997028,-0.08203124,-1.87914,1.3198767
-0.51655996,-0.8214033,-0.6723961,-0.9053737,2.5647888,-0.087053105,2.3097236
-0.6117762,0.5095892,-4.0784693,0.15215102,0.021203145,3.7386897,-3.1296372
-3.475038,-4.02814,5.2963214,2.5118117,1.5225959,1.9640789,2.3367298
-1.3467693,-0.9885384,1.2553217,0.4831624,-0.761995,1.2947775,0.2781066
3.3183787,0.8451635,-2.9616818,0.23070358,0.33066702,0.67586654,1.1077415
1.0832927,-4.112544,3.2333894,2.8840532,1.718379,0.8518422,1.1245805
-2.1426997,0.019708026,-1.6683049,0.046628904,0.88578916,2.476995,0.7695042
2.1214926,-0.19439624,-1.6390619,-0.6504486,2.3616998,-0.35372248,1.377581
0.12190805,0.118117355,-0.45938033,1.2706343,0.039052952,-0.20368996,0.66665804
-3.274482,1.2483014,1.3070674,2.787547,1.1429805,-3.498082,0.3808579
2.036995,-3.1066391,1.0895944,2.7080505,1.7061758,0.3599919,1.8009156
-1.7096734,-0.3603707,-2.9137259,0.36443952,0.7147087,3.5638664,0.118737645
-3.8445091,0.7944416,0.25097135,0.8974301,-1.7014276,1.4571403,3.2926507
-2.2487276,-1.1903532,1.1230903,2.1542299,2.6530826,-1.4051914,-2.8175852
-6.0877447,-2.0878518,1.8792162,2.6269398,1.7494714,3.1007547,4.44396
-2.2184393,0.08144326,-0.88796514,2.6831102,1.8156067,-1.5616237,-2.4953725
-0.18003544,-0.40074775,-0.5325005,0.99515504,-0.95266396,0.54050505,-0.14124924
1.3244737,0.35694864,-3.181741,1.2379869,-0.7390491,2.3102732,0.6253653
3.4946194,-1.1866374,-0.1308918,4.0790267,-0.9134891,-1.8865986,3.2040606
0.4969137,-3.157128,2.0351546,1.4778568,1.0402879,2.0059278,-1.333216
0.7691381,-1.3958397,0.19130702,0.07776793,2.9435244,-2.3746626,1.9859486
1.0461974,-0.44311008,-0.60817075,-0.5186661,1.886665,-0.70278394,1.3474176
-0.53633803,-4.547239,2.7805412,3.0087845,2.330915,4.5877776,0.83877426
-4.0584307,-0.924433,4.052392,0.66725004,1.3036336,-1.0978365,0.73567307
0.0328879,-1.928852,-3.7669299,-0.9812034,2.8643649,3.4031892,0.3357472
-2.7974741,-3.2898946,-2.1718662,-0.8519976,4.8584995,1.9554611,5.1104565
1.4649043,-0.3022233,0.30523932,1.285365,1.2293379,-2.1595407,5.5781765
-0.40602607,2.683782,-2.8754091,3.4598353,-2.0350635,-1.0764197,-1.4581971
1.1853918,-2.4243784,-3.4547389,1.8144561,-1.9257607,3.0444481,-1.9021173
2.3712904,-2.9481747,-5.189152,1.4604416,0.3283436,3.6762264,-1.7865943
-0.025093587,-1.4657394,0.5211645,1.2544878,0.5158862,1.386887,-0.11433223
-0.65119094,0.38026372,-1.3776871,0.5330271,-0.4391185,1.5365319,-1.3941001
0.3690999,-1.7905588,0.08949038,1.8441347,0.7441018,1.6915879,1.1505592
1.7204251,-6.57164,2.4504464,3.7655456,4.6048346,3.4610784,3.829284
-4.242909,-0.5160317,3.3785815,-1.3459959,-0.022941494,-0.97482103,-3.0737038
-2.1872857,-0.35545364,1.05687,0.45562202,0.6064523,0.28931943,0.8910779
-0.3507088,-0.04987481,-3.9292946,2.9546967,-4.422079,3.7768397,1.3275665
-1.8737453,-1.4717139,-3.1381989,1.0388184,-3.747308,4.1060896,-0.55051404
2.01689,0.49288097,-1.5440688,3.0717368,-2.2058308,0.34304005,2.480255
-0.72059953,1.5463942,-3.2465136,3.1076796,1.4658372,-0.63463014,-3.1566894
-1.7131793,-0.6226851,-0.3535601,1.515238,-1.5573062,2.1385005,1.4394041
1.7996907,-2.6997106,-1.4028287,2.1697538,-2.0989292,0.7384836,-1.170271
1.9227389,1.025984,-2.4414828,0.08052777,0.2185371,1.3914797,0.056616165
-2.9734287,-0.70837504,-1.0527084,-1.0539314,-0.2596236,3.1193502,-2.30054
-0.8177405,-1.7288543,-0.4700238,-0.22309491,-1.9385469,1.0016946,-1.9291445
-0.7269611,-0.039650645,-1.0487151,3.1354153,-0.4242295,-1.7622548,-0.5495793
-2.402795,-0.48983735,-1.6466299,-0.008906771,0.39743164,3.160559,-0.8825075
-3.4272237,0.80675894,0.15161566,0.48463392,0.55405337,-1.028375,-3.046319
1.9126827,-0.18116608,-2.2008722,0.6256405,0.27706715,0.8539119,0.5862877
-2.59243,-1.5259335,2.5021553,0.8166989,2.883769,-1.7298684,2.4231744
-0.73579115,-1.8422222,1.5226947,0.7524959,-1.7771951,-0.5220591,-1.2835462
-3.1425679,-3.084193,2.6801283,1.9456748,3.0185342,1.7870091,1.9045202
-2.4673522,0.97733945,-0.48739913,1.0030686,0.680329,-0.38915402,-2.3677132
1.3312474,-2.8061366,-0.8362399,1.6722754,-0.06221098,2.5524485,-0.8142528
-2.1074617,0.33556855,0.95422477,1.2801292,1.190423,-1.6216701,-0.044982042
0.43746865,-3.2489998,-0.26145405,0.2923145,-3.4614525,0.5287123,-2.4505951
-3.0830038,-1.9345411,0.1973336,0.93772656,1.199719,3.298188,0.41887707
1.266916,-2.5844734,-0.24199937,-0.17131184,3.4444492,-1.2850715,2.7093167
-2.4353263,-3.1020935,-3.725157,1.6821187,0.46791664,5.754512,0.10652068
-0.73884356,0.39104003,-1.5697812,1.4252479,-2.5504448,0.11868618,-1.0221101
-0.7921175,1.0559378,-3.584285,0.7311173,-0.40282673,2.70489,-3.0169048
2.5630963,1.2698958,-0.9707595,-0.7282303,1.2781874,-1.7988156,2.519125
1.0364834,-3.7193315,-3.0808606,-0.47105932,4.0826206,2.379032,0.7803872
1.5293462,-1.6102694,-0.18970251,2.561278,2.0414658,-3.3139672,2.192799
-1.2604227,-1.7260326,2.7242315,0.3812414,0.115951106,0.25035724,-1.099501
-1.2334508,-3.3338592,4.1510053,0.376287,-2.3694198,0.74874127,-0.66755223
-0.59668577,-0.8609213,0.6370882,1.1644453,-2.531424,-0.48294696,-0.24736854
0.6172384,-3.4022167,2.5864787,2.7408495,4.1915545,-4.605009,4.041356
-3.0137491,2.4338577,-2.3288548,1.9290893,0.3552413,-0.2128852,-4.1083217
1.2866961,-2.5671058,-2.9990244,2.8091538,-2.1144326,0.35045695,-2.0090282
-5.0408196,-0.7822042,1.376284,-0.27979773,0.83978224,2.8226922,1.3130835
1.1992905,-0.60190886,-0.54791427,2.9694161,-1.5866156,-1.2999352,0.95722806
1.3495178,-1.5049882,2.1919,3.2407322,-3.0662413,0.042790227,2.4343731
-3.4499474,-0.49313763,0.44503212,-0.12531082,2.3131251,0.91902286,1.8492866
2.1274276,-1.8791869,-2.0032308,1.5436357,1.6229941,-0.43363014,0.42484903
-2.0458126,-0.18698062,-2.3057075,-0.27636266,0.43686458,3.2423956,-2.05385
-4.704965,-0.0946826,-0.14705211,-1.2116996,1.5585448,2.9068847,-1.3701215
-0.87945807,-3.659465,1.3503242,1.8475553,3.7536862,0.44438648,3.7465997
-2.9634144,1.1887672,-0.6927666,2.2181084,3.5615146,-1.9556715,-3.2368307
-2.1516018,-2.2158308,0.91796184,-0.16636454,4.152977,-0.55237454,1.5016712
1.4194331,-2.2864013,-0.6386017,2.234582,0.22175714,0.3184744,-0.36231145
0.09637365,-1.0744338,-0.42567754,1.4375886,0.5804418,0.7265915,0.12518914
-0.80577666,1.4860826,-3.4720635,0.69772846,-1.4328312,3.3472998,0.26768765
-0.17380276,-1.1197611,0.22703798,1.0852591,-0.4186918,1.4220886,-0.024831746
1.8925139,-2.3965845,-2.7183487,-0.21883443,2.2632935,1.6521951,0.5828789
-0.04651732,0.4884812,-0.4759427,1.3252467,-0.62482685,-0.273998,1.0104102
1.436725,-3.05953,-3.0685632,-1.377806,3.7774193,1.3093786,3.2538288
0.36298054,-1.4118887,0.6716775,1.79527,-0.13121511,-0.3162697,0.090383954
2.942688,-2.0714624,-1.653109,2.6216595,0.56837803,2.024142,2.203204
0.10832387,0.8240783,-1.3606073,0.17787607,0.35645768,0.99844545,0.5817808
-0.63402337,0.6777603,-0.7184082,4.8090577,-2.7304575,-4.0853357,0.32937437
0.3311024,-0.49926668,-2.032448,1.7431946,-1.2417898,0.6232058,-1.0091016
-2.2879524,-2.2375565,-2.5140717,1.1044154,1.7759364,4.011944,-0.22262473
0.2365774,0.2738696,-0.16409124,1.8932081,-1.376606,-0.9027483,1.2544485
1.99367,-0.9865688,-4.046563,-0.5463918,1.7917224,2.7630951,-0.8856873
-0.5919109,-1.3277267,1.2326074,0.7047417,0.42443728,0.8530641,-0.76630163
-1.5386184,1.6606184,-2.6351,0.13966489,0.16807258,2.1734712,-3.1720467
-0.57515454,-2.102479,0.40639323,1.3284415,2.1593645,1.629507,0.96065694
0.410512,-3.0670207,0.36328474,1.3053285,3.266971,-0.07389986,2.3463368
-2.5754347,2.1260269,-2.0083117,0.18854794,-1.0736061,0.9131048,-2.9487257
-3.1925242,-1.4267101,1.0445713,2.609944,0.26556918,2.2262352,3.9251165
-1.2052277,-1.903053,-0.68425137,0.28464103,-1.0205482,2.862567,-1.6587713
-2.0557022,-1.3399937,0.7169174,1.6792264,1.3216043,0.66445255,3.3435163
-2.987688,0.06745365,-0.22163124,1.1310878,-0.4953722,1.6774426,2.2149055
-0.106906995,-1.071443,0.85024965,1.9780207,1.9778839,-1.9946299,1.6186134
1.3913622,0.52444404,-3.706825,0.5419026,-0.07196433,2.6631324,-1.2312338
-3.3154223,0.6207489,1.6950685,-0.19237909,1.8660636,-0.5290624,-2.5991619
-2.55187,-2.0436072,-3.4190955,0.30488592,2.3838515,4.659217,-0.12480048
3.261108,-5.479987,0.4689222,3.821916,0.9544478,-0.49263826,-1.6195002
-1.4728562,1.0372461,0.2931761,-0.823072,5.7941756,-2.680142,-1.9568521
-0.6430643,-2.2831554,-0.40862587,3.1290154,-3.312896,-2.8629966,-1.9998112
0.5997886,1.9522682,-1.3463465,1.7868404,-1.0088421,-0.8958162,0.42754546
-2.2642004,-0.2162667,1.3681456,0.52760047,1.6201217,-1.1237118,-2.8356135
-0.42580387,-0.86644465,0.14531925,1.1177136,-0.05892127,0.10497663,-0.29740196
-3.8606675,0.5567645,-0.3626074,-0.7647959,0.50966686,2.1105106,1.4566832
-0.9972731,-3.3411348,0.32955483,-0.25332633,-2.2845843,0.5555314,-3.680952
-1.7315404,-2.0473936,2.8624115,0.44441324,-0.79102844,2.2782328,-0.042909596
-0.36204293,-1.1888077,-3.5134144,2.7851052,-0.9704619,0.6495327,-3.1202052
-0.983601,-1.422812,0.08414194,0.8429801,1.9615942,0.80162954,0.59700036
-0.25956813,-0.68430257,-1.2095699,0.7073171,0.8066326,1.571125,0.68978953
-0.12460273,-1.846672,-0.27836767,2.1078522,1.9980586,-1.0266297,-0.9610409
-0.37611896,-0.5364298,-2.1270242,1.3224188,0.7806277,1.4423484,-2.6204984
-2.1823766,-1.1519506,2.6994085,0.52586925,-0.003644297,0.5088985,0.40876237
-1.7208322,-0.60342276,-0.40155628,1.3559873,-2.6853192,-1.5388972,-1.7082489
0.6614495,-0.27821165,-1.8898587,2.3724403,-0.18724476,-0.32879406,-0.3960988
0.71703786,-0.50200814,-1.552853,2.407956,-2.091952,-0.5435674,-0.3208112
-3.6871717,-1.7806215,-0.7739156,-0.1750093,-0.90460485,3.9710846,-0.36966798
-2.600721,-1.6283585,0.81787777,0.0895355,3.3246558,0.4803601,0.75343966
-0.26377943,-0.1497509,-1.2570709,1.7239258,-3.2457776,1.1462176,0.4316955
2.4060872,0.38604957,-3.1694717,2.0740037,1.0941466,-0.95150656,0.24818668
-0.41882807,-1.1837759,0.16867283,0.61843586,-0.16365063,1.3560153,-0.7624677
0.48136473,0.027177198,-1.4926424,0.41263098,1.7637627,0.39328882,-1.0211433
0.9952339,-0.5419033,-1.660526,1.4870069,0.57348853,0.044726726,0.23437786
1.1308979,-1.8687032,0.32639122,2.1659467,0.8463164,-0.1286507,0.8949717
-0.55985564,0.099967204,-0.5090805,1.1997582,0.7774458,-0.20875444,-0.3193542
1.2797179,0.57852286,-4.278007,2.2118075,-0.88310397,1.8877537,-2.185791
-1.1525365,-2.639007,2.9165552,0.349199,1.1351416,1.198145,-2.1600027
1.4724593,-3.3553948,-0.10126616,1.6184202,-1.2358402,1.4632757,-1.7377433
-3.920466,-2.9330883,5.5529675,2.0656068,1.7961886,-0.852056,1.6403004
-1.7405908,-1.5349847,1.2836992,2.3402843,1.1568167,-1.8993143,-1.9749726
-0.4084067,-1.8766577,-1.4041846,1.6400833,-0.25045702,0.5607772,-2.6794832
2.4755661,-2.2898216,-1.0751096,2.259517,0.53288674,0.9324001,0.6439327
1.2142571,-0.4768591,-0.82662547,2.1408403,-0.7864696,-0.6558943,0.9560313
1.4111985,2.215874,-1.4584259,2.9027238,-0.7032916,-2.7606542,2.5996675
-0.3237043,-1.2320695,-0.4977978,1.231497,0.072291166,1.8162894,-0.56137496
-1.9647632,-1.4037982,3.4231172,1.8683791,-0.30299807,-0.49668702,2.151629
3.299539,-4.5030475,2.1164763,3.7919793,0.20468128,0.25711617,0.3159043
-0.8403625,-0.94326043,-0.4286252,0.90309566,-1.1064583,0.2878922,-1.3182217
0.2958849,-0.47262332,-1.2849505,1.648996,-0.5014429,1.7470363,1.2717519
0.5024452,-1.9664739,0.7582497,1.5347192,0.9597968,0.90036327,-0.53425574
0.6799466,-0.29430816,-0.31468514,0.9914676,1.5128623,-1.9116209,2.0696669
-1.5689301,-0.61541015,2.133754,3.2456799,1.6081523,-3.41151,1.5099473
-1.6238225,-3.5047107,4.126308,-0.7214271,-2.081486,-0.019229833,-2.6458042
0.45274782,-2.5392532,-4.574224,3.0156662,-5.7314944,-0.19947733,-3.0244718
0.42700386,-0.67601866,-0.7436532,0.8370338,0.587771,0.53123844,0.3757709
0.5637912,-2.464025,-0.08043307,2.190907,2.1790755,-0.579743,-1.2500907
-4.398362,2.178284,2.4126077,0.8637678,0.5201526,-2.7937002,0.44000337
-0.22624417,0.179649,-0.70785993,5.5681524,-0.20208406,-5.3078275,1.3606021
-2.3915596,-1.3337985,-0.7591189,-0.037508246,0.980243,2.976077,-1.674027
1.2291175,-1.4996662,-2.1968787,0.0558744,1.7882346,1.4255893,0.99721456
1.0227153,-2.4873056,-0.71047956,2.2059438,2.1954637,-0.5948151,-1.2392956
0.43024847,-0.45205697,-1.2508798,0.8492399,0.13832024,1.0744265,-0.03193815
0.25118303,-2.4159575,-1.3016589,0.19347861,2.7589235,0.7279493,1.7300762
3.1107879,-2.8924506,-2.2761238,-2.5447617,4.4251738,-0.82203794,3.805691
-2.3112392,0.8549626,-0.6257165,1.0811187,-0.034116175,-0.4376788,-2.0319319
0.2869467,-1.2900311,-0.35814396,1.8197358,0.7497553,-0.09639413,-0.08945229
1.6828418,-0.15581441,-0.78428686,1.7628566,-0.050054,-0.70929974,2.258607
1.4816524,-1.1569787,-2.8399925,-2.1901853,3.332919,1.3279563,2.66812
0.52259535,-3.3300273,2.0719495,2.3529997,2.8661876,-0.729698,1.1021752
-1.4562267,-0.22748573,0.18151744,0.40615615,1.1551292,0.6288271,-1.7156038
-0.9124015,-1.3208593,-1.5069125,1.898131,0.7710466,2.4392586,2.6269138
1.398039,-0.7362711,-1.4414648,-0.16145632,1.5218151,0.33927155,1.051425
-1.9691074,1.2046207,-2.2564747,0.17062443,1.3568139,1.8679105,-4.010328
1.7943267,-1.8665388,-1.7449964,1.3719206,1.1965655,0.7426083,0.26041365
-4.903171,-3.9047332,3.3084056,1.4760303,4.285354,2.255086,2.800843
5.680985,-4.3869286,-4.004559,1.5812238,4.344767,-1.9957556,2.942567
1.0628966,-1.7955922,0.8890369,3.7170093,-0.22240701,-3.282867,1.4450475
2.6464932,-1.4336573,-1.0045674,-0.37216085,3.108573,-2.1323318,1.9763129
-0.98807245,-1.925133,2.3515742,1.5339409,1.5531033,0.7785138,0.14122385
-0.27276918,-1.001855,-0.1620616,1.9484311,1.824494,-1.8503805,0.87242025
0.4757109,0.1850598,-2.205309,2.3597982,-2.246736,1.9539102,1.8728008
-2.6767547,-0.9001423,1.3787347,-1.0034034,0.05083019,0.28409308,-3.0948002
-0.49414024,-2.4204643,-2.9041378,-0.61349714,2.9207807,2.4315505,1.6006233
-0.61959463,-1.0039027,1.0809379,1.1856922,-0.38856637,0.4239555,0.5643908
-4.77194,-1.7321285,0.86996675,-0.6022262,3.9473286,1.379242,2.0360935
0.72323817,-1.6005694,-2.1106603,0.94607866,0.6595269,2.1818485,-0.4913745
2.1772265,0.5916796,-1.0414844,2.8179746,-1.8012195,-1.0000498,2.4004326
-1.669292,-4.1702704,-1.4336016,-0.64183664,0.007940437,4.975744,-3.7567034
-0.04904445,-2.5157773,-1.4299027,3.1209087,0.014902148,-0.9470543,-2.5716915
2.187909,-2.3223877,-3.0961823,0.4502543,1.6479156,1.9135555,1.2154955
-0.113798246,1.3722003,-0.46274298,1.7073233,-0.80924386,-1.1842742,0.78805375
-2.7114365,-0.23180704,3.0563307,1.8510069,0.0013098624,-1.7952622,2.304879
-0.44593507,-1.2497877,1.0137626,1.4123724,0.79347485,0.32827196,0.49428156
-0.61590266,-0.64252806,0.172736,1.1539345,0.47385582,0.17929608,0.0950507
1.0546577,1.6337315,-1.08308,-0.4219936,-0.09371194,0.21659146,2.16902
-0.7115495,-1.6626269,-3.4838796,0.67828494,-2.7386136,2.6004221,-3.2798789
-0.47555217,-0.7072708,1.4226583,1.2260034,-5.3147693,-1.4733933,0.2825645
1.8658191,0.37097886,-2.9056413,2.170905,-0.27936852,0.5144573,-0.3776817
0.7422879,-1.763723,-0.5984553,2.613404,-1.1666242,3.0692976,1.4356139
-1.0358523,-1.4056915,0.6675601,1.198224,3.2014456,-1.7812611,-0.035432804
-1.665891,-0.93761075,0.828733,0.3128241,2.4931514,-0.78271633,1.605401
-2.280516,-0.69179595,1.6397358,0.9016703,2.4532156,-0.82730615,0.19215372
-3.2473557,-2.334171,0.56444407,2.1323202,2.3228147,2.759418,2.1998656
-1.5910026,-4.423486,3.7245135,2.6079307,2.8801312,3.0950508,1.0874581
-1.7746521,0.4633029,-0.061377645,0.95978785,1.2912799,-0.2770689,-1.7693737
0.11307772,-2.916879,0.89487404,3.522099,-1.1011895,-2.8307147,-1.385348
0.9662909,-1.4929186,-1.2441765,1.5480638,0.429744,0.8390888,-0.5873685
-0.84680176,-1.6520505,-0.48243836,0.98892474,2.0243196,0.76277995,1.9164069
-1.9383578,-2.5735872,-0.74803656,-1.1184704,4.1289062,0.07664332,4.125407
-0.6326847,-2.032081,-1.6762187,3.3791018,1.1682081,-1.3191569,-2.830467
-5.181885,0.6414301,3.7749999,0.5790005,5.1960487,-3.5549517,-0.3888479
-0.8594042,-3.12357,3.0208738,2.3114445,2.7121763,0.18650907,0.07854943
0.75996166,2.2661846,-2.3938074,-0.18466713,0.56273735,1.4719633,-1.125172
-0.4575354,-2.7470148,2.8757489,2.3037322,2.4750109,-1.208331,2.4674106
-0.8884276,2.4039426,-0.3062793,-1.0483509,0.37563318,0.22860064,0.6151797
1.7299764,-3.5282583,1.4848223,1.2840773,-2.8704517,2.274968,-0.976115
0.016623931,-1.8074851,-1.1047444,1.3413222,-2.438091,0.2962713,-1.6107277
-0.24723938,-1.0503826,-0.13563286,1.222945,0.93178576,0.35304746,-0.5726652
-0.08893625,0.5027492,-1.1564032,0.9048072,-0.5407551,0.8246401,-0.1903858
1.2017945,-0.31180215,-3.3466282,3.1600685,-1.3855948,0.23222585,-1.245265
2.8622942,0.097089745,-2.6198232,2.5495946,0.061754994,-1.48403,1.4512689
-0.36893836,0.7141634,-2.1428063,3.0898,-1.285407,-0.90803945,-1.1898516
-1.1017637,-3.8661065,4.797824,1.9028177,1.8566883,0.4602138,-0.59468055
2.4173512,-2.6697757,-5.4227133,-0.7609284,2.3654225,4.0499077,0.7017177
-3.716247,-2.9095857,1.8037186,-1.0391334,-3.1393178,4.1359186,-0.7035752
-2.6349235,-1.4697695,1.5351421,2.031697,-0.8499063,-2.9249368,-2.9229445
-0.16413182,-1.2715124,-2.56532,1.8556364,-0.5337695,1.3603632,-2.6621592
-4.9717603,2.7387087,0.75346667,-0.19528723,3.209903,-1.8710754,-4.941356
0.27290177,-2.1576202,2.3217847,2.2909474,1.0618093,-0.3107225,0.97385955
-2.4474037,2.1874285,-1.3765404,-0.023081258,1.0981096,1.1688404,-3.3845387
0.8458568,-2.2319493,-0.64070463,1.5241296,-0.7478119,2.6875284,-0.18232973
-1.4239339,0.28746825,-1.4227041,0.63011026,-1.1280657,2.0733314,0.014117611
2.6198182,-3.0230772,1.2927549,2.7495866,-1.6667295,0.72313493,0.43691018
1.6513187,-1.9217697,-1.8016868,2.13457,1.8402382,-1.1171398,0.20608163
-0.44069982,-2.9127798,0.3570004,3.549637,-0.68119884,-2.8030045,-2.1712456
-0.7439324,-0.30739546,-2.7467024,-0.39141282,1.793765,3.0151303,-2.149449
1.1392131,0.92255497,-2.6360245,1.9397985,-0.19320045,0.6826513,-0.79444855
-0.07984407,1.7397038,-0.5633217,1.2728525,-1.2478569,-0.6824236,2.426315
-0.15724602,-0.7244583,-0.2549595,1.0779476,0.4551002,0.85011846,0.71943665
1.4600899,0.19757292,-0.9204833,2.8390603,-1.9047358,-1.3699982,1.4093926
-6.562524,-3.96035,1.7946434,2.5549543,2.903405,5.017728,3.2347252
-1.8059913,-0.75009745,1.3670771,2.3018885,-0.23965813,0.71710175,3.9917421
3.343217,-2.1404033,-1.808165,-2.597043,4.6500506,-1.8633991,3.3732822
-2.3188217,-3.8287995,3.4513836,-3.1606877,-3.707879,0.6764552,-3.9384973
-2.3817608,0.1731121,1.3593358,-0.044360124,0.26837066,0.16938472,-0.12184971
-1.7022755,0.83887804,-1.6957124,1.3905584,0.3057216,0.44880423,-2.5833342
1.3404565,-1.3725575,0.4401236,3.0793366,0.19663617,-1.5721995,1.6679147
-1.4272285,-0.879057,1.7549853,1.6636226,1.4858302,-1.9657129,1.1872426
-0.6065778,-0.28364083,-1.3973781,2.1960726,2.1008298,-1.1286043,-1.3800784
2.5805702,-0.0155639155,-1.5935884,-1.1351624,1.6805445,-0.25599095,2.016062
3.6709714,-1.1495199,-2.3614235,2.470574,0.0227711,0.6455603,2.6527805
-2.4556985,1.2908312,0.5857291,-0.32107073,1.4344558,0.04017014,-1.0143355
-0.49577495,-1.0854913,2.2951956,1.5784805,-2.198767,-0.731087,0.989496
3.179648,-0.77876496,-1.6828812,-1.4258785,3.402592,-1.7182624,1.4297171
-0.21773817,0.6573554,-3.6349,1.1247329,-2.6142383,3.6286352,0.110680975
-3.6116447,-1.4740281,-0.5016213,1.1731167,1.6131145,2.5257025,1.8208694
-0.9032563,-1.9884692,2.3323228,-0.48909852,-1.1167679,0.7454303,-1.6350791
-1.3269405,-0.27546296,-0.28444147,0.15514332,-1.1647991,0.86010325,-0.8227196
-0.70115536,-0.5832713,0.9088441,1.1562388,-0.22880004,0.27717504,1.0554988
-3.1320322,-0.42798555,-0.9292082,1.7285366,-0.44626307,2.7841332,2.5822196
-0.86910003,-1.6696643,1.8700544,1.2680422,0.9188762,0.15323605,-0.22794352
-1.677661,-6.071741,3.328906,2.6350322,6.888406,2.3889918,2.4208367
-0.75554603,2.0759723,-1.2772126,1.446012,2.9847505,-2.7031615,-1.3571994
-0.9810028,-0.83787656,-1.2882264,1.0521898,0.102704555,2.2399006,0.21586932
-0.41262823,-1.5217845,0.30596653,1.6902735,1.3734767,-0.00054273446,-1.3733258
0.62943697,-2.4679236,-2.8744285,1.3138804,-2.1094816,2.8696923,-2.2123966
2.6053069,-0.9457636,-1.151585,1.1196204,1.2581687,-0.9351709,3.3257492
-1.453866,-1.6677957,-6.288309,1.5805038,-4.4765797,5.5377865,-1.7977567
-0.9451051,1.7163616,0.21218368,0.3347728,0.44321603,-1.1621429,1.3986261
-0.3867866,-2.0275416,0.9705799,0.9633371,-1.4017788,-0.80304563,-1.5261536
-0.28803194,-2.1192083,-1.5363744,0.39105326,-1.5998331,2.4478977,-2.1787152
-2.8258727,0.07225053,-4.21603,3.6107605,-0.20545062,-1.1963812,-5.5380597
-0.93023944,0.45462313,-1.1810542,0.6575482,-2.0681164,1.3359929,-0.06692305
-0.8324293,-1.1819885,-2.851446,1.0405487,-1.9531484,1.6649879,-2.7937677
-0.5039001,-1.9940804,-0.52143633,1.0141937,1.9880778,1.5600271,0.47664323
1.6227067,-1.8250847,-1.2051716,0.86551017,2.5435917,-1.3930552,1.1687999
-0.8137072,0.24569286,-2.0412092,0.6233132,-0.39791614,1.9253803,-2.1760619
-0.33450124,0.48036623,-2.5826063,-0.60786533,0.818501,2.434633,2.0491393
0.60102475,-1.844009,2.4294407,2.2725425,-2.5251014,1.5855246,1.4814795
-1.9181511,-2.564222,3.4972835,0.66582954,-2.2137938,2.6786087,1.0765393
-2.5447648,-0.9965143,1.8430697,1.0885853,1.501607,0.29988906,1.337636
-1.7713938,-3.2831075,3.8732052,1.5460429,2.3723307,1.0110093,0.25356227
-0.03683895,-0.5996835,0.0679888,-1.0836525,2.5098753,-1.1074268,3.130587
-4.5792446,-1.3543123,-0.10331959,-0.39958403,3.2708561,1.5725044,3.1873295
-1.3082383,-0.066497445,-2.7343798,1.572688,-0.85301733,0.9643391,-2.8792377
-0.9924097,0.65257186,-1.2313286,0.51403606,-0.7249823,1.2575392,-1.2925427
-1.6169876,-1.3701538,-1.4190712,0.5047083,-0.010519705,2.8936465,-1.1472654
1.6939363,-0.69959027,-5.7404137,2.383034,-1.6945558,3.1401916,-3.3943563
1.2326331,1.4589207,-4.962359,2.569437,-1.8430157,1.951363,-2.3172824
-2.582678,-2.1334195,3.2203012,-1.5542033,0.63810354,1.049918,-3.5411484
-1.1850423,-0.42361572,0.65780765,0.9741598,0.8493252,-0.6863861,2.040594
-2.067493,-1.0965664,1.4149915,-0.3854836,-1.0772258,1.6985179,-0.27585113
0.39399686,0.10907348,-1.5844344,1.498328,0.120266505,0.4100036,-0.34843564
0.14613272,-1.7766178,-1.4136914,2.011654,0.347264,0.56347513,-2.2490184
-1.3445597,-0.9739659,-1.399449,-0.22093004,2.115516,1.1313095,3.518941
0.5192819,-0.743255,-1.0970876,2.0894449,-1.4073832,-0.33341843,-0.42617536
-1.6896796,-0.5688481,-0.8169627,0.09311253,1.6378777,1.9190837,-1.5605167
1.7599334,-1.1250968,-2.7924325,3.2925494,-3.479092,-0.7755311,-0.98797125
-3.898429,1.7917117,2.4646082,-0.58407944,0.31683636,-1.7560068,1.8096539
-2.0121608,0.62766325,0.21056175,2.071183,1.7588425,-2.106769,-0.018451944
-2.0899625,-0.6708769,1.4104556,0.3740478,1.5948497,0.45595905,-2.041214
1.1416208,-2.075495,-1.561261,2.860487,-0.8760618,-0.64965,-1.2175668
2.8267221,-2.9516342,-3.071299,-0.22974591,2.8703792,1.8951633,3.4832258
-1.3768849,0.14615165,-3.0307374,-0.09466799,-1.4398283,3.1698918,-2.7037973
0.241883,-2.0771818,0.63056284,2.3451247,1.66868,1.0318552,2.8696077
-4.1194496,-0.029248483,2.155795,-2.1655993,-1.6096671,0.5435677,-2.7796504
5.0523705,-2.7928505,-3.822532,-0.9237667,3.2591796,0.32082444,2.5173476
-3.9750812,3.1734452,-0.9646847,-1.262895,2.5053213,1.5910015,-4.4678154
-2.860564,0.21241105,-2.421541,-0.63310415,1.7241665,2.7092917,4.307041
0.47065914,1.2348164,-1.2953477,0.4787417,-0.2928709,0.67803144,0.74446416
-0.78389835,-0.046560828,-1.118245,1.6121349,1.0174203,0.108975604,-1.503703
0.265385,0.064983115,-2.1368086,1.5551891,-1.5394498,0.92619026,-0.98156774
1.7790774,0.005640764,-1.2382089,0.9067714,1.0366043,-1.2640444,1.6297709
-2.1975608,1.092831,-1.4381266,0.48740843,0.6905405,1.0266141,-3.3171103
-1.548383,0.101832226,-1.9710703,0.28699195,0.32402244,2.740787,-0.20901234
0.13988703,-2.430247,-0.33769232,1.1216682,-1.0345283,2.836592,-1.1086698
2.5930784,-2.0650768,0.1347238,4.020875,-1.7129898,-1.9746938,1.2690053
-2.123391,0.24002162,0.7967566,0.07279069,0.6748964,0.062380765,-0.30879077
-1.3547213,-1.7041875,-0.03575651,2.3141394,1.3260959,1.7742347,5.0003815
2.213605,-0.32254523,-1.836587,2.2415364,-0.8352319,0.097332396,1.2296555
-0.00011913365,0.0909508,0.6646227,0.23388024,3.7392964,-3.8854208,2.6198134
-1.5785956,-1.1131594,-1.0887996,-0.3327581,2.2563767,1.0388453,2.5629516
-4.080189,-0.8099932,3.5402293,0.09469093,2.0627785,-0.8356421,-0.17148696
-0.34735683,-1.9502668,-1.9892538,0.79026157,-1.784659,1.5304271,-2.5560071
-4.1908503,-0.26507598,3.2806308,-0.52543503,2.9392493,-0.77774477,-2.6885736
-2.7819405,0.02169022,-1.1465099,0.46893835,0.05770484,0.12824607,-3.769308
-1.0102797,-0.33813375,-0.04970252,1.0627608,1.2556791,0.072108835,-1.3089437
-2.850595,1.8990859,1.3957349,-0.07034716,3.4508164,-3.234929,-0.33733588
0.07386631,-0.26180628,-0.28791818,-0.31118155,1.4932158,-0.32515654,1.9830426
-1.1980078,-0.8464414,-1.3311689,1.060567,-1.2593744,2.4283938,0.15809162
-2.66219,0.38079295,0.022056894,1.192634,-2.9610453,1.8907958,2.3817444
-2.3344636,0.42547306,0.9548579,-0.012139486,0.41892174,-0.2847291,-1.4555447
-1.0178317,-2.2517686,1.7272666,-0.3643832,-2.126665,-0.34236342,-2.2199183
1.7080534,1.3755836,-4.451975,0.72566366,-0.57061756,3.178537,-1.4452342
-2.4762547,-1.400845,2.8958716,-0.46495932,1.8108568,0.94944465,-2.7451792
-0.062081523,0.12676685,0.22501789,1.1967063,2.162542,-2.8500676,1.9717138
1.7144996,-1.8819252,-1.6301162,2.214272,-3.5278559,0.69125587,-0.6958064
0.039164893,-0.20485698,-3.5588317,1.0900753,-1.0014094,2.8520873,-2.230278
2.4498074,-0.5378709,-0.64423263,1.3532373,2.3677883,-3.7775705,3.6349444
2.8353229,0.21640268,-2.1056805,-0.14905925,1.2183458,-0.40788966,1.3400186
1.5786736,-2.034479,-2.7730982,5.330545,-1.0294293,-2.1943502,-0.7420703
0.08363189,-2.9218078,2.2800448,0.35750034,-0.9173497,0.5248785,-1.8248725
-2.9392123,-0.12618886,2.2534764,2.2817438,1.0578998,-2.5405726,-0.4480742
0.58517486,-0.9793205,-0.6663207,0.83298486,1.654943,-0.21778384,0.8191806
-1.0234835,-1.7720451,-3.241088,0.33745822,-3.9081562,2.6920974,-2.8135495
0.53607124,-2.6499028,1.4021773,1.9413786,1.8983021,0.68733644,0.8074338
-0.9007306,-2.1890774,1.1843382,2.6761122,1.2435966,1.7831817,3.1468637
-1.6575483,-1.6577449,1.712648,0.33028182,3.5951853,-2.1149523,3.0843961
-4.009236,-3.2817852,-0.99019915,2.502833,2.3974252,4.8937936,2.2948327
1.6976583,-0.06937517,-1.540568,1.9733955,-0.4565841,-0.47295886,1.2914727
0.26422766,-2.4080508,0.60594094,3.096428,0.7893563,2.8421528,2.505647
-3.0741763,-1.4732877,2.365499,-0.68005866,1.5366644,1.7956764,-1.7896519
0.83381224,-1.0490037,-2.0189664,1.2978772,-0.33468467,1.3963842,-0.61513025
1.6663212,-2.2087064,-1.9373724,-0.9348505,2.8353627,0.2238482,2.8977556
-1.4091009,-0.72885984,-0.55307317,1.44277,-1.2010226,-0.66330487,-1.48394
-0.31355983,-2.5709326,-1.7541063,0.35227096,1.6278446,2.5804906,-2.9312065
-1.4495796,-0.7106912,-2.7106342,3.9693127,-1.1789767,-1.9319767,-2.7297468
0.7731264,-4.96621,-1.1009969,0.6460225,5.2809343,2.0544233,2.0609443
0.7324595,-0.5135013,-1.130458,1.3364917,1.5468062,-0.9973077,0.14824532
-1.4471685,-1.7596524,2.0167024,0.2578605,1.3876302,1.399,-2.3899283
-0.85220176,0.008687539,-1.3180175,0.89373046,-0.37225765,1.8033133,0.6481724
1.5552212,-1.748853,-3.3803217,2.481038,-3.038292,1.3263323,-1.803519
0.5273509,0.44751692,-2.66708,1.4824598,-1.756543,1.9749641,0.03373487
-2.2310126,0.59921396,-0.8389108,0.57110393,-0.30679217,0.26788363,-2.3337219
-2.498332,-1.453956,1.9445467,0.870853,1.9369024,1.0068014,0.3625923
2.322517,-3.1375606,0.98548925,2.6966822,0.3811899,1.5169525,0.62403715
-0.8630302,-1.2088294,-0.50294566,2.0543153,2.9925811,-2.1737993,-1.3957919
0.22997312,0.3475695,-0.12760065,2.491059,-2.0008945,-1.7522999,1.3706247
0.30907252,-2.5300086,-0.08893279,0.8804592,2.6273096,0.3755467,1.4143645
-1.1615145,-2.0797503,-1.4474471,-0.20705785,-3.2989225,2.4643393,-2.046795
-0.57006913,-2.729185,0.43124482,1.2172121,1.6100987,0.79276687,-3.5810146
-2.883918,-1.821348,0.9475589,3.658804,-3.6026773,4.7103515,4.2350316
4.1311884,-3.8074076,0.32134545,6.023315,-1.725017,0.4317347,2.1197848
-2.274096,-1.6442325,2.6035852,-0.44221723,1.5714391,1.1794991,-2.840462
-0.22129247,0.37640193,0.1073934,1.6948788,-1.448193,-1.0032297,1.1763498
0.13611832,-3.7717073,-1.6118565,3.4839282,1.6746811,5.175415,2.7250462
-3.8254318,1.1115998,-0.73521495,-1.0798081,1.4595056,1.2792484,-4.8985443
-0.99151456,-3.2096775,2.6483898,1.3316674,2.6306176,1.2480158,-1.4312352
-1.5001757,4.903786,-3.293327,0.2720844,-1.8983134,2.4563262,-1.8503224
1.486061,-1.1458719,-0.34483045,-0.1464804,2.0313644,-1.0072047,3.6170714
-1.2106458,0.2926073,-1.8328997,3.254993,-0.61072516,-1.6804863,-1.4948822
1.5144966,1.8300015,-2.6548493,2.6616828,-0.331687,-0.8156012,0.069857106
-0.093060866,1.475531,-2.6466508,0.66036344,-1.4417673,2.1240916,-0.38514057
-0.8220018,-0.6736237,-0.32926965,1.7455779,0.40613255,1.0336747,2.9277184
-1.3157799,-0.16962452,-0.98112595,1.5985767,0.4611573,0.0037561436,-2.0604866
-0.094855696,1.1034861,-2.1867933,-1.0690527,2.0736287,1.9111336,-1.4395365
-1.4811773,-0.008575104,0.82641333,1.1496038,-0.3748497,-0.24990234,1.5642529
1.1672796,-0.5179905,-1.3124797,0.15826353,1.6337752,0.017479876,0.2450717
0.7028714,-4.2670784,0.27463132,2.7374594,-0.04571263,-0.8814768,-3.0020874
-0.89641404,-1.6231614,1.4664656,1.5255754,2.1169891,0.13762246,-0.028500259
0.7050524,-3.097015,2.663698,2.3964922,-0.6889683,-0.585473,-0.50904584
-1.3409443,-1.6943433,2.5447888,1.4411722,1.1215495,0.42578596,0.17079756
0.5177936,-0.7036061,-0.8245149,0.031934794,1.431967,0.49705312,0.7234883
-0.013717318,0.32567564,-1.4268683,0.80743897,-0.59296244,1.095773,-0.49252042
-0.23539649,0.4528638,-0.23133385,1.2897068,-0.71944463,-0.29826045,1.3001544
-2.6453176,-0.7923997,0.6862875,-0.19886619,2.7653434,0.2150268,1.6111842
-2.3450456,-2.5052211,3.9168978,3.3665557,-0.9019258,1.9361472,3.8495789
-2.9018679,-3.1133084,0.16227737,-1.2349719,-2.386526,-0.56230915,-5.1344237
-1.2784413,-3.2240763,0.99649614,0.43380463,0.19305679,0.28214794,-4.228191
-3.360433,0.9106795,1.4928476,-0.7566944,1.2995217,-0.3776667,-2.0205944
1.179023,-0.8188922,-0.6561693,-0.18950893,5.462358,-3.4579976,1.4258193
-1.3929298,0.69222265,-1.6874236,-0.11613917,-1.0804567,2.2674327,-0.2872726
-2.514918,-1.0478312,1.9080961,0.7568272,1.2654825,0.8424409,0.6014834
1.0075061,-1.3509424,-2.2182307,-1.8157326,2.9706173,0.9867768,2.3440993
-0.030858517,-0.566547,-1.9520082,0.8386714,-0.9115084,2.0581784,-0.79190356
-1.5731117,-0.27004004,-2.0925963,0.76571596,-0.74296653,2.9333854,0.01082897
-3.1361053,1.302346,0.07963968,-1.0304646,2.3588226,1.2395558,-2.2906835
-2.4396057,0.30514303,0.8236544,0.35943317,-0.86640733,-0.19598442,-0.7218536
-2.750787,-3.117796,-1.6709806,0.78148454,3.6614094,2.235563,5.202826
-1.1356869,-3.1916487,2.177042,-0.28695187,-2.165706,-1.2955174,-3.4931371
-1.3673776,-4.792896,-2.599824,1.9757116,-4.0867076,-0.9720184,-5.893532
0.8525541,-2.0093894,0.8541363,2.331134,-1.8300447,-1.3613307,-0.41774702
-1.6005666,-2.6323004,3.405374,0.058694188,1.279631,1.6126103,-1.9168681
0.5596017,-1.7172136,-0.46504992,2.0264168,1.4005316,-0.33953676,-0.8032629
2.3164198,2.302959,-4.0874815,1.3950946,-2.5114295,2.2867897,0.53082955
3.651254,-1.637775,-1.642388,2.5241437,0.81328017,0.9469864,3.0966885
0.5389718,-2.743857,0.7452794,0.7716372,-4.637504,-1.2395891,-1.5294613
-1.8693924,-0.07003307,0.5230555,3.6447582,-4.9259386,2.9174042,4.6643677
-1.6562446,3.5144126,-0.23677798,3.1915245,-3.073389,-2.8143344,1.6553093
0.8082363,-0.976088,0.7776175,2.1197686,-0.23540086,-0.23296729,1.4895165
-0.6758024,-1.2844745,0.8428692,0.56458783,3.3633637,-2.2827299,1.3895533
0.32336855,-0.9330999,0.27135238,1.7259315,-1.3999541,1.344463,0.77753425
-2.5055933,0.7417576,0.010633436,-0.3475037,0.8352531,1.2319058,-0.30005163
1.431323,0.13993523,-2.4752498,3.2020807,-3.9712188,2.0966,2.2312033
1.8998449,2.454696,-1.9591887,-1.7998983,1.8366728,0.48911804,1.063869
0.4683749,-0.1397711,-1.409449,0.31760177,1.086416,0.9568825,-0.2505801
-1.9863397,-2.9866898,0.50739187,2.8490803,2.0543714,3.388961,2.4139898
2.3006754,-1.6162382,-2.337343,0.7889873,1.7785252,0.24135679,0.09991657
2.8850803,2.5932732,-3.2742915,1.815752,0.108041175,-0.53031987,0.9396107
1.112648,-2.7678802,0.812216,2.0239034,0.011970909,0.33778265,-1.0352407
1.9079356,-2.7521493,-4.54936,-0.47932625,2.6958477,3.1817827,1.6586188
0.7761276,-0.65703064,-2.2643068,2.4579282,-1.6831572,-0.16585295,-0.921131
0.6594237,-0.8871696,-1.4798883,1.9851056,-1.6241758,0.0938713,-0.5007846
0.8233913,0.36934757,-2.4185348,-1.1395941,1.4743693,2.1352167,-0.049623787
1.5091654,-2.8140838,-0.91071635,3.1398728,-2.9537656,-1.4782051,-0.94419366
-2.1263738,-0.084143974,-0.8023732,-0.3412088,0.37192598,2.21642,-1.7190691
1.1939741,-2.3464165,-3.9545825,-2.085605,4.076645,2.6431203,0.95003986
-2.699975,4.151417,0.3970743,-2.659043,1.5842415,0.14410858,1.4546953
1.6868019,-1.6898832,-1.2736671,-1.4003931,3.193219,-0.67499816,2.770453
1.5456216,-2.3062766,-1.4742573,1.5019516,0.6967738,1.4762406,-0.62426126
2.3505702,-2.6291819,-0.60451174,3.3115098,0.46516564,2.6992803,3.0441296
-2.035321,-0.54443794,-1.6153135,0.59956217,0.97441065,2.556034,0.35360008
0.15393923,-2.1239471,-1.3395836,0.9058553,0.47779986,2.7332225,-1.3828827
-2.0253143,0.82035214,-0.43935814,-0.63880706,2.304614,1.3127375,-2.189946
-2.005033,1.9385235,-0.02664247,0.39848337,3.080638,-2.003601,-1.7270423
0.9119605,1.905982,-1.5320305,2.581861,-0.555856,-1.705793,1.1373864
-0.39050037,0.6292141,-1.6078067,2.3263469,-1.4445639,-0.68134564,-0.82673466
-2.8030202,1.5099999,0.7900111,-0.29969287,-1.2091826,-0.013062691,0.0032131786
-3.6259444,2.9735472,-0.8660871,-1.4859635,-1.2148964,1.2146201,-2.6568198
1.0972592,-0.0074179,-2.0164247,1.5532354,-0.5513814,1.6623979,1.4011369
-2.427099,-2.9432771,1.6253198,1.247153,3.2858608,1.3314013,1.5078046
2.8107667,0.93003476,-1.9405335,0.2607299,2.2775626,-2.2066493,2.5290852
-2.5987709,-0.44764924,-1.1242554,1.0296515,0.6007798,2.2052627,2.0672748
-2.0730577,-0.33384052,-1.7310569,-0.034595832,1.3965322,2.6395862,0.6385755
0.55543506,0.37856025,-0.7235214,0.61702263,0.18212737,0.029357301,1.2842826
-1.071828,-0.5488153,-1.3923279,0.43126544,0.27288398,2.1628098,-0.45392615
-3.342047,2.131468,2.0417383,1.0564547,0.019821439,-2.7170522,2.004938
2.2450411,2.5438795,-4.103595,2.138115,-0.71563756,1.2850298,-1.0757835
-0.8649178,-3.910996,2.7496464,2.6578069,4.049841,-1.5431917,-1.6994389
-0.21358481,-2.0123339,-1.3850379,2.1525774,0.36561117,0.31561068,-2.8033955
-4.315398,0.95564085,-1.037823,-2.136982,0.5479223,2.5402203,-4.8657694
0.1008331,-1.3481055,0.5010418,0.87327045,2.2714102,-1.7362368,2.6642294
2.1687698,-2.6009285,-1.2132361,1.0054288,2.029053,0.7073968,1.2259551
-1.0063181,-1.0147935,1.2424936,0.6409758,-0.45485482,0.73130447,0.04002062
-1.6110933,0.63926965,-0.34857127,-0.040911425,1.462137,0.7908228,-1.0493954
-0.14805089,-1.530805,-2.437405,0.77962977,-0.016110122,2.8717265,-1.7467949
-0.5305391,-0.6628464,0.31003514,1.6172738,-1.3502071,-0.98703396,-0.15490358
0.74948174,-2.0619552,0.20537633,1.0684769,-1.6600399,1.4323633,-0.67599964
-1.6190257,-0.15443969,-0.014687247,0.6037204,0.18941727,-0.059276775,-1.8535291
2.1563668,0.19419257,-0.9255383,3.4087515,-4.2095604,-0.61370087,1.767761
1.3666724,-2.1506698,-0.29563087,1.773735,-0.09566651,1.6236681,-0.101385385
2.6644397,-1.2278441,-0.6890029,-1.7558359,3.4278252,-2.5047965,3.5072758
1.4676397,0.31083575,-5.088043,2.2879863,-2.1772394,4.485831,0.97083443
1.1252341,-1.6128697,-1.5864255,0.7333101,1.2518916,1.0563458,0.3571144
4.07965,1.5992327,-0.99843466,-3.9249287,3.8595016,-3.1162596,5.74712
-1.8368266,-1.5694033,-0.820441,1.1145164,1.1661159,2.7863636,-0.05980821
-3.4137836,-1.293806,0.55434984,1.3972175,0.9941245,-2.4351544,-4.7305627
-0.016658537,-0.61929137,-0.19138324,0.29543397,3.635816,-2.2528012,0.30835602
0.044019736,-2.473095,-1.9009324,1.8717963,-0.0022472288,3.4694128,-0.052642792
0.81928045,-2.9766216,-2.156853,1.806939,1.2705745,3.311005,0.34124342
-0.39291772,-0.19099495,-0.6426173,1.2159328,0.8946581,-0.066152655,-0.42950168
0.5479788,-1.7389048,-0.21152736,-1.0244213,4.1748776,-1.8418046,1.5822936
-1.2523282,1.2248268,-0.02016192,0.010135355,1.2033368,-0.10611241,-0.660241
0.9050825,0.35238293,-2.067593,0.24093723,2.077036,0.30192003,-1.4186995
-1.7908481,0.5455011,-0.56562203,0.40949905,-1.0580997,0.37310183,-1.4773874
-1.0531683,-2.0846443,0.49397898,0.27542397,-2.8439765,2.104945,-1.4866482
-0.68898255,-1.4174516,-2.487925,4.09832,-1.4885639,-2.0952408,-2.12399
0.64863604,-1.5620198,-1.137171,2.5074806,-0.5066986,-0.45402846,-0.9655847
-0.48560232,-1.3522652,-0.2934536,1.6300383,0.34017685,-0.20706014,-1.588
-3.8100471,1.1409135,0.880548,-1.097422,-2.358761,-0.7233044,-2.5405083
0.19110975,0.26533803,-0.5882866,-0.7087136,1.669688,0.164241,1.81617
0.7824324,-3.6879888,-2.4108603,0.6149605,3.171784,2.303479,1.5566424
-2.0179374,-2.3896353,4.6254454,0.104982205,-1.6509235,0.4203749,0.022759305
0.5656482,-1.077515,-3.3309624,4.292834,-2.0873063,-1.5767627,-1.7336407
-0.1787494,-1.0284561,-2.9551992,0.73642224,0.25396794,2.8079188,-2.3978186
2.536959,0.5342001,-1.736703,-0.13694991,3.7062209,-2.9692972,1.9592985
1.3142432,-1.1057721,-0.42085305,-1.3053713,3.477358,-2.3563094,3.3883762
-2.668376,1.695102,2.1368504,1.5634243,-3.2166953,-2.398571,2.5422533
-1.2486119,-1.3368965,-0.73918235,0.6558978,1.566032,2.19245,-0.39960194
0.3178066,-1.3818965,-1.3533579,1.3095727,-0.8579408,0.9766978,-1.3346851
-1.4440284,-0.16133267,0.7006601,0.9820971,1.5192754,-1.0217391,0.5714515
4.46273,-1.1652739,-2.6146362,-0.248128,2.0102763,-0.6041458,3.5002718
-0.8745288,0.33244544,-0.5361448,1.70083,1.684374,-1.619496,-0.27078456
1.8343519,-2.9600832,0.7747997,1.7981554,-2.7961555,0.8928705,-0.45828477
1.5663679,-0.9280807,-2.8320885,1.6424838,0.094421044,1.291284,-0.8113172
-0.08303225,-0.34442306,-0.24652502,1.2274911,0.67180467,-0.22211006,2.390234
0.06955391,-2.2079608,-4.6147265,1.36359,-2.2752619,3.7294323,-3.1357687
0.5927373,-0.6683182,-1.0999122,0.7409947,0.5373096,0.75141346,0.18118618
-1.0902449,1.0594603,-3.751301,3.8850346,0.2530656,-1.1210577,-3.4721756
3.5057375,-3.7630913,-1.9200352,2.7146144,0.50590014,1.0363959,-0.21493152
-1.1626672,0.105415046,-0.16564646,0.49006262,-0.109832525,0.633113,0.32538223
-3.2886808,-2.7554333,1.5939939,2.266282,2.1830568,3.0813656,1.7884803
-1.1770604,-3.1857436,-2.5207677,0.8878516,-4.012058,0.12292944,-4.1181355
0.92711765,-4.229904,0.0609161,2.7068424,3.0388334,2.0098991,4.416361
0.9570973,-4.478163,1.8753369,3.5931895,3.3544264,1.6061088,5.3037024
-2.260024,-0.5396443,1.2161076,0.51781666,0.88861436,-0.42428458,-1.8755856
-1.3001661,-1.6685662,2.0765643,0.7997281,2.460908,-1.1780514,2.025124
-0.5786589,-4.0182924,2.3251553,-0.26675135,0.66264945,1.8611963,-3.9693341
-1.9430447,-1.2358928,-0.13976745,0.86842483,1.1056997,-0.1465997,-3.6270132
-0.5535079,-0.873752,0.06573298,0.3788037,1.9646133,-0.6888866,3.4505033
-2.6188576,-0.7593461,0.2898102,-1.2200681,-0.9407468,1.253162,-3.082414
-1.139032,-1.2628483,1.4561435,0.9414751,-0.53057855,-0.66851616,-1.0963514
-0.8154636,-0.5984519,-0.18626441,2.2284827,4.003772,-3.8593059,0.47170147
-0.29321006,-4.8397293,4.352401,1.2191317,2.2728424,1.8216848,-2.918126
-2.2102897,-0.48161885,1.179188,0.81178564,2.2185247,-0.5695674,-0.8417259
2.9628463,-4.5214157,2.570771,6.4042606,0.44678682,-3.1952899,1.5263464
-0.29971945,-1.4864174,1.0296094,-0.020352831,3.8098888,-1.9180312,0.27363956
0.8746975,-3.8831534,-3.9922905,1.8291832,-1.17126,2.9407816,-4.648173
2.778159,-4.21013,-1.9298462,2.2636282,2.9606795,-0.2422738,-0.93912697
-1.7773273,-1.2158554,1.610603,2.3464816,2.1416762,-2.5990653,-0.59873253
-0.43307617,-0.33168498,0.465449,1.1328855,0.73516524,-1.1470929,1.5737602
-1.988167,-0.92203707,-0.930832,-0.15868115,-0.30141765,2.6102064,-1.426051
0.786419,0.90004015,-0.18655573,-0.5929889,1.2025276,-1.2199152,2.2844129
-0.39936438,-0.76097494,0.7721284,-0.09923111,2.1527832,-1.7248499,2.915769
0.9181833,0.6359444,-2.7595208,1.1620729,-0.92150766,2.2179658,0.8788008
0.9593587,-1.6735363,0.9291406,2.1834435,1.9419359,-1.8064603,2.790848
1.3701543,-0.51262444,-3.6808858,1.6934522,-0.7656496,2.3986778,-1.4994587
-2.7308042,-2.9261694,3.5976512,0.43742707,0.046178274,2.3242462,0.65614724
-1.9779353,0.32055154,1.1409966,1.1670632,-0.12254955,-0.872366,1.9302932
-2.4298592,0.7805326,-0.9084222,3.6347733,-2.313086,-3.37413,-1.8422753
-3.9410772,-0.8953399,0.9317668,0.45819676,2.191348,1.1389041,1.7870435
1.1184125,-2.377096,-1.6807151,2.7343647,1.0070468,3.356724,2.9645777
-0.5218195,-4.194614,3.8175085,1.7698214,2.4990377,1.0227047,-2.0692017
0.3762915,-1.4296755,-0.0075893095,1.7315434,1.2665905,-0.7453226,0.67228353
0.7983613,-5.265854,3.1865823,0.063115165,-1.3279815,3.059316,-3.0362253
-0.13292205,-1.6715806,0.2995632,0.9558457,2.1246538,-0.1172087,1.7766619
-3.349799,-1.4963523,2.2503908,1.1416644,2.6117823,-0.7523847,2.7231765
-1.1070445,1.3631158,-0.1065724,-0.052462313,0.45621705,-0.13884217,0.25751793
-0.5881672,-1.2134962,-0.07371186,0.6307068,0.23121887,1.8554151,-1.3150709
0.0065965215,-0.25450504,-2.431354,2.0204916,-0.8910579,2.9240136,1.6323068
0.15631475,-1.641755,0.12515503,2.7259767,-0.27293587,-1.5536492,-0.26436344
2.22274,-0.8125699,-2.2496421,-0.40803504,1.8834445,0.6971327,0.93323296
-0.51415145,-1.1390773,-4.7206664,-0.5573343,1.9067101,4.1754932,3.6122696
-0.97173864,-2.3650951,1.3132353,1.1003785,3.8411422,-1.0853708,0.24292083
1.0138156,-2.6639981,-1.7150337,1.9816142,-2.4745312,3.6017647,-0.2209077
1.7657644,-0.9822009,-1.981724,0.95086545,1.5403602,-0.46107045,0.2488895
-0.4697477,0.43376702,1.1134729,2.4226515,0.21956377,-2.9410172,3.0312583
-1.2198293,-1.954166,1.4710295,0.46228254,0.3441152,0.2433708,-2.462168
-2.162194,-0.6659837,1.7383137,0.09953988,0.71072334,0.7854671,-0.3131743
1.7422411,-1.6977533,-0.7984925,1.558755,0.75221354,1.0191011,2.6966865
1.1036613,1.5538968,-2.1617587,0.63149625,-0.36443388,1.251856,0.061416183
0.86898136,-1.3104479,-1.5300088,1.2037221,0.35937303,1.385203,-0.40343788
0.42798322,-4.4117975,0.5729383,-0.7688872,-4.1718817,1.367284,-3.4303498
-1.7591472,-0.98446023,1.3293715,0.69060796,1.8515375,0.32301435,-2.3131924
3.6294684,-0.28997397,-1.7682369,2.8067784,-0.47038484,-1.5212345,2.7469914
0.48411256,0.5652582,-0.44748825,0.9670469,0.31066725,-0.8321961,4.3251815
-3.5184197,0.77368194,0.86491174,-0.9120924,1.015827,-0.08009248,-3.719678
-2.0595498,-2.1987824,1.7782488,1.5272403,1.3771796,2.3018348,0.73379546
0.35625744,-3.6263325,-0.3711885,1.3748448,3.028611,1.5439852,1.8999342
-0.5665583,-1.9186122,2.4203012,0.16083317,-0.6420606,1.4491651,-0.77163184
-1.1299381,-2.059865,-0.49517453,1.3770654,1.966509,1.9328895,0.5451121
0.53655833,0.12121422,-0.37978625,2.4732943,-3.097039,-1.4309396,1.026024
-1.2450058,-2.9805143,-2.0129795,0.018699022,3.461902,1.8416247,3.5908325
3.9721317,1.0675768,-3.3253777,-0.75208765,1.9188011,-0.26583567,1.1223587
-3.6404326,-0.58652973,-2.3700411,-0.23983884,1.6462458,3.6955185,0.2972532
-3.6501367,-0.05884328,2.5740552,0.85905117,0.9012411,-0.891659,2.1274288
0.8137826,-0.48442546,-2.892354,0.97868675,-0.52615565,2.4992206,-1.0718848
3.1432087,0.41227368,-1.9677571,0.97088057,0.98281544,-1.9041309,2.3689847
-5.0767255,-0.45851892,5.0690465,-0.5513356,1.3582485,-2.0814726,-1.4507098
0.6228904,-2.3177137,-1.5645021,1.6688924,-1.5808452,0.5868275,-1.9217012
0.54363,-2.271137,1.1313438,1.4713509,-2.0460973,1.2681342,-0.32847583
-0.92636657,-0.3957572,-1.1173921,1.8327644,-1.987029,2.6525311,1.4959263
-2.3624363,-2.0397303,-0.5106246,-0.44857043,3.5331798,1.1894333,1.6487657
-3.1062632,-0.28709978,2.0006983,-0.7116034,3.6158137,-1.4077494,1.8300776
-2.338187,0.84980655,0.5590737,0.16246358,-0.6711684,0.33098856,1.8780794
-1.6977873,0.15355738,1.8230859,-0.01696288,2.2604911,-2.7447486,3.6697876
-1.1269356,-1.3616792,0.88724923,1.1743425,1.5888095,0.45470348,0.69409394
0.45856667,-0.8480695,-0.95499414,0.91360676,1.0433569,0.41511372,-0.15797412
-1.5813427,0.86259466,-1.7946671,-0.964302,1.5751997,2.3390126,-2.4070485
-1.2404671,-3.6786096,-4.766827,2.058721,0.057183746,6.088058,-0.47386336
-3.227104,-0.5112483,3.2710028,-0.661025,-2.0085156,-1.5017182,-0.9129341
0.12860873,-1.3767767,0.807785,0.5559294,1.8906829,-0.69071597,4.7193995
-3.1582434,-3.0056922,0.57949555,2.2512171,1.9089366,4.34968,1.5174596
0.20842761,-3.6491263,4.0118175,2.2773755,1.2312244,1.2613684,0.2701783
-2.5646217,-1.0833352,-1.3686486,-0.23673135,-1.395965,0.58098537,-3.9949756
0.6053072,-0.23929058,-4.161484,0.452672,0.2841299,3.7622502,-1.6847132
3.9035826,-0.43772534,-3.4662023,0.17185993,1.8611495,0.050473712,1.2945337
-1.287278,-1.3494571,1.647647,0.7119005,-1.2048756,-0.45840013,-1.1023589
3.2839568,-1.9718654,-3.1571229,1.2442636,2.3451278,-0.44243988,0.522997
-3.2364945,-0.81607175,2.0650697,1.878102,0.12860605,0.35553062,3.6998916
-3.5716999,-2.8816838,-0.97335005,0.8840344,1.371512,4.8117514,-0.41126296
-1.1185976,-1.3046979,1.5014446,1.0969217,0.72312963,0.022729652,-0.48715845
1.1026549,-0.79981893,-2.4458973,-1.2981261,2.1725116,1.4811502,2.1020422
-0.9224743,-0.90124846,-0.44319275,1.2661655,1.9534467,0.1738463,-2.0831208
2.4634793,-1.6263345,-1.0569228,3.6822972,-3.779035,-2.2659657,0.70690703
-0.039839525,-2.3917203,0.7295409,0.6120714,-0.71296334,0.52967995,-2.0922482
-0.20680566,-1.462598,0.47526732,1.1372654,2.4430647,-0.8297314,0.67680234
2.8993301,1.0821613,-1.7764288,-1.6479776,1.5804343,-0.15215895,2.4061306
-1.9010215,0.6810563,1.8993729,-0.68849796,2.9343724,-2.182789,1.2810074
3.844311,-3.432347,-3.0062132,2.9312909,1.4430703,-0.40062162,-0.08673529
-2.3511758,-2.9032655,-0.89159095,2.0466022,2.0933714,3.9040172,0.856709
-2.0295272,0.46918756,-0.84287316,3.1484818,0.99642,-2.0194323,-1.4144831
-1.3969373,3.024094,-0.811859,-0.24531549,-1.037579,0.63915354,0.7951845
-1.6458576,-0.5787981,0.34618562,-1.732431,3.730105,-1.04801,2.9758353
-0.8912811,0.57116485,-0.71245044,-0.8470005,2.6776905,0.39890012,-1.1330736
1.1747172,-2.4573383,-5.57213,-1.5258822,3.1245866,4.122092,1.1544565
-0.54522306,-1.457262,-0.21639903,0.7780124,1.6521755,1.2241793,-0.006595426
-4.375069,0.14953546,-1.1663923,-0.058040936,1.0276233,2.8006697,1.9959188
-1.2344166,-1.8171678,1.1983566,2.2962537,1.0799813,1.6262537,2.32473
0.67320585,-0.38788715,-1.4698176,0.7229886,0.82300836,0.7683127,-0.23782359
-1.3293371,-0.3831431,0.92191225,1.440348,0.06402671,-0.87360615,0.062838376
1.926692,-2.297589,-0.19402076,-0.17830208,3.6242719,-2.620004,3.6049643
-1.7502236,1.1615347,0.14675392,0.11009776,0.33619565,0.08302908,-0.16665705
1.3069355,-3.454136,1.2036066,3.2747371,0.70461833,-1.1938747,-0.46210745
-2.238979,-0.36960778,0.98065746,-0.2044763,0.665901,0.20267361,-2.3061502
1.7375948,-1.5083295,-1.1445295,-1.012354,2.6048415,-0.6437127,2.1468382
1.7541217,-3.4903336,3.146617,2.577378,-0.87013656,1.9995012,0.39897016
-1.3051596,-2.0020633,1.35357,1.7174968,2.1678264,-0.5914681,-2.9572575
0.27833244,-4.095842,-0.39830598,1.4564288,3.544797,2.2610905,1.1928442
0.44101328,-2.7238545,1.3450471,1.2965351,-1.1360412,0.651926,-1.1579916
-0.05267614,-0.50522697,-1.8129152,3.4247978,-0.5596057,-1.5891788,-0.49013945
2.203328,0.9405949,-1.0586679,-0.5677446,1.9225835,-1.3506798,1.6136101
2.2867067,1.7738028,-1.9745609,3.53566,0.22760907,-4.1467357,2.9798625
4.2399373,-5.042956,-1.9356765,3.0275624,2.2011137,1.9069072,0.60793203
1.5843643,-1.2397994,-1.0658636,0.6495847,1.6563681,-0.3929395,1.7083161
-0.43550533,-0.74564475,-2.0605557,1.4316736,-2.6293435,0.4033573,-1.9322062
0.9486921,0.25374112,-1.7038825,0.8525731,0.92315924,0.37972263,-0.46574795
-0.3263464,-2.4804587,1.4422936,2.2866304,2.8420649,-2.569568,1.2361127
-3.3903103,-1.9791332,1.3004941,1.509674,2.5755763,0.27279055,5.532647
-0.15305066,-1.7147282,1.3816878,1.4580877,-2.7604318,-1.6364065,-0.8972225
-1.8971869,-2.0673885,-4.6436405,0.26426604,-0.3108601,5.2910595,-2.5663176
-1.0396855,-1.7563654,0.5400331,0.40308514,2.7024217,-0.69738525,2.1075585
-3.202434,1.2563647,0.94323915,-0.791889,0.83019865,0.17045833,2.1593335
-2.229103,-1.5341843,0.6122445,1.6039404,1.8447108,1.5007749,1.7622347
0.8253708,-0.4191849,-2.3492277,-1.5942557,3.5000007,0.9814661,-0.7579801
0.08882012,-0.5649432,-0.23546627,1.5504931,-1.5063026,-0.36833668,0.13778357
-1.8231109,1.3501874,-5.277713,0.3920471,-3.8219023,3.3795109,-4.4276085
-3.4899387,-0.042383436,-0.39238727,-1.5706975,1.5418776,2.2564385,-4.492436
2.2560039,-0.17577627,0.05306793,-1.163515,3.1509154,-3.9284303,6.855861
1.7110256,-1.0330092,-1.3252624,-0.015533409,1.6624129,0.04690808,2.07936
-2.6535408,-2.4410117,0.8743899,-0.80361587,-1.0469227,3.550105,-1.5742649
-3.9645948,-3.3620234,-0.11609021,-0.6652871,5.3995643,2.7512891,0.12329469
-2.5304835,0.46107167,1.4336767,0.04802154,2.434467,-0.6266909,-0.70669144
3.7285137,-0.5643674,-5.235779,1.2929344,-0.4673445,3.453192,0.81559205
-1.8810358,-1.5474658,-5.032835,-0.08076828,0.3078586,5.4000096,-2.6113513
