Water,Potassium,Iron,Calcium,Magnesium
63.14271401061911,524.7473650033589,0.10312078244461764,-29.713460868162933,20.054408827781938
47.55316751818772,552.2931591549434,0.848220180636162,6.045903109214109,38.41660503692073
66.84933142419551,299.7198635742972,-0.0675054685946137,7.394716240345517,28.700587890021165
88.34009869136024,57.047110688543754,-0.2053127461173066,56.08924867703426,22.699030129215338
45.19896611117748,533.1819032193318,-0.37710572995029623,44.38052313574539,23.57320873220057
45.19936918887533,487.3451573883479,1.1638138279975194,-5.123203618178401,47.19365848014156
89.71946337246534,280.2367833924006,-0.01078399729833473,18.677008434753624,-16.336581062525084
69.78925607896782,367.62469783565973,-0.15286989077950452,-23.843062286260825,19.319492152036652
39.42152937963831,622.6929330418595,1.6222785453510755,61.24260745317463,37.251162205103356
64.26829022173946,226.63075166724815,1.2568609776118511,7.272954459278074,37.4970562656929
39.57022906921284,662.0338881034319,-0.038999299669988385,30.38529757045712,43.33061750286819
39.51346497203828,493.9711906138857,0.5801872835532227,67.55399446848403,26.14422108104937
56.88822415562418,666.104181536019,0.17762230556755965,-10.123051858786734,21.931332066058566
3.9742186679926017,586.1603625503918,1.2644314497119962,15.35665238230927,64.47075494996083
8.598760748460961,921.5640767155603,2.452601546932015,34.16340668305823,58.651786000507116
37.14284605873584,509.064249683912,1.05054819212273,61.30436025108258,37.37340436682412
26.08141521182311,451.52734395889513,1.2521486250049993,0.31143176149996776,44.46807528957973
58.66291637108609,269.9311291743938,-0.7660537754011238,-51.49753676103877,41.249383430353056
28.6545644062374,484.990407648772,1.8514086488310495,26.880711271869608,42.64898996311514
16.27384405260465,675.5492255138055,0.7638381801339572,59.75556349677812,54.44243635486998
86.93131840084091,241.92850477337427,0.09601407498616302,38.85828705720219,43.91254332226151
45.40463417349511,340.57257536298,1.2059819136994872,17.590326169511968,22.778315936779194
52.60564105764875,377.49241310288704,1.8333625593540528,15.084908821817766,13.769609468553703
15.968315771598158,935.9003473835886,0.7199590539587205,75.67430865010147,65.1136904873989
37.5824322899161,736.3389651388084,-1.0261389871620081,-15.019763960720773,35.938856342020216
53.67102962060571,440.01885384454357,0.9482834180150824,15.113279904947463,31.687849842632055
22.689347285591907,576.749327871323,2.840122214855807,46.86394442161461,42.6599992660559
60.17161058927197,351.18780444353035,1.5710898458924585,33.548379195577915,28.919240247474605
36.201275209382246,577.549882814094,1.3672066672996108,21.30196300119858,64.12794114475497
43.78627510341757,283.2983742747331,0.6806085068244068,31.47695491722342,50.4748699103592
36.17505632840822,446.7291776015021,1.804773486699753,-30.45033029499323,55.26575587617844
96.42357315364477,-147.91961781457823,-0.8772077793010369,-14.854974335807995,-4.389701148657426
50.61636143598028,453.8266353467761,1.2321650822462513,38.781273966203656,23.279152476104386
24.97955756851648,653.8391741347389,1.8405241325463737,14.953435455977338,16.62837686133065
71.14228271105411,190.83010709414145,1.189145755313886,17.459043959384296,16.4328022919263
20.974437202697757,818.6537835376513,3.580884947556231,54.492727578791204,64.52593438601657
56.07560861931534,174.77007468802302,1.0457591754595719,15.027475780534031,40.471208922392975
2.835286828422598,476.79692100303635,1.6056883350588431,56.98148038490266,60.01386750946172
18.339041768938355,632.4034142591431,1.604198087932193,19.02389233329957,54.13216592069378
55.780935100030796,518.491056875095,-0.5283424815987647,18.742093497218637,26.092468530121415
69.07805035991397,529.8771048227877,-0.047081991127029266,32.98778896676842,29.7610048451327
55.155049923010395,295.9558334639625,0.48050154447288795,28.590383494575534,43.963881514737636
48.10842017907426,571.9384868807009,0.5578994650620444,12.913498513602157,19.016763592498993
43.555248701636636,432.80619872278317,1.1568943686750925,36.56607675840721,44.54094881392042
14.648098976191122,596.1069431821561,1.1059297383950804,64.88813043256079,67.61335577374298
33.274624769207435,636.7560291070953,2.1007744239297512,-17.42598498465658,41.41736881699816
39.63845521316428,561.5706533168586,1.1353102599232905,63.1248548838849,51.46822426242905
76.9014607121178,-10.147132230115346,0.275056805472543,4.03160690321562,57.04320067740853
59.3840115456464,560.2127680678557,0.4431854166043449,33.349608960430814,31.214052453041546
7.662808165266442,873.9794548060777,1.9808833367832936,81.25934075043072,64.8462599122087
58.904418591681505,247.08937473427494,1.2974318465671626,-13.41466599418278,23.830927078262697
41.49346527590572,511.21509410677726,0.4584875218472415,13.242617080060043,44.215240673183466
34.328420774646624,571.4652491928662,0.775428950707912,28.094655343491816,51.40687130486533
65.9651838906293,335.5695091649891,0.31015683812321376,-1.8160833508456697,31.30457345779688
76.26011437742756,148.25235927199233,-0.6877838961789403,58.56629831722922,11.163179249548488
73.81187339390031,145.54438305712154,-0.24657187556746718,-7.931588357503568,27.251187422293953
30.34385471046299,518.6069800051697,0.9997060053396667,23.24419894029382,65.61379552270728
43.356170060301764,616.2462358019637,1.6895271095936855,36.15399617005141,46.44334580231315
59.08068371696116,421.8188686689209,0.8819730551467657,-9.07366770064392,44.230604571234345
74.89863688288894,183.9200661427625,0.46930799983058796,3.5500876100592453,21.325739473711508
39.18338540588629,582.4137226212194,1.7679005629832696,41.34841960947463,52.304450661252986
46.38956662398505,-7.8270617104846,0.8800929422588089,20.471717573630954,42.78098061873438
23.785774053554434,736.8548174013474,1.7837496551679548,38.85069846762469,40.0278408019771
21.57930821528574,316.41668945223904,1.4732089879690171,28.626997627467787,56.50955240221429
70.89630103435097,210.55210789072382,0.6134512245994195,-23.57726096856983,14.366425094233755
84.24519159899185,11.935831091181342,-0.31252015008244066,17.308150423610392,11.560005013800028
49.17979375447375,208.17233023194865,-0.8670087906306809,73.60181310606436,40.20603434585794
75.58577303807549,409.8956316465442,0.21377952057517685,14.015971223435336,27.399024670763332
59.82637037387241,264.9809710000899,1.7134226769959136,27.873807615272316,17.899485164527334
35.109207248032156,544.3208856155029,1.916281639521364,53.35038209247104,58.14688055463547
59.82046776165041,328.3060539018066,1.3790654686019046,-11.227851502201275,39.134182187006665
88.70853293130304,223.76081280742454,0.915552506371583,51.04690786684325,8.309253379421436
50.06816001673427,408.8152141435095,0.9611664253591374,32.50314154145458,18.91365527657932
89.36177156276743,-45.10350545483416,0.1408359933478456,48.84813641112416,14.708863833358581
-13.370412002293694,949.7475230887298,1.8972976300390225,42.02686218349923,65.96660282018271
71.1265107662326,189.34040943187102,0.1829355141997573,63.49229798424531,27.562123457995853
53.08485453141583,143.99581040514886,1.277600811536363,45.874030345633734,31.46001254097229
43.6067166995671,373.88063672292895,1.9247725669918694,45.14189265059629,16.701554055694697
53.20058219771534,603.1015634901297,0.7226076333010547,31.653769357976707,31.09403443519382
2.1503352490977923,829.2717989223476,1.664359089678597,46.385958784030336,59.3659297099192
45.55450543947921,373.4697298300095,1.000071019250684,61.03915146457667,47.499300545426166
59.71531370928861,283.5003697739915,1.115115390240487,25.711873931640874,23.878166842725356
87.23195584050607,113.0075552851564,-1.0106947996928297,-44.173411817440034,37.82981223751622
38.22352826342651,784.7921867626865,-0.511797222307725,4.326653742559092,20.732685948654574
31.09816689420857,575.107948269759,0.9280802700850783,32.51288284975998,63.39015748633046
38.62894816839793,534.5457015759729,0.2654839234967079,41.45050712874041,40.856562202113395
73.42204781852531,403.9943348648451,-0.010103100332483683,13.213455939226204,35.333993724604525
59.01900295224831,376.3651776417329,0.583274089750632,54.30598203102976,33.62890506294383
37.94143418312071,435.26750736162205,0.8425274438033167,-17.340873687361146,57.665240707039715
63.549118555615145,282.16545665392806,1.6499098851964533,23.741800515506448,25.576994697401123
53.33111588181881,365.78169611109087,1.0605764581811075,-22.105149475618372,22.462023776567968
74.72922955976303,235.13921500553974,0.5513593628017126,33.87076787763428,41.39742877050365
33.71141975822421,610.5159107033338,1.7259477124730251,33.50350830693897,44.81999464169156
42.90320420463594,450.54951894878246,0.22749011271098996,42.027816745325076,43.947959618358695
41.32097096742633,562.9718991141964,1.8566050355157797,9.294211540567801,57.007237360410286
15.016541371520047,607.5923047193046,1.643573892728396,79.46964639137815,43.73599669759989
58.2178735934842,357.36192529518354,1.200070656374523,50.09780949772809,40.27350488123587
57.35698214070096,50.45893979514511,-0.054508436387883386,38.57125331718149,26.44375699898231
51.07327785688319,528.7018437126283,-0.26306359410790225,23.282024530074395,35.31878270323028
45.18831677240957,480.3467243613683,1.606250035436347,44.995964050524194,40.92754391237384
16.1985442160391,762.3363325583512,1.9472129422329387,26.864823623619397,37.45958424515594
40.62034635594717,21.613778474207095,0.45294100487721567,54.65735406204511,33.107962048869986
42.53364895550299,759.184683665853,0.43281549067739244,74.4044087036762,57.761576648916716
31.250785966788232,495.6991633837188,2.1503401324737514,65.30522655488035,58.18557402620369
46.98796196378428,583.4872593111895,0.09695987791319316,9.770612511294576,38.33961880041593
60.86770963104483,172.3090171038077,1.8504229758523543,30.878089697281823,34.610025190823876
97.25605167711261,189.92490416999038,-0.8429355584107016,-31.912548540106314,8.690933429813713
55.23384809705909,206.03506835430665,1.2449343212547208,39.4172043304012,51.04266846754595
57.27093274474677,257.7268546712808,0.4910442935596463,35.139079538458276,31.185619642869
49.119991840793176,691.1591807678567,1.3591903931732758,-21.20468620296871,40.75048381905316
3.8394082007453916,661.9938382631053,1.5569866519929425,21.586224094718283,75.96298403006122
50.29678573998196,428.51276407703364,0.7720277803062822,19.678763637364753,27.95579701543063
52.42646579956103,513.1554563511029,0.8722482378404127,18.073818439397876,54.98013800398435
111.42353180995775,82.39302352851897,-1.2416450053735555,-37.315875582261,-13.780813304665497
46.225024103434514,444.27687520021595,1.5261468426612663,39.446215064810154,59.14750748376302
58.35111510076973,399.581153334375,0.3313015357695378,29.3501452941019,28.531175227602894
50.0955167791179,758.5735123952886,0.7285074687346952,22.11182684178854,34.508751282981336
22.255170798779872,565.1229414383336,0.8059884733495201,22.339682259908393,29.524853684325308
79.00552156153842,243.84247639711,-1.6403359368579975,39.140415132976344,16.506206238755176
69.40866927924479,432.53104016268844,0.3137272169794612,60.1571604086442,14.581262977363417
70.36859845344887,434.6913626537854,2.1959709657878417,3.678404592244732,19.278046038362803
28.621091672743088,711.9203810456671,1.9612854513400586,22.686007627586655,47.25233276436495
85.38815974944623,269.15406998141907,0.07343210247552576,21.13345548144962,30.12472968450181
16.530469916776152,438.2096863881052,1.4720471853592965,35.81465943632334,57.86989534325044
65.35584038859142,545.9069860322599,0.5626772951844081,15.369509419409855,32.99033296461622
104.72626895242145,-122.06916567086301,0.04483398516055814,17.270546595976732,-4.959486814503359
26.628781416264466,591.5478856158109,0.5694617677498925,-10.186188260276268,39.354637734751044
37.04439042678101,366.475266242892,2.0095423566168122,68.6810869252391,66.09072150092125
53.39430640406594,366.50308886938257,1.343366402408104,27.32852325508127,26.809244595385824
38.586754045732405,519.5805765488421,1.684501357667635,22.595878769736792,63.54865847153787
12.876932826543536,681.6463581141032,2.0686691547509115,44.80539020771842,54.38915831274039
52.63104600920088,444.4533283343651,0.85198346174383,24.852923967422758,36.10738194301405
24.866798732002835,799.9238415116229,1.9655309900655713,-4.580671652559985,63.81654488442086
62.57504566913081,386.0938667863072,1.0427598035229617,59.62075944152749,46.09954570064938
28.37467569017083,498.22633201226824,1.1341578605665055,39.916149633082824,47.70342088003415
89.00064033437701,295.16114662864936,-0.4147199510118091,17.936272251550925,11.968386337494113
31.71784932960337,692.6323577298592,1.391030451023994,61.9398013379798,46.578981683661496
43.04070696131904,257.2251846991044,2.1901556219546325,4.257519389131936,45.27767407921968
70.92064106976585,354.76275976502666,-0.48742938693952675,28.422546149906765,37.05278743702218
20.72841681463564,688.939448207064,0.49488373185056167,35.92991713827547,53.17541230509773
56.53217293085054,311.47876068171496,0.868804087748367,45.90036918844439,41.456153365161114
83.03978969105451,394.90426950326537,0.17851251702259038,-46.11722634654279,39.5835689646688
11.481932787655404,619.5974214076184,1.9067027939887933,45.294987161163476,62.661188021801046
55.480737091393976,381.7946718947836,0.9508002097828763,8.536481296640007,38.314238023469485
57.32819628331707,325.1506247500964,0.5668312156729831,34.628529144465205,15.259947733942042
70.14250368430845,272.1926348851926,1.5262756257340437,28.74986616181633,-4.989215585294875
20.578987919004593,419.5422603091266,0.40075642304848746,24.498160302745745,57.88608480303961
18.52880946608041,380.8490011033409,1.0126192402876586,25.477855542725393,53.15651033553629
63.76207978454312,550.1677971126715,0.5072251716524642,16.97534894913122,23.927172936582277
58.23909564309811,218.01264088931313,-0.4925628583976067,-0.6293174632627334,36.01931830794357
57.097660954022224,203.53411459548073,0.6067391132100702,45.47207463664257,32.965261881442345
59.45348975865481,13.811154337167807,1.8965554564321638,12.519787517564605,46.03004295993398
34.25224493401362,401.54078816005756,1.2737754839877755,-40.373809738992136,46.937102138901764
56.649866033288625,156.48721672660145,0.914335547916905,13.875339299306074,24.92858598160595
58.143046049029316,592.9774255527923,-0.21023122845026287,-4.290581478613952,45.071251748585766
33.40947991312044,654.8748063438077,0.8270105325105832,-6.544220869211465,43.731817307871005
96.75492551714669,-2.5603121104040554,-0.44718066264388145,-30.186261348759025,18.853074910844803
62.58095001804758,656.6206415334118,0.3774225450743825,23.366364090979012,25.008730307088488
21.699686353976503,724.9774507715363,2.4833009990239288,77.17480044468783,44.77190839931766
67.06698042996055,240.51338081690218,0.9149406650157674,26.29393306434202,29.38175203572167
27.01803380445099,167.63557696987368,0.6112721628499428,23.69326662922551,49.91871546817545
70.27168604405783,613.5993617928322,0.6139626713379565,28.310676323730632,32.439197965904484
79.3927634336816,2.13929884877399,0.5891937223602666,-0.5173706685281392,18.543320208122484
30.798918084942564,272.0855440513899,2.1714491891804886,19.362109552916696,25.606934664788003
74.59987216585579,395.35863549730243,1.4905231978753708,-16.140085634776092,19.125471735018074
61.08204420122126,694.3075596791921,-0.09829531566596583,-24.52809547619499,41.13408168015138
71.13038141663051,471.78134410656276,-0.17902358917155914,5.720120079455208,22.611322837141795
97.51646931525762,180.92251951804167,-1.1099665612966716,5.917202329225267,9.128736409401142
44.92313860812739,519.370295465162,0.8429877839041175,27.43851247857351,52.08856811267708
32.442533192365644,637.4883788879276,1.641021382740421,25.77150921990698,38.28315915250031
29.109000274649354,644.4348878013532,2.098383374079113,13.696717528386198,30.048600004359127
30.918532837990778,561.0956490935251,1.2792914377365154,53.3859024379352,45.74375671497891
49.05478865432896,419.36503328638315,0.6856037776221132,-6.70921669004894,32.153823616182024
59.3234603123956,329.1033133436326,0.7953754246812741,42.55359240859261,20.856248945019694
57.74085465768969,235.1621652138143,0.1098267895521402,-3.124586925396372,31.235614769069034
71.25615991237599,220.5661091827351,1.9393578661389457,-3.8320965696259464,32.05400742883961
51.26694919650976,135.02250323523097,-0.30692102586562386,-11.810264926187557,36.696624641474166
86.63388696949696,150.38828924671566,0.19410581551447786,-5.504937181382534,21.613723872029645
44.45006655157602,284.22938655170265,2.504979983616141,55.73834677392594,62.31108835193463
117.73142498135702,-198.1818116015661,-0.6481492382325423,4.439664355441991,-2.8347522197082045
66.30868257493827,321.23965301692533,0.3854381423222447,44.10569263167554,32.12771177176984
29.903403574356048,734.610445182976,1.0966608239312203,51.677079311609994,42.083988510583474
24.655932911561,696.6711858268073,1.3463164217291443,11.951169172217988,40.823292114310696
62.79306083482142,80.28463284987654,1.6089921827783096,11.735288251703652,23.599541715638956
45.46143397815129,277.6542893072189,-0.615872451473197,9.264858274676222,34.13892737554115
68.47737614622163,421.9149207445987,1.596271994895661,52.1572756858947,31.947022868581875
62.56633471908636,170.16393767234987,-0.43131461123166237,-10.801362463274305,59.08952919145992
49.159691369154665,369.24081684061514,0.722106918712618,51.07908002333106,29.302615554378725
30.157849278300933,606.3617476207005,1.0383225670076126,61.24269127834846,43.0641848392201
13.756267252570062,482.0873297131774,2.158295081651425,94.53938041512023,56.088491683479596
39.985213327284804,477.10602658387717,-0.0416013382029683,21.893712434183435,47.6074038406367
71.9734395280235,57.58411011036819,0.7327264992803815,34.10767024512566,28.922815383912045
56.20401557929402,267.86782585621825,2.236336186317686,83.61869545633273,49.65050687987515
20.36322942960558,633.8940990772594,0.5795656424394571,26.96814717151401,24.069635328181523
55.19955270579631,125.09734497223403,0.9175645300595515,-15.703580817365939,5.933342201439956
60.40777841594797,397.88522821244953,0.1754003599054837,-27.520511926016496,25.94716759052611
29.24788681704466,526.4528979583066,1.6845774481763724,57.014461922112375,61.80055939681889
54.721887035457776,450.8211096898324,0.8037615559156853,-24.555607116324893,16.089008827448094
52.37683555551385,416.2855581158133,0.37429365783266066,16.230742074552623,-0.041065885859218554
22.886329229455367,774.9570624740846,1.8755872308557575,53.21803462466514,58.85701998988395
59.73188065241948,354.7598398133996,1.9946770635935802,26.875560292116074,35.22329912763435
64.71572496501831,239.70823423398025,0.4212834407564001,30.49116861604656,16.480973590086236
77.5380517849042,241.30430191599004,0.7936903279660353,18.304312000196816,10.892159026161227
76.81994611982934,309.1827935924575,-0.6621351463733768,46.333573548274614,11.466239053057203
17.12416196005087,613.704301929096,0.9512138533339988,19.94747628192365,56.3825587411539
27.9229119905088,543.9213106350059,1.748941197561626,21.36398521017736,41.73045497393856
63.592521180756385,205.83878880087522,1.672062738864111,-0.2543079686320411,36.179300102839214
63.56184884162584,211.9129228216596,0.8474125346856037,41.699396478221814,-4.172417022183808
63.59282608574151,100.46088488967527,0.3576572386320338,43.519697587262584,19.89399286587572
145.53730231513626,54.46619819485642,-1.2903782713003988,-12.14652884926842,-27.13169241476647
64.96384001750175,115.63473273330652,-0.35928724342831464,50.19191903675497,26.400598828221973
78.8273484976416,110.51039478458772,0.6798812728723098,-19.025107317610598,15.597792330871304
74.36971930042934,134.96720538521723,0.9851457092691603,57.80771940588589,34.08339897080616
66.94023784673462,424.77549570398855,0.17931955327615168,58.02191251421129,6.020723251530853
43.207466057882826,396.44345921340147,0.7096561034349467,50.13295429388791,41.66293291281096
69.58141683660882,461.07763931305726,0.6439385678749661,63.37152111083421,33.75441037810104
31.973872195573374,410.8082355737994,0.9912695337553512,-6.438073179880995,69.49799626725301
45.133531200491355,470.54294711341424,0.9609575532672173,16.13209268200736,34.27786214525209
39.03142979997055,341.6700439390692,2.684732067806926,13.88535034775651,47.25698289010047
52.95785240353769,701.5617093222343,0.6494856733729902,44.53769843285073,14.159826478946744
107.77561260862754,-147.62794210943565,-0.6872195249478916,-31.19205971129023,-22.21706616937874
5.103948013626823,729.2461380390404,1.452385509591789,71.12489331079159,71.65577237181343
67.79631562885939,380.06403524987275,1.0346404361439152,53.567808032818505,27.910422356136312
11.353464756245026,705.2195154037422,1.6503259495891907,66.14595727958387,72.34002192034312
39.361195054602064,437.34938512979966,0.6665761913404618,40.37134059886773,26.613261669402046
77.68288858938364,202.46512252040094,1.2303261922143998,-13.43621730140632,28.962715153202335
52.52589387886468,388.2511010144844,1.8782988710695419,3.7351298474724004,58.66437862513649
24.48770053315392,537.5094295126113,1.0429702787477972,73.61316302589424,56.17545486801646
33.38609992540155,648.1138857805088,-0.08679669279880042,56.54029758731815,49.69596054049621
67.63274403064952,618.253131092361,1.2309716321873214,16.77561686217231,28.16798514372032
33.0162855979843,421.6389006597365,0.7860849948193417,25.413208767811646,27.622574161505916
56.26207560932334,151.92260344955244,1.3327276247231477,-29.113511897665482,50.481136390773656
52.06658375995289,371.2987699577448,-0.590311816356996,-1.8795375111648625,29.017553336140374
34.95010026539775,881.2165820600726,1.8953378613087617,85.32182114494903,51.60769300168082
103.58435026890402,-63.28194295348159,-1.214977437500197,-34.97196101971596,-9.985235812074752
66.51127191200503,539.4285874075982,1.0542464281042936,23.35510770637437,14.445752251633191
1.227852756091436,959.5839766094305,2.0251770169104764,79.74179244296501,80.84281409192263
55.52543165852321,279.3610536724827,0.07367445690886054,-8.549176109347574,30.346725724667223
34.70001784758136,580.3800416951472,0.9505520192935963,40.277948493798135,63.17889261782004
71.87608234171788,503.76590432279545,0.8988893423915565,40.06230658802359,24.85469158070943
31.490321480689282,458.15104546492626,1.3991940856357092,37.49226104919842,25.170778644286695
48.13080705904369,378.9375689566401,1.3681110569210764,103.2969783279364,49.23792307816885
63.34583000783988,225.49990450976975,2.0377830418932126,-23.56362481316932,23.244124085804216
72.20315130714036,104.14583715334717,-0.7545916109651492,43.04800182682387,34.04562901123903
21.478898726720566,481.06133175587513,2.733781713535795,38.00912709029503,53.027376062725956
42.73529567322014,259.7152407137297,1.1405658289113594,51.335701081267686,22.764680476051016
39.28721105339333,470.8135311948144,0.4858587428101212,44.53331333543622,45.189568780449356
34.90765389196644,377.67610837290397,0.2705402985593196,16.151460069516464,72.02411301679749
94.29193245578993,151.73630332860589,-0.25468930081746455,9.501391083841348,19.764534092482602
60.890563310406165,94.55639722960277,1.322565435303268,-27.200783348477252,30.973617716127016
19.991395680040494,637.9233605596512,1.4917789164687254,59.11096031025224,66.48133909819623
73.4824398267971,374.01811766124723,1.4653650805755403,22.462750300646352,27.479110656108944
103.0494291893878,-238.87825894077247,-1.37825953243736,15.526766520025081,11.66867939686184
76.29610015207344,287.05282445273554,0.2868796752735478,40.83862816633666,10.27684649916341
13.64522807508517,813.0840673134846,0.8144253024503736,56.34686534643707,59.72777049676111
39.059159878573126,285.1982604411447,1.4143736416042902,36.983728228153716,55.81301290194153
82.05205148675,445.82356196513774,0.8125558966417346,-12.983184447994748,10.282398532307155
33.573530530951906,564.9744421829578,0.9663094903262932,17.41417392672309,63.43380546201119
61.844079754518106,216.48185158612944,-1.2779793176134935,51.948593020836235,30.052046468305054
69.96600884873853,262.58170961277267,0.5861810163435501,54.12665393191231,16.116283014663708
28.19038780561175,620.093749532092,1.7167298734408636,32.70369754565161,61.16406114969727
49.48631097756424,412.38538891166263,1.205337846930297,28.72481321873927,34.302665364309014
-28.629590845385767,977.7850963352205,3.602268888995976,45.71496069300309,88.65079938889252
25.797687598340314,412.83069858549493,0.6687678059153412,70.90011022196757,46.89894313275903
44.74685940558602,456.5077120654249,1.5156688846487318,47.47113472443635,39.57088851585318
20.313036672119342,373.4856887163445,2.44986285930944,93.94546132068496,59.29616212368131
91.02555541882408,120.57629708816661,-1.3423792894005884,-17.720250926789305,19.07349568746349
15.835905903308294,478.57955338377315,1.9140062799455146,35.66415445616245,31.68242330285372
40.14407166342117,349.62115372028046,0.754838697319377,38.583278247179415,29.234745501986424
54.15758697805777,557.2202279498316,0.7430563725137088,41.932716343087385,46.46815323726413
86.33286868340764,331.2284247140226,0.32016532172441514,2.1323835649175678,16.48103280571865
15.69545348404932,707.0410434139122,1.3270947459807274,22.789385090782872,49.49985913181721
79.50491802286524,46.13687957083849,-0.271951167285625,34.495534426780594,5.3444315110951806
51.19897079958756,342.49407584459664,0.8954081215800502,45.47128228289647,23.828810969017894
26.850422550549194,727.0794448337456,0.6328182926622942,15.67819687801558,25.481052297477238
62.29297685509516,340.98517467451467,-0.1777553919319288,56.12213834285777,29.696792260239377
55.83491014366716,709.4987494995087,1.2611428878792328,54.73625409853419,27.153971722548874
36.21163126097733,544.3648947851622,0.3734379290789246,38.14883631781537,33.20009041501647
52.66146777500308,409.68633860181217,1.3242605184157688,27.902237301173088,35.242327123350215
41.48778615646954,405.2274633749653,1.4311354916240488,46.30405279728648,46.420938374713415
53.73473424220732,394.07440161822797,-0.4498399720171111,2.698720294506739,60.72340921873575
67.2039046474162,265.5684098102599,0.008376676202844768,18.81209338290221,10.068366717283691
89.88651043300946,251.03804057781537,0.8578444257156883,-50.44456778747097,30.151534304035557
20.557756250678526,728.4556185799013,0.8545004912564715,65.95571150562063,64.9462351980019
103.31647804036052,-58.92183173894357,-0.6626801385134486,-42.181524401555805,-0.39178849943854566
3.021442748060235,495.6406404335186,2.3116033168720986,91.75740379137096,65.03471605698131
47.22121445241792,139.1553388462026,1.5344662921132026,20.09773607541044,33.45339278108453
65.39168805306925,376.40733445257626,0.3614576331565577,13.459420093495694,31.500627543206598
57.846451478220274,181.9400434892531,0.28120603075242234,6.616862334341729,51.48577784100159
35.65965315724761,164.90514251676603,2.2665490658584453,27.394587992676076,52.44762670321181
45.83806405360685,482.5533721534378,2.2649699627708157,66.59097271852542,45.84030740713847
38.843922025055484,843.4609842396701,1.8692601888931262,-31.867002112381115,38.258516618732415
36.47806491949339,482.6036781647046,1.269928922158508,67.90303378377718,26.81971252108015
71.80657177386023,385.40109104872727,-0.1926123787223588,24.40388160333586,23.3218293368108
59.712930132910486,348.35326030671405,0.068103803596817,-9.539963077643836,46.84169362559274
33.93590453538415,484.7782765049621,1.647894687928153,7.719988128674661,27.658212013771514
73.0340822286508,389.7306288397716,0.6764231304002479,58.76338332860852,12.460080304477348
58.492338561563024,300.1339385725196,1.7285030563396273,-2.043533057120289,34.470431763672515
70.90455754923951,305.2299389374614,0.8949036338455361,-14.133287092568835,14.446902973547976
66.40594240628894,341.95036310709656,-0.5771075475602003,48.210859164980604,19.166501098948572
30.594830676229133,420.3731900405825,2.111614825972296,46.50307337164741,42.74665665399127
37.19456310310322,628.17756811184,0.46117122692679857,9.568287032495423,27.86468150610644
69.294765301522,248.9151696812622,0.17522252629100443,22.57366605811412,15.433940269881546
65.9331193182083,182.89826881520446,0.716015920157745,-8.130606351496986,37.45264896958972
50.43457454614349,475.6290770198158,2.347504871745473,55.81509031120389,21.49310816263339
53.828275629390824,238.26113134730446,3.0847205767967245,52.96422078033133,16.177980586133554
82.3160699451912,196.82275231245143,0.6016063536350615,23.847245682701306,12.625097298712646
36.42388923803605,482.4890817613447,1.0747859718005082,43.983891738293075,53.56244506606558
64.37968775775482,469.7503114804258,0.9595209177714578,65.61985977038785,27.42898199604679
45.98364339082546,494.58222905891387,1.6390621056726657,29.390059582847652,34.03083466030158
45.60337933445863,421.83445738424666,0.7640391427334264,-1.3207016148844914,40.369213780707184
77.92413592379167,343.45600153333555,1.5714031974659346,24.04149129892682,1.5221444416762573
71.21278021931043,472.15097575285716,0.5803928476730535,70.45767373158574,32.11575963570092
70.9204549373007,348.8094324465097,0.7828543294961675,-10.515688035997083,30.930584918438434
82.99893762600634,189.80710319671695,0.6292670555703167,0.10442663912528616,14.920975229175388
51.46340746515131,191.09812818645486,1.1727102842695367,37.3576286607198,48.82994716361071
67.69056780127335,125.21313892254673,1.1063581928611594,16.35516690487477,14.442104914566638
43.330283642434146,394.11852124865266,0.5991779735752698,5.119045599400415,54.645741781889214
58.906441203724704,249.4906168063094,0.28560877679512936,51.82542482321943,34.58944964581055
47.752554684454154,383.8364164342512,0.1447315133971564,89.15224008761027,34.62912789951497
53.329112879839805,385.0840619120256,1.1430889799984076,30.59345122465777,35.46727033196186
65.55961449979344,378.60551854428445,1.1112706197027737,-4.7466746621572575,27.87938841585337
30.859354427105675,508.5751964272589,1.6709960284297831,-3.0238996049732165,62.42214376062641
102.31856347260211,138.8012620540008,0.9244955696674388,5.958152436557153,-3.4460044595434294
26.248701357756914,558.1395689343493,1.4376832367221075,68.85623753531975,40.98301153612134
21.1378270167842,283.76029960000227,2.047909226270913,55.14548862160342,65.39820597693156
79.38086328338203,69.9328530834859,-0.5733548856409112,11.437827433244657,14.609064208522192
70.38408411027359,246.64463316913887,0.14798975258737318,0.9042874059537507,37.45071308244607
66.27068868422033,112.4793195043045,1.0339921461034995,-10.04909664595747,49.27906575904127
66.37443492122998,383.9977348933308,1.1439287241487475,40.31142964142023,23.89352364461515
50.6470616554337,623.8195019285292,0.6680699663798847,50.80721712171571,45.35353411602139
28.91897464041685,714.8023171189611,1.3282628515094699,-1.899521982542531,34.840815469763214
52.808836295088156,347.7628664219099,-0.27656160797397256,67.33746263036439,45.08304173868208
34.322535552922226,721.4109167348173,0.9957698158772874,50.66754035647892,48.26552539806147
74.88819291444892,262.0890665847128,0.9791605800294727,50.52756787314878,29.890898718368813
47.337285965470166,363.89408033412155,1.379547779309498,-6.442803330236249,31.12579696913155
30.680706560104415,428.0534693775696,1.706457486803255,1.8634481176493765,27.783029295369214
43.057295649932655,396.2655380665276,1.0932724263564253,27.068836261150945,47.26141908080935
61.085739843075295,268.94867148283777,0.6491948947512935,34.460000066687996,6.688608198278708
37.1075652622008,505.1528493496964,0.7101758269442195,81.15523371874747,40.547906615954936
30.761156289892813,543.9530159855314,1.849545415959649,56.029952040687576,59.110075220497635
56.93057367314561,354.1633753320341,1.0470667042251307,17.182261653622817,36.095998616853336
56.96198361484589,419.22367909090997,1.098308251660549,-3.3391124157604857,57.252971499337505
38.50162189130862,649.752775355945,0.7764657011200551,65.58981595123586,55.98631033674833
39.38313311838921,607.8963206390783,-0.4338840655718117,7.694761598870997,35.27509011012551
56.644863465237755,132.18216715892726,1.5481466363488414,66.29244927281022,34.26459834402912
15.395382823470229,233.20483234214902,1.3401031822170049,38.349804723985194,55.402653661680944
16.392670551120013,751.524876872809,1.036465086586917,86.87230049142698,36.367910830926675
33.308996273467955,298.045024024542,1.7872889703667785,53.9542715910601,35.06658675002121
45.70733080322972,391.13296753948634,0.7094791412429831,25.96196947468991,33.01902273031982
58.58092074976244,167.23937358404504,1.476593216707081,9.057822096926927,8.354542044810692
87.16964886915608,-109.24871762820828,0.49798295777568324,-1.59285278403261,18.199387177104057
72.00439451601032,339.4709345819447,0.8939404391330067,26.66031516030852,22.72666612404535
47.02103702585579,530.7817371324747,-0.03291630703982118,30.861063521908328,18.910505271139925
50.4808632248659,307.93118408093744,1.7732533235906485,11.45162934101115,42.10132204956594
26.33433670597496,158.192361259035,1.6308857009309732,35.594707216406434,58.7591153294275
50.49321429423366,312.4049506366804,0.6165133902844737,29.037493450218044,39.95885686971766
43.86079102085513,495.58818955766094,1.1433398803529253,-25.16065174766608,36.858879111727276
58.870896024371554,118.95398281885369,-0.6043368124205533,34.479584559360006,39.87580733007642
30.63814082336145,548.1609169821186,1.64013676871471,11.988320427767857,56.029935846773824
63.69836789982381,308.4475433432858,-0.16864952409722633,-10.271021797385021,33.872578952227194
88.57846865207537,239.96536640727635,-0.9748395239911115,-37.57622620428975,6.933556353284873
48.27753282134123,426.61137797810807,-0.1760780433712188,-18.766729023254868,41.74014546712311
60.81028083301134,182.72615051501904,1.4641234378138503,-14.011471269435496,46.12127110097841
67.89166800043274,464.1061078462538,0.027953389391870753,-0.8931694801047172,20.734208109521685
41.09725169643589,430.35523597469626,2.223475131907834,83.12227743169612,67.53239535342442
56.44949758723397,352.6518688120367,0.35832731260810813,10.030419895029459,27.70329231766301
51.256895657780966,249.34751301923475,-0.37960611265669475,31.223018077625884,37.20463161304845
53.34581104278416,309.78564987736587,0.004676690704147446,35.93114821846343,27.591182078762994
31.96934077888759,379.0545464229815,2.2146119315285175,40.33773198786877,49.810238199190294
51.54949248919233,361.8468219836244,0.7483841564627514,24.389288682961507,15.655347885671194
63.1742412735887,571.5268032094918,0.19520303478237128,-11.088026758446343,23.864412099724667
86.57519783915488,-40.78956411750366,0.17736858263276561,45.60759348272638,4.77905244762689
74.49908163659767,-0.48974452956926484,0.7038604414390884,61.40065886342943,26.027852887053122
103.81116421732197,277.42711420625494,0.4828745750561607,-45.61681992095144,20.723750612846395
32.10835566425976,479.7678231645919,2.3669818331945605,10.041168111635333,54.83199584954834
72.36434145652437,155.11545840783535,0.12263217489300726,7.939866230502192,-3.0532067478955724
55.44902042595431,519.5157530458797,-0.19672445614821166,-0.9105492199770175,59.19117147641899
104.71024450081052,-40.63884439386908,-0.6573412268793568,11.164892857653076,11.815010751528138
31.10296219367101,792.273878242771,1.5209776465229876,18.31817709593298,38.22099893851905
30.331473024449686,624.4926503020068,0.6434190155019922,94.43314014885632,49.8879562154137
36.231867221037625,411.6949430434556,0.5131364950171728,65.77394761492178,46.96534124933661
-1.1966651477241959,1047.107804101796,2.3216941202331247,60.24398021448126,56.7995479174719
38.03976660988797,382.5019846261925,1.136184958275977,60.525623651197634,46.26134944872214
32.31004217100511,621.5861542275638,1.326961722806328,65.66090185119151,39.613692719490736
54.64009881192667,413.2580003784,0.23688990473301974,10.004062741381818,30.131884002291894
59.338289321149226,534.212267606226,0.5155365795201143,0.8858781239301443,24.223300510451036
97.01016888603253,334.18059540727677,-0.8545743920180572,4.097738626944442,-4.901335175418925
74.28187658300342,248.39056519450403,0.9929097309912428,36.77725602874325,26.27045278576176
36.78400115480988,368.25699478771577,1.9576739894660278,37.96674723833576,51.60212495222771
28.890487770456343,600.8571586425708,0.031034976455289076,-2.702322917605777,54.97053771282823
63.02499098142667,213.09217405361258,-0.08019455971121536,-0.7394110160689848,40.41073781010268
18.534294375360048,900.2294504885833,0.523915157278148,42.17291342266569,58.206562124365526
95.9124293614055,126.82405298062531,-0.6288885410702099,0.6617408199395676,6.53390385036338
79.90452402968546,152.94389361949573,0.15206646744278815,62.830014471763604,31.630454945774357
39.42886368351087,492.5650222690512,0.07973185571834862,-3.3522512844887657,26.76860451818047
8.888056165217474,456.0149574079282,1.1651038884135867,62.50608453614164,48.592875856424634
84.18706260549921,34.57315391409239,-0.6192409776353225,47.886486681798125,7.597037119816585
48.13563375167016,590.0750578452589,1.0921676551185748,87.67560590607663,51.5015249596304
81.3377354112411,99.99326643243856,0.2309871416467582,-0.12868586344416677,32.10788951621871
11.802464144368905,482.6712477706735,1.2447290698827644,60.57377644557813,63.76770354884081
36.232299876081655,565.7920365907388,1.3424791084157763,49.531308958533835,57.763159872563875
51.07647549370207,569.1971880661191,0.47340993980433177,31.78363830203528,26.310702377395547
52.101170498552726,492.4916933801486,0.651089963115223,23.533686156866626,40.56517439743427
39.898043460205784,611.6210727465403,2.3531264349683125,44.06646760115297,41.373699327257306
66.23951136393038,180.79569167034606,1.5063833956905046,-47.71094580243132,39.018277643518836
24.73626645115466,344.1938586380286,0.5259355872413339,58.63049934401794,49.594131891041776
47.452134405121264,639.6731228146348,1.5630714307186466,31.91264303190478,34.20629363130783
53.90114998627126,324.40016540935886,1.4019826236935335,19.334410585656443,41.921816504275526
63.577877971590915,273.7883664069187,-0.25284421541744617,73.52397297656319,40.79336116067696
68.41880617215394,480.5571131774768,1.074935478497367,-0.2838060805753564,19.588043647862214
23.33631051238692,650.5870657025612,2.6332646553023333,30.988807671752305,50.9948415572493
13.283238680920958,699.301648929395,0.9176819880720315,99.02972066823784,44.34276994499569
82.31636274669715,518.210041496317,-0.5131728621119263,-11.842600510465452,-9.89403245786037
59.10647683580819,243.1063103524083,1.4336397133407912,7.972442286793342,35.036691359063994
32.571418379148916,647.8641947249542,1.4955530649547244,32.7390700492155,54.137348767770256
89.03053327305898,158.54270904118164,0.4074434294203135,28.326588119732133,19.791830814557624
53.78769849255359,414.0506760230075,1.060246407100985,30.65305879668542,11.960079674174253
79.90101474893385,437.80214207246513,0.49891395380230347,-22.59849164880049,17.2808202570379
52.60540233853859,457.5381563146173,-0.13191776486028872,11.925924110792959,9.35155834934071
101.54177628070254,151.52166554149787,0.48358697653145744,-16.266216939790567,26.459860059058734
94.04363539192612,279.4603528732209,0.7447160539174916,1.6225292665427866,0.8620220456412397
44.83534236216185,375.5825437843793,0.8483838583841069,41.155484596355194,55.3785677906438
74.80106569172155,114.0601444180273,0.2981588190244747,24.897036987100755,35.63737934512331
66.79255436988211,133.96670560840192,-0.6064589684716546,-28.22108017447534,17.657210978736842
84.54941974340464,-117.34122995108822,0.482835500661221,36.56802561007626,5.371167961395926
27.257610536505712,851.303126888802,1.8370580284022462,46.041786611505685,53.85974410536308
67.79119102678705,118.8448422665954,0.44499376228615567,53.93674545516775,17.80195365226105
76.93343290347863,193.46990538703034,1.1034445296901456,24.434376992515297,24.331203921899657
7.768395178402317,624.1021205035,1.6206297672191043,78.69298613548068,54.228139160035745
21.89720118245988,622.2967198973944,1.9543583125985013,54.5129417599374,31.028302352854027
0.8819349787166348,832.1356475559655,1.2769079089461073,88.7911124929331,36.839751687379646
44.33344784717484,563.0786047859845,1.0104210306561003,43.946857691667,43.245613877562356
68.56433100017598,192.16817075701022,0.34525654217289903,14.73542250759147,20.79760527928368
87.83255447182326,132.4351902884563,0.1963267852026947,66.42782745559512,10.605249695809048
52.76685902810662,422.63373675975066,0.5642656276057866,49.024061775541654,44.39580394710809
90.93236461676955,100.49230776650495,-0.13559540524358385,20.321825742209143,29.762272345170302
17.064450982618435,848.4877045793664,2.256235522922328,11.502598436999989,51.79647190558495
9.127482645489426,730.9554200143755,1.5144053379651932,15.441959960607647,55.21657325431994
49.58396763173747,510.8634389097373,-0.2675890262790539,35.127512165228424,43.7369343874614
60.37704188761363,431.5314243649823,1.9398503892847223,25.49229614923457,15.583634972239604
50.14503728170527,573.2695009649331,1.9049180657617206,11.10017371556907,40.098087284997
0.1893447151703002,741.0669264884847,1.0933976447141691,57.62809108267543,70.75075976006548
48.75972302713997,210.51506579794048,1.4307187023443324,69.4756670571278,46.348235139424816
18.92131386240289,655.0641848152453,1.2417082187007438,62.09557442203581,30.74255755965671
67.38906746578535,189.3579483674676,0.6923933126840419,-11.926420476320356,19.01697580303209
59.94819935128559,255.0457169612448,0.8852646877512318,18.997136170132443,21.58309595955587
27.872465295014386,626.3285236488666,1.2331540485457158,18.042756046355994,50.51169684022477
38.33163502551373,657.9965023548095,0.5918618010313943,23.355126840805443,49.51487291747203
24.94266695870962,559.9310009348125,0.9666426334092689,29.852200626320723,68.91555681391958
49.408882531109185,447.89532427485824,0.24134706969193687,15.065484975098544,31.834551125734166
74.39772145764732,498.86379079059725,-0.26917662086495076,-18.668387023764666,18.452334488723224
26.746880013822427,581.4908955951917,1.3812358474899085,36.36725502812416,63.76810932438657
63.3227330418843,704.4411966143927,0.06931822364298224,5.438430110846822,33.94275554962716
37.9292220079424,559.3619447972683,1.6731313779083021,-42.9319584396575,59.215948496558816
31.481677119466042,250.40073602389964,2.409670713022294,90.88416108180397,50.85986141026491
48.320001377716736,521.6628575385375,0.5121233984157483,56.632964615457304,24.434147077286294
25.531191067124432,610.3245230040371,1.6332997216836007,30.513125327496063,34.48772437024315
37.35492568461492,671.9369619896063,1.5529047607159243,34.5147745458346,25.538062233524858
21.538276400839187,679.5892381628032,1.8948499701933854,11.843160646784977,60.672701643583544
99.1842919128145,64.69748666301312,-0.17285305573623352,45.255255356954194,25.536200800899085
51.81350189092865,202.04226314731608,1.3995330565701332,75.91502715230334,58.81045200062199
33.768565017447884,469.2757026161686,1.6222779510103509,40.04407853312861,56.32100461819103
56.20122082144458,230.41167075254253,-0.1493070880336912,50.70250081308535,48.190257346322596
48.18993620794271,321.8680541556668,1.575009478144959,32.80214839832716,31.460518824533402
45.522644930385084,514.6363510906547,1.6493520395014971,-5.3289916571198255,25.937139060993225
66.02632672307003,547.1371536966967,-0.02735157548269962,7.88239267883117,39.170718067322554
69.54553485526532,332.9990839927024,0.47805156261724907,20.22325220997543,32.07799207730873
37.92324304857077,294.4771638629136,1.6742021981154884,21.82496675905848,45.23297075103326
36.81064950448367,548.2764497293706,1.0468280707824806,28.593186228177863,49.20188733705383
44.19485912965871,614.5181550840937,1.8155635080074062,27.96548144437141,44.48296967060004
-5.567421134912288,658.6638171920123,3.8992102862420355,54.908324195490984,82.64977564480905
13.747825594660922,607.6281219090224,1.153192095955333,48.04071655302439,72.46485474045852
84.50627598735373,180.89215937153622,-0.9023409157716986,-18.995830373165262,25.61033676558253
91.33383159650334,17.295825675924604,0.17357000184295884,-13.664994572119785,25.598122802451673
44.83357734275899,527.9893443140033,1.543922597748565,-3.595490526693766,46.44272415927554
65.10295878912626,283.6440858043115,0.383188604254956,44.73596888968739,23.85707963942788
58.58933175372483,406.2770303497493,1.7640660405964579,-32.44960937563448,42.01677293867845
126.53826209749316,-221.57642951806017,-1.8338092450368824,16.411837726045597,-20.217102071670173
78.43475531972827,151.42273058741796,0.7535269025528607,48.280416917424695,34.99820012533046
47.807192691325525,520.2610543716997,0.5049915241054994,20.514724697244873,24.257196249189555
27.487975874493372,484.5005674720409,2.670898141186819,-28.798831520119954,52.95831940980045
11.50739038175017,901.7494405068508,3.2366082097023794,38.420674525552094,47.86270048920606
55.943032602794936,299.865750536107,0.2010846250054349,22.381712409153934,40.98135034332476
32.37834183177961,543.3313749770421,0.8994815795470605,10.247877192491092,46.49125033292069
16.0295584152184,753.5694774552169,2.3044645904740197,31.970377991896815,36.41026994659998
35.07353102643345,279.1016473236013,0.9565571932755865,75.28126940834986,50.531745053934486
24.394326398569707,295.3770388139884,1.451027662163006,58.36523003938446,44.19906320843749
92.36925619520125,-100.68988739237142,-0.053775961141540304,-19.650197343102462,25.470992690493773
72.5931379725606,444.19464365659644,-1.023473902637289,-26.661591932744336,25.430633409047605
50.75199714067332,309.91813303244385,0.8705449971073412,18.286773886114744,41.850478141428255
87.28228831687838,545.8303303284722,-0.46030177047154675,1.6814355703015158,6.023287983149354
52.847228376982265,294.7563163868146,0.47203093629832804,38.702714766823036,28.859964743930625
29.802089077321785,553.6465058478819,2.4162341862788743,24.063833568544133,42.74779069938212
88.34241193599601,386.2765725393128,-0.8991029858804942,20.0811949010687,27.327742462073573
64.17867797933347,609.4286333558964,1.1679562956495273,70.27925392729543,50.130846907727886
25.481994388917926,863.3695295121215,1.25530810187432,61.72198914097862,40.87846869295255
46.274673870736486,603.0825926234086,0.7785853798638515,27.984107840877584,52.457109106007
29.450169465738483,682.1470346265089,1.9465183302427034,33.466563197744115,22.309422524281384
16.998204878991356,696.2741068254214,1.9023098958441014,35.59948566206945,40.7215378293503
73.68659862839533,364.42478690806286,0.772806167757606,45.44275941586405,13.272477981434328
97.82639652480889,11.23929016680492,0.5107913948705749,-14.797358698152536,-4.37106967636884
16.611083839448625,486.55056741827053,1.4201626550106328,46.32221328750546,36.234202138117936
64.76936244345278,303.4451147372923,0.1119050588279859,20.670564499110345,34.57331908124503
34.97361497224687,467.4688171014909,0.44833467412830097,22.16976722048559,42.933075405725894
38.98817443744755,399.4172929623924,0.5463696610813379,-2.7622840724934647,47.942470613681216
36.40369492463393,588.7291351264462,3.3661109362945325,42.982512320362275,53.07316339833358
29.735639305879072,669.9937028103656,2.272248086556158,36.50944147060531,51.51411646123463
52.139004890946076,397.4140601982223,-0.13923087800514677,39.1879879692155,44.27194824604368
30.546830294929464,743.3904628944604,0.3761458901497742,23.709635654443858,47.04053289487911
57.587802503159104,177.8177749619428,1.0765519422889065,55.12137828490915,19.122476860132853
49.71432495489078,370.37917802457997,1.3046804126159006,4.458941970868853,50.389954013927635
45.08125067721577,321.09873260608987,1.411959095804147,74.67596517437013,33.011747643260435
28.665868155677867,252.36365709312474,1.1999574300571774,-7.04660353195267,37.6051662844639
36.78724990788573,469.1187760729936,1.1086962418982385,45.70200316791436,42.39988670993591
69.49357241629592,255.65674820642874,0.6912960149159599,29.238561088982067,16.066820197204233
63.245903974120054,541.2528049347221,0.6573822131510988,-0.6676532842315055,25.37652164530929
26.947483813214937,638.8845196426912,-0.19735457798360567,50.703643597836574,53.94929328482916
53.38647307468922,222.15646531376052,0.6522691465736521,58.90863530392953,39.87542119353038
69.39526649590536,553.4574346693223,-0.16894676909664963,-41.149221588948635,16.299934679002135
9.961666048843277,835.4655554389777,1.9428834544005131,61.85631556552684,52.997538987860175
64.2879349147874,394.55881558795966,2.7540285639725597,-45.64534215368757,42.802842698396255
34.67946118708153,460.86806606193414,1.5174816778669025,10.190354475318745,51.65484600126041
64.9566749145655,158.4590750972797,0.32608097977609884,61.856413484478146,54.50927185224427
32.20873135477937,454.63226634425916,1.9794725713684085,21.558389419339143,61.21715116421936
6.635534015538274,836.6800570249388,2.2439287935613264,19.771297495059887,74.44815736968201
10.989453270076995,928.7440201649283,2.0984477957517114,42.97275063166114,41.597052821134355
52.12828379777228,616.2971909775506,1.29298147232661,80.21040419802041,45.55666623333481
57.324260893407875,277.68099071966947,2.234258179356753,-24.603600982527443,32.93215998599137
28.745587133481816,364.1982573207098,0.5575013862477854,11.129480180963707,42.19906115035843
66.62601085233091,313.3585847491086,0.8635604111436814,57.51508948398514,30.62811678141093
10.155258422085216,384.6043548779877,1.1327789777605317,97.20390413186664,70.16776742268912
49.32539089162141,450.58125805145994,1.319618991053162,24.901234857940054,43.88338469788566
21.21571388054308,558.186311995445,0.8851289210380423,10.25259986769445,42.274166464109754
34.944312046100336,423.1571229916333,0.9374024171139432,90.15023413902321,54.47955640092316
52.111434845927505,144.44045535178714,0.6337154120816166,67.83164401349498,28.671364648144728
29.8234692342557,603.0014775764821,2.0735987047192053,55.82257358710825,50.87729897189357
41.506397334016455,371.48107245932306,1.7641137690179336,10.541788987014467,38.366515805717334
75.65353244879627,58.909462396235085,-0.6006442787570231,12.215383838321701,21.141166029158676
36.78429051985,49.56982260450923,1.2406945853755773,30.132504883989693,53.78322522934348
71.4650635608643,257.31682481590394,-0.11261620397679384,24.399241574162975,13.477925492534796
23.21196400120761,834.2723334922324,0.5908831586325337,79.56583537814707,75.24665401929003
63.95511713749624,558.9827696164679,0.41960245069757984,42.776581393433375,8.07669207163866
86.3401194579032,98.2939395484636,-0.15989567744476357,-20.417385202067752,10.86523171123271
-9.734349651166138,686.2498980933149,4.040592588030776,95.27237879244112,73.86263138197101
31.382921400744596,586.3616317988474,1.6408591605290104,45.41562377782145,54.47588301412365
65.1156067380787,151.59262524506846,-0.45579996799231615,37.121965895009325,28.19844969377612
45.96270767220833,468.709085431527,0.5772787528646095,67.78030521971309,38.95065612180408
60.05984951257608,449.06631001191215,1.4145300943705947,-7.228732271196527,37.05995065286916
36.1191143627264,670.3322362675178,2.7431731806321125,33.74731373262851,42.11611471476365
53.073627694184836,363.12147300133705,-0.33243843654172656,11.693684023022247,52.63799303280308
47.12565734706575,385.3031814908463,-0.4112131248762143,-12.23547289308474,49.139428842099846
79.61830352479532,77.65361102615415,1.5880118378691728,20.444855463914973,32.18312009729748
57.19409828728262,227.6654989114411,1.0180973020134547,89.10337613236686,21.99498346858941
59.23632007065287,305.00710913043184,0.051336767088609236,-25.847933224734177,31.59378181784905
40.835620909983156,511.1131862603094,1.498755930862414,31.3124925995288,38.75965932978158
38.97636918282124,605.0680372767773,-0.7773856519677105,49.91273146518151,31.252670268425323
40.32787003269837,338.2798235930905,1.121840384109222,35.649429749559914,46.994760563267704
60.63204871375586,554.7202859755624,0.8941768128528449,18.588296136725866,25.32384292780705
40.61201958480969,416.5002573500679,1.788847895706402,-1.7159975894705184,50.4020301007658
58.06208527960674,343.3098098749967,-0.028263746946408763,29.016109881191852,20.27711518692866
101.90152337964493,-44.10876925980958,-0.22795838355434786,-20.368181315931253,30.478908067293492
72.3349797396225,-108.68461204621815,-0.29039906205787147,-42.020870569336,14.747384898853724
42.943434319012674,575.446323204784,1.2462567399556983,62.28302204050176,43.89926838968947
80.43909916002487,315.32244077249845,-0.45398008373395604,36.008980289075396,30.768568688496718
40.92895496250364,412.953948136941,0.8071346059579274,33.458736634020006,35.45286945002494
0.9091290439942754,719.347635777514,1.2937275746436243,59.547212667227555,73.98969226421121
26.197906451040975,626.364644212173,1.9191604363940977,68.11006323962488,35.38456113404566
5.0173622459876865,448.1819141543384,2.5558057499421203,57.2217254807155,79.0234909339344
42.31762286477536,366.880948068921,0.9022131595875711,55.01574998600252,41.760522535384005
51.39993100119048,508.2696681762429,0.8937943231072066,18.712308336858612,29.5478737375523
92.10645115540964,-58.2068626667882,-1.1257819661131259,39.00805008321547,11.38266865401097
58.97422786524199,384.8868755435291,0.4732070505078908,30.829713408772243,42.442263456949426
45.56853304637249,221.78277225135042,0.9626455306070987,34.69793124373182,32.80754496225573
71.31072105552398,332.58834218335215,2.3266517583392776,-17.4045848033847,17.066383111795417
-3.338510359436509,730.8708690909625,1.3060461448932092,63.33793184684569,63.31206141544498
56.732379538513115,112.0388491674907,1.8145731625543793,1.870620091123456,19.70042971426326
69.87347844763245,446.7398864535578,1.171867501965332,-0.10441332907927503,48.814145930692874
14.646521422287327,511.5945723613333,1.912707763149739,24.858182600959562,49.54597081383204
79.02838443647846,91.58478285029013,1.519355129594061,-16.207533212391905,32.00154346643959
59.25826268252172,369.0981190865718,0.9580238646752993,77.87728098296277,35.06421675210781
40.75187770795269,629.152097265263,1.3942813397154756,67.03534268334407,30.55803349944982
66.48335324875733,140.2890507225519,0.48157623641828684,68.6573027703141,28.60714425289734
106.6961973025283,47.12110216854878,0.4944586432498277,-35.1335736170073,16.645476765566666
55.41278882835706,427.8348360155908,1.5758605171616344,26.209489701794894,32.3241289963892
57.041873917867356,457.2455476297707,0.2790298088081371,-10.37137960272116,48.10607578832847
39.66982861768707,489.7964727145065,0.16958306081760344,14.579558481891823,55.31885003202975
30.08295182081569,468.90347273030847,1.2055201310980304,13.897407775003948,59.20399315630444
71.33355954289296,137.81594102328708,-0.1757635949515216,48.24594819005045,20.54649455752741
29.92976505411247,538.0351560938747,1.3110219427632344,27.634508437604623,35.191032173400004
52.70478000554949,219.27089208583442,1.7409726355681883,53.74966935594811,28.64367472727839
39.22062459866192,26.72333995012758,0.8102703444069905,48.82888271203508,45.610251635674864
62.707313222472365,382.7013143913093,0.5755763558699656,80.70885253498204,37.275752961528596
59.139574278961966,475.64132424305546,0.7310311823004289,-16.360411730934427,6.42442962104413
76.42069023392538,-125.39549017506556,0.9133847042112774,46.03386455011421,23.27190189655559
38.42617025973921,319.28339184409975,-0.4803872070877906,63.44398045896625,45.57479000884039
44.32195536282728,526.8558660026765,0.5841873620539679,4.821117926498719,37.173333628911465
26.917814279608038,853.6535779096691,1.5809801929869076,65.96643412867958,65.38377895482445
40.03975875375718,464.0382807490255,2.0036705098731646,41.378542583691186,47.891462727233645
60.210953426278905,223.38928141091003,0.3042986804243953,15.82213524154519,47.82430566696471
69.53279043745026,246.21071129145255,-0.9218568278933221,-4.779288619697976,24.44632371649799
28.30737836876144,742.1645548372512,1.8478716781668054,20.05606407460242,60.376399551801356
72.29769163462122,159.01413200084505,-0.07740247750674756,68.92821316956244,45.28304986860202
84.2304075484472,60.23122533343235,-0.7560556819713956,8.919720247679608,35.00953057829294
61.098100169210625,254.64689111051933,0.18711881745659015,41.76222030271218,18.390457972269843
97.02551279401912,-44.16192823562349,-0.3139259514348628,-18.648255377253275,9.303127383720641
31.950205121343256,530.7052435779601,0.8689231662947281,16.514573088670367,42.96803255631496
20.389844889936846,829.9884732579803,-0.0371437950881901,71.42319433616767,59.20322141059721
7.27784148543425,717.4426507237622,2.532284054309767,14.830139549040418,68.58458016431328
87.67756848365806,120.59957295808783,0.967497380242118,-3.809198209991468,7.2427314018065925
67.01326335725666,245.82072061101024,0.9847958456957098,19.01880813248424,29.213598489658725
49.583059920735906,165.22759423557386,0.07536470942237827,30.3833132933536,13.358242412270037
57.82132957131089,480.8759897030319,0.5714173265625145,18.368633052628468,50.68927963627771
23.31551665482903,555.3520003470354,1.5041746392111983,51.902393029461294,45.56559542788554
110.99412631168343,-16.579843000447937,-0.060902389756658626,12.687191765143371,5.5715865138101694
54.12028384803331,851.8022496803392,1.292337731035456,44.25902621282155,31.551351914650926
53.63352026471653,419.56555853696557,0.27772797059381316,-0.49403159461282087,49.359448138036086
68.76624992839139,165.51118189872417,0.5281191898132949,9.754403825242264,-6.74659045173717
62.757137777667495,252.5977627582186,0.9401961225242772,51.66933817596724,30.469497232057257
56.444379683855885,529.5233745795213,1.815057650898582,47.20006394673143,32.766817250207666
31.540560388101728,531.8914527395082,1.8358503429056592,1.2185804501914106,41.87927903639049
62.52289690352972,101.88633466266228,1.1882111909043118,29.731071870990874,51.60435617327707
97.15388378122489,236.66580970801303,-0.12060107741386653,-49.78244098176714,1.5959193128762283
83.97954696521244,81.5337276112179,1.1513419070989226,10.264303445875395,28.6351543975231
90.06253860105613,425.17136458054824,0.2801662042047913,55.42991248238843,20.37586307528049
38.396726436232974,633.7839916032368,0.5338201064790498,8.66326669061386,58.89225114397418
26.651651071787416,478.60520019916873,2.458930861998897,17.928899411323684,41.916922302126885
47.85950344350499,603.9506827463191,1.4573270962044234,48.38319701025402,29.793232446924158
52.315854885520324,393.2005628873823,0.5208251784580169,-14.361276457244145,49.461203040118036
77.8115600252491,349.4358113113413,-0.08966853180234013,-4.213797609602604,27.75380811573973
9.395529064800886,728.3152865695607,2.0446096806867633,64.61119432375199,40.55519142760927
88.50018453559788,26.03725141463042,0.35501438460051504,-9.981875894681828,10.414729228483179
47.06843653607412,319.5066837089771,1.109310360157154,22.642968713104672,43.709538297411974
40.467250656448265,613.1090430047485,1.3438616178910168,51.82549604965283,52.67771069834856
26.099257748130658,499.0388213766643,2.6884953501931816,51.08369556369427,42.066889724121786
10.318853318578997,588.8377536966938,2.5902538882376533,55.492081276550905,23.55489807221295
71.15764376852994,119.75093618862059,0.5528137546939369,7.034687207844142,32.48899316998265
52.747787253455634,443.96480157224806,1.5234090977522872,35.45570766892858,21.306595228253208
19.27751887165569,902.9027883991357,0.8462551908545349,40.4726958586594,29.58079116930817
19.15186845314245,432.9231241430879,1.8953208863982374,55.75549646738933,19.82334035884719
42.7037849771004,447.64502676253966,2.3882363486434315,18.154127941123214,51.19609143663992
91.92438394473027,344.00584139801356,-0.22162912304726498,0.0018937401084215821,16.63701529334526
44.574430716480556,420.15086935664226,0.40219428933071655,4.252042050708155,37.663946352097305
14.043622334563434,693.9466925361647,1.2443468355403882,45.59895452274224,73.44044673465899
44.914424171272046,270.18184853948776,0.21741784964921695,8.752098702287356,47.88544183036546
44.25201768388286,498.59534121134953,0.45556003670028267,1.1781466504150409,60.0407883694206
-15.264337061493858,783.776963263883,2.121420821916945,68.98866585932733,55.56499762607151
49.614726295260596,548.3977064420174,-0.12128071284273156,33.01853092589087,37.274826483542284
45.27799292835945,606.2529711628945,1.0174396286556195,50.259662857665504,20.519011801365533
68.04050714089547,672.6747756178854,1.1446673149867252,6.297968940382196,25.08180756059575
96.34201153629772,190.74175259053825,-0.827223246186083,13.087618154991501,9.729302117596568
78.60637180623303,265.1309948102893,1.3539754701806246,26.32693070633407,29.75572130477999
44.34616895323043,462.81454653167094,1.4009328712350444,41.91292382821806,41.05543084234412
23.781086357588208,510.9860972319521,2.2520182062752565,19.694059498515422,59.00857770219832
114.127064266069,41.59036099474308,-1.051704992675457,-3.211769627915459,11.704212750103972
52.40162538530319,338.0204279508001,1.467863821254762,35.48630225000974,62.17980689973548
51.28971807294659,414.84501765156716,0.06974473619194599,26.742563798287513,32.99556528733147
50.35543359902262,593.6110804181898,1.5408465479756952,-27.53552131766407,25.95166543054946
55.81097422681973,209.42200938995322,0.8904960959232342,28.330884717416367,37.34737206096407
47.40350007454902,585.6170565023325,1.3619751770563582,86.5263969502619,29.201323223544385
36.86358784640368,679.1709062347996,0.3389073987397899,24.865569993684844,62.368759983177576
37.52163795059194,459.13511693238803,0.52900574477058,14.883518407121521,40.73814301163973
50.143600487536474,77.64383984434551,1.3313919938054852,36.93730261195064,30.59080664747256
37.60595129096995,384.93848556812725,0.48810899149223763,42.06098087342579,38.42559960731216
33.44644521819883,697.8331888149695,1.615727073916249,67.32386294887979,54.99000427645794
53.56073629320433,371.65403058723575,-0.1835359700619824,-7.573363599339093,33.68147250438642
44.687713702933095,281.11003673833693,1.639862743007706,49.228708997426615,32.588461581547826
87.87271883921159,81.3954494396903,-0.8708064396037879,22.39784413425321,37.32686734391265
-14.13701908359219,931.2030616973694,2.7705196972032518,57.897738016979176,61.4309462644901
77.74564797154297,303.82411135120316,0.7200948672941246,21.23850394121481,23.090565567149707
81.54074717726684,161.56846664935568,-0.33397578918738646,37.27813874937057,28.497692794503383
0.04331033323568662,659.5948869154875,2.4675399780762293,76.8410608125431,44.510286466099636
42.53430993656053,386.1554602099074,1.2593250770015807,1.3406141375557006,47.26367388613751
41.8283797331295,310.8231230340268,0.6909183200405431,53.08382453970984,29.132133210244774
16.391494044447736,853.9667159443804,0.9298737537554621,43.56415337056649,65.36006778608896
31.851325043433565,464.4038778244545,-0.12192547834025214,38.87845520998677,35.57713028000908
23.68165514628204,747.8022973626158,1.7562832075760788,43.265023295289254,59.89785098413395
93.96825310462044,347.44199396144177,-1.2534095487529129,-0.24763171298800613,27.325266166407975
73.91985673891807,396.0259140867985,0.4198675371276803,45.60730453603235,35.09035078707788
82.16606639323707,128.61826099021835,-0.03137549621169705,7.817723067118335,23.32971814645109
68.66572316120384,339.9456809236477,0.9671565291146211,-12.0490339690249,24.724644688862284
23.228047151246955,563.9751444120777,1.2900402254623913,31.29659254003727,44.84026814164282
38.07008146010641,337.49077403880926,0.9301255148360434,38.314536684099714,61.592453837674356
62.96251749121315,364.2059907649571,1.1363200572365346,52.460681178696106,22.12766531147242
20.942909431842637,404.78421308560553,1.8083266509080897,58.59704652385362,40.50810495511775
68.45277417435673,459.2073610544919,0.7065553974631141,-4.896470109839981,35.64767580578316
45.04743491251175,359.2463226360943,1.3545045524967576,94.92290273393675,30.53415428195037
41.74539777421784,480.3406220079823,-0.03615968570844119,38.59716447594745,30.44276424593145
68.40272728311523,323.49976556727256,1.0299668300238116,50.75343224628685,10.250969526620363
61.85497766753803,283.5095046728766,1.074355111609449,16.923348945571693,25.330304163371608
42.08554723908745,536.1680659077604,0.3355507490865681,45.44215339829342,40.71682502802997
79.41078959609939,139.5958880290439,0.0458836362070939,33.44867816149179,24.702629607160628
24.40622582478175,691.1841188102738,1.4552194017982492,72.83463742797593,62.62737280130331
66.06975568698174,93.25666444678549,0.4315313369691526,46.29929471571038,35.25159818248907
65.5091427360396,318.26543834203204,0.7869109321964673,41.75487390530717,26.8984751162725
43.347968368023764,731.538799368919,2.097071422737982,22.566741100997824,38.65024434026882
58.95472550275602,190.40290566229152,1.4839993666674522,7.487814929824767,38.85114164645824
20.231271159740427,484.6983406977196,0.6198542072762306,51.90134145791151,68.73072817289113
73.63380036243686,324.98473966708184,0.8116492975145062,38.99508680712729,26.381361657018147
46.40814803526322,447.50084248634323,1.9520784566039682,23.343473352740162,33.74918746312771
38.11420617986775,525.8688409338965,1.4529631925986013,61.48482861779851,31.866821746592585
76.7022760062185,301.79107887206646,1.0843299305601795,50.94268119091774,5.797468942439188
33.65518263242008,596.8989830232748,2.7438855842828005,12.03030617903342,54.24984658944381
16.36818008960719,778.0583813757371,2.4167439575165486,23.371838093734237,62.42143477051419
12.73046609401945,695.8810447882937,1.9336720507575258,43.545822472809085,64.35754282693169
65.82606793914807,260.9593483650836,1.2998244658462121,26.813155469198932,27.47911974129142
19.511530747079846,692.3615459712778,1.702019642583663,29.859792828985213,70.73501453234019
94.0302141670286,403.9870290078744,-0.09289724289448356,39.02940200451,8.125467334420126
-0.166337525217831,696.1490244482169,1.7896505357018286,65.22536206886318,75.80353197923958
92.59794500440717,-19.24896772100999,1.065851927713531,5.449797063704178,14.259640817418207
56.128488981705864,525.3068049837598,0.1589732619259765,-13.607724299239017,26.87761896218826
48.57330323012233,388.6426541289716,2.051283471201843,-6.4167542672809255,45.390620796027214
37.56926389860377,149.81003457251205,1.548127471665567,41.25989892182557,49.06498016822835
60.74704631465622,456.93886418948745,-0.3716250429082888,-34.31101682450406,36.04693305555494
50.02375498117595,317.02645987539256,1.1662293300847795,53.72798763747398,38.452601368454545
78.03523129333887,206.13784686490894,-1.2799994751250674,8.083881566696501,22.050307644840863
53.752173114303424,423.81005110455226,1.2694408728399003,110.08794184471307,64.27238367319909
54.63783947819666,396.90931573903526,1.439113508770871,85.14519453586415,49.283717742921056
42.0205833603593,555.043841282218,0.6473783876344046,26.774603750623612,50.462254391643874
49.549646760060455,335.0523465984735,0.9985576249013556,24.705029043581714,39.073827400542726
58.504669403241216,420.8883048055698,2.1323454399357735,48.736818781433925,45.08287141848389
8.960878670516829,619.1304498429736,1.4677687860639392,93.80082964932112,65.655836779133
17.84803115845101,712.8820943965162,0.8596933606762415,1.6184546881158042,54.97922119837225
69.19583556582786,368.4124487281218,1.541956489438746,-29.780154600374274,23.570294190679146
55.14270447216516,224.3578950981099,2.215497649206503,8.214910505442443,33.76244732279118
46.43070577187741,583.6850476104565,0.9823233364639146,44.40552932767267,1.1733165668215761
51.4003128690617,308.19393669943986,1.6055728116891634,39.495760878794094,39.27611547338044
59.48131855562462,459.05187066124137,1.6618841191469222,50.15455121480105,26.531378807901774
37.69593403515548,531.0289359119556,0.6366109512229728,2.4505578006091895,63.25865015351007
31.83934308073648,789.4311161565577,0.9588157709682361,-23.62178736410759,47.421376883309314
55.75599145136447,327.54982115523416,1.66630132573576,46.61049896573382,20.077410208167233
26.927412319815954,491.5954333187982,2.658602190460274,17.941421065555826,49.21118401267679
60.97087171130998,325.14076117716445,1.0583334888220328,-31.445430206050403,19.013204606106626
9.147095086067733,611.3858905648872,1.1899228275665523,52.93441667524815,65.01885108470577
76.21484459953214,351.62394567985626,1.750858007623026,33.950169691356365,26.98702198808943
62.55061839689121,74.9333429403072,0.22214830535042263,17.32651418309418,42.32672387970587
57.23359865312645,193.30256741492508,0.4871311994656716,11.390202723705464,24.086800035364988
75.0740769571766,77.94572108988248,0.574080242195503,9.639145455379392,24.499124808797333
91.83729849939296,275.0844307928942,1.0765029496897338,-4.870661290008568,-1.3221178582276423
75.85183957883113,490.89770890910677,0.9304665499578092,-21.878606048671962,32.1300696332556
5.751880419576045,662.8253514319857,2.214560686937169,32.25941339431459,67.38087353201234
19.532457925563694,565.6784236359035,1.9344090214542649,57.212290884789155,59.74026302735251
35.607627531738274,499.5776323458922,1.259287615043673,43.37521645647742,45.19442175401412
51.58830504887596,562.3650857989007,1.2697208521281313,30.791877407505297,41.63694897304007
63.656937734057124,171.53439154965608,-1.2648931505319743,-6.110068947561242,49.529132138058486
33.12978180317006,540.6201893998474,1.0672737740362908,31.537762220694255,43.06196280017372
55.53310270501602,509.24980315947676,0.9476766434222269,-32.68037374201258,36.20067177897334
32.40210289734667,584.7539986044014,0.4590501232194061,41.34629689472643,33.79438484997653
35.934178841099076,515.4828783412139,1.5025296230091865,72.16863791331684,34.533645493107116
16.412377327883785,761.4357671690117,1.517477760409037,6.676046924213374,56.60948134909107
28.281159497050943,128.96196168345375,2.679135549917387,23.55470496550874,62.39701732321166
17.762121654490585,704.2623909436716,2.7865723278643886,53.13296306749386,51.61978685896898
26.98877889893644,445.368601424791,1.0841526272229105,72.35718322524136,46.93574921086265
76.81601164077038,-47.84393395066911,0.17349738876054702,1.147800474475142,18.253539446895456
27.6387589541393,616.5071788255132,1.35586152257645,21.117123253137937,42.985998573317964
115.5761375142188,188.0888518323019,-0.9340976946980001,-59.41153081462818,6.005970319991045
63.05933160585046,294.1331921537657,0.7414704199622278,22.953790727499143,12.459000280393518
55.4857029640703,506.19313902067233,0.2176820628397499,77.73533761246406,49.99623196864152
29.87393652069231,767.9281367219172,0.5318626125503643,45.288299154048254,40.21664997602361
68.14125375859358,480.3213961017326,0.9378942350411938,16.941109168173423,36.49562976604813
36.8150789127035,728.0370486409323,1.6602312259294105,42.738708472998354,29.220102981531127
53.9432354056453,484.2856743099691,0.21933598360045325,24.84251424444976,43.4415333324554
113.80113925356108,4.094863941417104,0.09171446782020087,-28.216921082878,11.498669570176713
48.58934043744551,165.70274130469642,0.4682722533077715,49.54230829628031,42.87067814807395
79.16389001087121,175.58186881450587,0.41520789557472176,17.523859817954904,9.916367298115569
33.683840515794664,374.42292036759665,1.871490547575846,36.450557589947934,49.21100293350871
50.08872292395714,723.6514905588145,0.8712708694282906,1.6787184436116753,23.176473375244584
94.42319341180435,89.28641103282118,0.21320550338295757,37.54474726098297,10.70447278038066
35.554879552554,507.90685961156163,0.8509692494934874,52.37842644352958,57.612550276653934
95.44570404612578,192.19701598308438,-0.28648274691676845,-11.575126819505522,22.809365711622064
68.3239659088591,287.949713108949,0.3277188292361257,43.63801706106631,27.878572070563145
37.138445320385195,734.2699515737078,0.6463827912856381,21.119875196728906,32.60584601850866
66.47416794331342,199.48255551198514,0.39135015295433195,-2.0430594759966816,36.46632543049146
74.82521186263055,269.3984230477475,-0.8032087779372425,-5.934906810147062,24.455760781368973
66.21397874531898,183.1122271193442,0.1673806479354561,-27.78168720611705,0.8516916452449763
12.396677757147012,437.82237890996703,1.5506295825754208,59.735009153362974,67.01033911471738
33.095572938280895,412.97207364904585,1.0976247327321884,-11.605405800091546,46.22489594515921
44.87083158363278,424.6775759102665,0.8387167029521091,-2.1465873721038413,54.72127194430394
49.12029840467852,338.70753746228445,0.8728579479118126,-26.588694712976285,24.752120385126467
66.18604268858518,190.81726054707474,0.8778842619583016,16.319874435707284,-9.457050686222729
55.31052642494709,152.47009070160445,1.4158731958215287,20.46698751873064,38.012560731842505
18.16329595759432,587.2606187459911,1.151708284209839,35.75943539470216,58.009657903264916
60.282087330653845,106.11540848238175,-0.21755229250894992,-5.542435014478215,11.611214104845455
65.93840962864832,410.84915431834946,-0.22921368708448597,-11.965996523831134,17.17436803197012
64.69131904712978,316.8473628004961,0.20513813807029674,31.522687893072664,62.85021118115706
77.48230762575054,4.040507689181823,0.011173176370016136,-1.8865759527595465,19.118412193991357
71.42160880297877,215.2243456741212,-0.15580769851841514,24.043332123383276,34.85219713722393
62.221203706713354,206.99746743620858,-0.32991267213467723,-2.465223625054211,23.11243249911687
49.22507642060794,450.6173525182801,0.5820381364592178,32.39854082832603,12.701132410677591
10.168985759811797,852.110610143858,1.9426815691636599,82.69049780334304,56.71356519528664
61.49542161232653,42.69646359467248,1.069834130505205,36.422056058435274,28.141995955675213
56.046738553177846,376.6154436431109,0.3517368740000687,13.21499774601444,29.434409627839432
57.615349341972774,325.2741697948394,0.4214448731284094,29.894240911740088,32.03485398057333
19.601898599312296,691.6024399279232,0.9162247189603624,37.23941975696114,56.91201236594023
24.406392459159417,592.2012585247718,1.4609700879395837,41.16767732737791,49.34974573234113
76.80400744776735,114.46893096972819,-0.33642453422154917,4.362315219759241,7.927452475287934
49.97660540202817,349.8545019968506,1.3175897749704555,22.958747584219175,43.358894669972415
67.679463888545,165.75583679502472,-0.8130916407313098,23.320738730708587,4.54041485013596
51.64298879562215,549.1025346889737,0.5972401214178826,0.3750252759332895,11.890852136874535
51.67828775526491,390.24674309032025,1.079674777425148,-0.2331117726524532,45.49957264292411
73.9838230107733,531.4177915889727,0.48312187851124744,-21.937066880345533,30.783725742193845
38.27816693734087,462.9678693315711,3.135911610313518,-8.342134108000032,43.05622021999507
53.307625875466236,270.15188825333394,1.0779762818045897,-6.375837090394182,18.89634324220427
39.59827657512183,236.04226584075062,0.4017438509460153,36.99238334416897,34.50902989185079
40.28028864084599,188.18246791102092,1.0506415752745808,9.095648817688094,39.51105766083568
43.35715830862019,201.59297030021358,-0.2490898233847152,44.244092273339916,21.796231996147007
56.40140870616439,397.2410876225665,0.6923492253855528,24.72365039004026,25.15649818016677
39.1938348364309,542.7947743695739,0.536068457464989,-18.46735220827499,51.12267318803377
81.77818115604006,-41.82127556381133,0.8396735044138213,27.35289134787,37.71337099144028
28.983963631971267,665.7001106504539,0.9772230966469696,59.72225272685299,43.657489251921916
46.35979406050944,348.1427758151958,0.8958452250822319,3.1930992077577187,48.54972915217758
40.1517667386434,482.2783272043494,0.6585765985712501,43.51752629942449,19.673318745360426
86.47292391342536,408.68717849692683,1.3344211847007152,-14.709470437919723,25.948711551911302
55.77341112442016,495.93906929061524,0.5307309929788102,26.70740151160882,24.70941782935839
76.28086064258943,190.50105126949444,1.6363466981284056,-19.922535881181055,27.149430757411913
14.475297532085955,489.12776454040437,2.3068256127156688,-0.6315707224543274,53.47864770733083
57.50416702898602,26.420299651219295,1.0786139042447185,13.208334057306415,49.39368702475237
72.789328359983,144.8856948898213,0.6457043180893712,11.795855708375234,14.768606119969046
52.9679147511008,347.1010316626222,1.11793372837314,15.250443159821284,43.4655485726933
77.10666413149985,77.17112618687645,-1.1326814269444017,-18.259709148298207,19.633777952159917
38.247631948333066,452.5436412751788,0.9630409777926927,23.080963545897898,41.85607360416026
85.5490475912821,183.6234610447282,0.7019571946500942,15.241069410413253,16.27635843925665
107.38867324380763,-0.37052092610095144,-0.45204166214712865,-4.683230758239935,-3.370059745950069
42.039577517126915,350.45419285402113,0.05246141469151833,36.28687580599843,41.56854446743166
40.010069816253676,486.4657825259358,1.0883220483679328,15.066494404664695,42.06759368030417
86.63021409405134,231.67259665986376,1.3054072869806912,38.272822973250115,20.82318762062398
89.72828539656032,-18.46273672938048,0.900071062406057,-24.818048690331644,17.278555986502752
38.11084248889522,685.3652310120867,1.124792367148294,46.37390334785567,53.457249997485754
40.63160326616933,442.326202380492,1.808277437000891,63.18961612035211,53.62354145845361
44.02955739473621,438.4227327142283,0.7665531618184593,43.02801916752294,28.010168215069733
17.939728080464242,707.6982884128206,0.3858864784155207,39.12810176865289,65.08729376282547
28.39363635836154,569.9053645095371,0.7165319516445573,25.00228601262078,34.72796634024624
26.294774689322615,691.5066153640782,2.5837703167362704,67.05788607669118,57.23702270854929
32.097307524873216,554.5063125242754,1.1074562722999208,-0.39100951540712714,54.521247831937174
50.0961767749819,304.9691730273375,0.7176797398599286,1.8118703924200368,14.393386589394531
56.698012001011705,409.55333263827373,0.5252128504865694,13.25467703963739,35.02779762393552
89.01453852566962,-21.953284902795104,1.3971043665484815,38.720221700156834,10.993518953360969
26.43684633542138,563.576077366304,2.626644552581166,49.80968384123149,40.92774514060372
75.11413030467685,233.29671483958438,1.9455360191700448,-11.540849531233643,40.35214097580606
45.694031547844425,393.72140625741906,0.8801689876836225,21.434526861378608,31.906008821743427
49.73333747658333,380.05318958383083,1.120202959271813,11.315555342102336,27.90717306402688
67.51543161548331,3.4834256636919463,-0.6124331880314566,-0.711639673938322,29.040013377905023
23.38345073365361,484.09683567818655,2.587573459978867,67.12152194613842,59.9706271692548
60.33639223263604,346.05295824546045,-0.19288977563782705,-14.183876206175277,30.25550661561535
55.0343539407625,389.7837371468112,0.9411452148860926,66.64040786157875,48.85625691967862
63.03805454403734,160.37346937755345,-0.20321143624418292,41.92876016405262,36.920502132572445
58.04720196268825,536.9871450337864,0.2829304641897783,51.47490111481536,6.928008020777977
111.22854605906403,-121.19982433755331,-1.1165587973707003,-17.67885342432882,-1.6097579687308636
35.290390203574,636.8663784039176,0.7901453473786143,31.205698844004175,38.57144890362239
37.9110703325882,538.6738067050461,0.7804169071001645,-3.7728703897340807,49.72288858884871
35.64882587182729,391.5839467609412,0.8255317482638065,21.209332808037562,13.511006442215201
37.31005047943163,745.2522821077723,1.7979529743789195,46.96250600972644,74.99338844505272
35.2990533002663,311.47067230700617,0.4264653824428012,69.0345399767859,51.74122889162419
80.13963735355328,344.64354166545195,0.36900381361504025,-17.873739812124196,23.17747728506973
85.8229617262047,320.8188520274418,0.968340188579751,-1.5147519004033505,32.590024808434364
36.93517239405436,379.75071871318767,0.8217261097418034,30.288717273729954,72.71813427190077
30.512324506083743,730.8152796787492,0.8190775617656632,1.169673458815403,58.393929584968305
62.521600576488744,280.61082538180494,0.4425500735186899,36.007747958064584,42.23341333010133
37.389942247862976,521.1501542280772,2.049463574504538,15.061020862662797,45.79812122940362
66.48703475667595,332.20440370764226,0.6623071895385962,13.298289108533229,26.970882991859185
55.92975980137981,339.856636042444,0.3735839057714731,12.243271760285996,28.581734139581965
13.734247429510592,749.821018676397,2.082242022829328,26.028309147819584,46.90250622410993
88.9410002259984,269.88077684290903,-0.8000223118563579,6.193125666846852,8.398597468341395
95.03886728042193,-151.15551054719356,0.36484890756791266,-2.5316353704352084,-2.8582362747729704
35.90297690106551,683.3464779399062,1.5195419616924195,25.071136493799504,44.10248600051811
41.42915855875717,202.04477283683985,0.869031041074249,12.779420351642806,21.75614830851164
57.966102802973296,502.433142570697,0.10215071460047254,31.336972402927675,35.53091796980397
59.15908482140174,509.0233157283683,0.03965684314298756,65.60307510091228,32.15410364228711
67.11585381988804,124.97244132900914,0.89709234704313,21.733563984094214,30.112290694650188
100.30087044752874,16.646470263210674,0.6448656122830433,26.352308889696484,4.31699968364238
46.60345139096877,252.94741366897972,0.5095571371620337,-7.307885988075466,76.39138516321725
31.34850074660563,483.7487310657872,1.6602438188357587,41.36892489750263,63.846479316327475
17.083655750900004,560.2826053770725,0.12526176675575784,16.174020465658604,40.068882796754394
33.00245319366158,622.8414373227563,0.8595475569367967,-2.2876332301183666,49.37397096613247
50.134425601491564,593.9175401068405,0.8720919548147359,7.828828939285653,30.0842221443773
95.00646423959792,321.9567451144396,-0.7980495522076935,34.31202694156707,1.2104385630124828
38.2397055872707,387.78265947956584,0.4822570137046268,58.40460923825785,27.614239372947374
56.442020975648234,325.3379986049264,0.2619737537176427,30.151646011409284,39.254036840338834
50.544532401474775,141.03931452881605,1.0991172061725123,-13.147743013864268,28.98059756482796
80.12433556780758,85.28794130731144,0.07105016033207129,5.966776054460113,33.057997250428635
112.98721179806604,143.03398538927445,-2.1814571953551516,1.3848346858284284,15.813244367489999
37.91421736931966,717.3937088295241,-0.37637286466110265,38.31542494551535,60.50495253214406
38.931361286880474,282.29320365706303,0.7075080797731368,-15.063743147180418,33.12370226476328
76.58324274134225,139.8605207895041,0.6238838417383377,-10.294459772576005,29.013339983301428
67.68905834638464,281.44985271012297,-1.5166244281993664,16.089809975022504,35.65892294626485
96.28680132891446,146.05000396032986,-0.5275411405590154,16.47244728636643,7.039669780995305
65.28393187810335,178.91806375621783,0.1630113868853224,-38.404597260098974,20.01611474350987
42.12664795734269,511.44637852363684,2.093568807098782,27.223388785025406,61.09458519330502
65.44907976617108,228.3705723576465,0.2625180406951018,22.70950590821834,31.973947311219824
78.16785001509881,216.73910366272455,0.5329657474143793,34.38016433802234,30.10277321379113
71.09163998586254,345.9893456177033,0.5182113016248521,34.07095155633293,16.306820027816958
63.40197274522449,313.5973806450418,-0.9672428100223647,35.30629014753618,15.626874108344152
77.13598610561216,159.8272808440169,0.8383317138975518,-8.2260267134874,16.122888752548235
79.65546262400485,192.98507184398616,0.3763282795164785,-38.567721244581975,20.14639904771982
84.88153582098681,163.0109593734743,0.4708521818937244,-1.7309820636504867,6.020271297009213
66.87440688185575,234.94038359532394,3.3830031794483286,44.40978420762487,28.35132126176814
46.844769731599925,378.7952820530535,-0.5541182767172634,65.39536588286546,18.81648723385443
54.549747571916136,609.2612230803628,2.055090083997796,43.39862289357028,21.55264516374558
80.56909938198986,288.0373701467269,-0.012358289610423345,22.097291881709772,29.241097590452704
30.89090314820652,474.5365503692294,1.5456160455758983,47.41940950610398,54.97353900075534
59.99914483992212,439.054705904235,0.6356252024441131,7.336986557973612,27.419214049371384
41.290756684384775,402.7625392770084,0.7870485573802395,28.51026179237791,29.869539388449173
51.65345861903002,563.6430657391255,0.4432640924516537,70.02962988506378,24.21685762420288
82.33539100361456,248.0576579922937,0.3984177772711609,-14.743851819783202,15.709949415585086
55.63946638878409,345.7610550582583,-0.34086931098851725,66.47305953209792,42.24209310760418
52.087813471627946,451.7810909292087,1.399026931578179,17.701448228896666,47.55993589047305
17.561499838701277,367.31168122068345,1.336315651887872,79.30849797609827,48.830774226264126
69.26923098971207,105.92034828341193,-0.3698662173123506,-19.88860418875079,13.28528946129669
66.7952115952761,111.52203764666731,0.18415996774995075,33.575058127778604,31.7411372612776
104.05845143603614,76.08522561877896,0.5794210473335627,-21.000955227649108,-1.3239490080968146
43.39138008366892,700.2175149475356,0.6576913121845227,-6.241827957044627,34.768798534073035
56.328161278368995,693.1280135537627,1.0151368435548096,29.572408399717734,50.08060358621894
57.070429471265314,448.78381898438545,0.20137804993463448,49.86885432296512,43.678758743212526
89.67626448263812,221.19883983915838,0.5436446021525477,-16.123764194459465,18.192012098103316
48.60810664922773,135.63916019792129,1.4311188236618715,-11.228684463950096,22.89629068686645
57.79807702163477,266.5782225727095,2.0713309330610157,20.663878898082096,35.86757383714311
65.8723853995912,178.46497256397424,0.4060157216440733,16.452232410046282,41.81556871427782
55.52923240566601,269.2207693806076,1.2603035517861974,38.62911873098316,30.003163401924983
39.98721026904966,435.95460672885054,1.1988961610442033,57.45710096743183,59.122559317013774
55.71289748261118,290.4288903921823,1.7148251793278093,22.629818031501635,50.01716532931772
77.30679097910837,-73.31918342740579,-0.25315521135967345,61.159913357886474,42.952408711315535
25.745450826699745,664.1260326946073,1.9981743808524508,46.110813697076566,54.1236436055732
54.21231420371156,209.6117651728138,0.659030670886743,15.924567377541027,42.31592051409285
33.75885971802864,536.7594863297019,1.22285267759264,-6.215797906292913,63.21052136538845
80.28768409381253,517.4112143306631,0.27142131312654844,4.142489925497779,26.69697224051815
13.551517264972807,490.75069351680224,1.917014711024398,37.97733414306291,50.91650140002351
37.22547792631317,98.2044101442209,1.105408131648459,59.21733532898368,38.90339981988687
60.20877773966255,289.8820230097752,0.8211457113258263,33.87552647303279,34.906999961441585
89.38338587468085,313.3182097359585,1.1502179362083236,-24.716832352794253,0.8865460556420199
49.33348146745459,696.4695423225772,1.6338766131105107,32.109983344118916,36.11462043484502
37.316865735355066,293.2622012042118,1.8239950670176486,51.612839478780025,57.48046710403339
97.13258731991478,173.25028644081067,-0.5145894233644981,41.967253473207236,-14.111370791194396
15.397112243580851,547.3318891134099,1.0399070190095514,69.01036682232068,74.4707949354314
-3.0358087307352464,718.375106375835,2.8110511809092413,75.5746720686642,79.35103719038432
61.75066259604418,720.8354099923017,1.2695168049627057,22.520832980377804,25.665049765403772
38.62165199422062,243.8568402523863,2.2355095911604472,43.50341209625549,50.11511930069117
25.875142633661838,588.9770251230251,1.0085971772042768,72.86665102860754,50.412625633359795
68.33880746046339,351.64099024462456,0.3100533875488546,-17.452858521929514,42.5150154042523
56.93336030164974,516.9955263880092,-0.4599528500046113,14.387532895701264,45.62734274734767
37.098872188666974,494.3137094543414,0.9062722715745073,13.945991294151106,27.500475248782138
19.514598525927262,637.5158737256895,2.324844232991555,53.503232823109585,60.852313789827214
72.3676974120019,196.82021302086335,0.04449863452441655,47.446809996132615,23.0562768861032
66.91101999902278,330.8377142127513,0.9790612292295453,2.563966788279613,29.44897579628936
48.51283946929447,355.5144527366258,0.7926126605571954,-34.49744913406035,29.502001843456704
96.28507464363973,197.41093316306888,0.07499133843130651,-8.343644239370736,33.83036330798264
24.67576377566769,502.83433248693365,0.6384086820774791,64.7174217965412,63.55330564332052
13.49410979157566,686.1132193658528,1.7961679461007627,60.876021107103966,48.07163396526264
33.96049328538474,495.0944552941574,-0.9224453188993522,47.044599805830906,29.96633189382947
49.82853988784277,568.1455417065952,0.7651219375581717,20.011998099865846,32.92785428313707
56.922035659816714,346.02954203395217,-0.45310321031770573,-9.92838263797772,39.025136295436496
45.0250770331061,162.59570274468376,1.893836230588974,43.394207971059146,43.03909846495307
59.591153489010566,526.6182396618472,1.2468263529628159,0.277724110192203,47.46760513131501
20.220816042542012,450.4742052175215,1.9211198640197023,100.34961664918687,62.91801492913572
86.39403370542587,68.37153228490936,1.1769024150143437,22.669214841325896,29.729296736726106
48.930817626834454,314.88888778903936,0.22836068133525877,12.626699277691039,41.996929148453134
78.37880094680088,424.29662078821536,1.5259969570653917,-3.958659039042285,5.575699056029855
59.362088629528984,17.055839409578027,1.365276268938174,19.796960280871268,30.124481623494997
62.16162113707618,792.4378025804263,0.4463827395327721,14.462132480267094,43.76716753534093
64.9362632495381,461.729835425599,1.3864125649855819,48.46259690934427,28.884388193997072
61.93956299764257,355.48962089935344,-0.18463238468418908,25.724925135245584,37.17123910502976
66.72741511329257,283.2685954093707,-0.0881864122895718,-0.8608394929365986,24.706056052835308
83.58015829984994,227.50985736613646,-0.31618335096203537,58.7121277762536,7.130345030820246
55.77258603354481,439.4345097429126,0.37881886041159085,25.44249107362959,32.91447082311618
68.3546997695353,378.2404271447581,-0.29515978980960955,37.52568382726596,31.40465680339222
48.74460790210514,489.2271827052963,1.8211592948456237,12.00492818249324,30.251963905433144
86.3044855732775,180.74319418621639,-0.12278298767902329,17.29097577152777,15.247615726123573
34.34142555518576,467.39723273980053,1.5142689857835598,43.777255820878416,34.526270116211634
95.16316461523805,88.29168699291274,-0.5534607403323045,-46.39810000685575,26.84853910469564
49.96180595728283,368.62059332605907,-0.4327735544508071,79.99436581376519,33.95626379586335
15.820347151432019,785.1557556470362,1.8780906787195084,79.33139055277391,73.25946833971932
54.09286576485647,460.99014914050264,-0.5944035491693989,14.660256103309148,53.72768529173736
34.227032322788666,55.55410123315971,1.2088802376850254,6.8586564438116255,44.93551485788696
71.58662777397436,359.3345736325312,-0.5971788548516794,24.771306717017946,13.795659772797853
34.924968776573586,522.6635838506675,2.6965280790574284,37.59297488906594,20.3943543178791
39.99335254606631,458.3914413227651,1.793574899603338,41.914240443258066,25.086494357487584
4.5570545898848085,627.6833724214504,2.015846553008607,56.61120676134396,45.20286611784179
39.84302773445922,631.2319109576341,2.0547109125521485,45.93439133899784,59.529359792401294
-8.561652549293468,911.8956466571246,1.619942014946508,96.496596301229,70.16948284495993
12.06086253298911,522.2472521037133,2.164153138213847,62.441405770500054,62.451877441509026
69.61690416084026,334.4082359081756,0.5948059506958893,-10.730141074187483,0.2378288835368636
70.2401512473401,123.0874132669179,0.6274949594199535,52.04954387030801,12.230426483397077
61.39327206578274,117.87877845916168,1.5675475177826477,64.06557092404016,42.09205698273066
27.207214511533916,448.09705239961585,1.9555491045006326,121.93147767788511,53.12002500745566
49.77636003324245,528.8213594117201,1.1141707145623252,-2.0295323328193042,35.83043067700723
50.85928883125106,535.5945445789395,-0.3321258139025296,33.140217328369474,43.83551181370555
22.50837690953243,649.3527653946476,0.8252784385128226,-12.49773318955316,71.89280880355629
87.85811850482511,266.46714174419685,-0.058787572811506775,21.430453953346998,14.594386693647015
72.48812061257836,332.5978247664116,0.4512112859391468,0.8513335855223616,26.307005511410832
45.52277813846061,329.628010810369,0.1738147473949142,79.97059992846887,42.19927118092392
51.60781814670391,452.4520506723709,2.624894793002316,6.117120560598888,65.46310527958147
56.06380467206035,479.5924012589659,1.8680729117055928,-20.19975041959604,8.93826707933301
0.8204906695301116,823.2838489721173,2.464437521677534,41.27094264526735,71.99681126483041
44.87920978915452,609.0137542506586,1.0678343158971904,-21.696859272519536,38.83744663430255
34.204136013127034,604.4819671309201,1.104398210948816,55.36278675861237,52.757120190052845
26.35666254703157,600.61671017796,0.7430995023146516,-14.11482604303864,42.19286307062945
44.046358241490196,596.4372412142064,1.0908874326350213,31.1810250897053,40.076074882405955
95.08327699150782,107.56209239028253,0.054018681214427655,-51.27840399536659,21.97482163531471
66.68126115886932,159.17929307462305,-0.3922908683676185,9.926103921324366,66.09898868575573
36.92454914395176,456.156822310897,1.4417120895203812,77.25064794281084,54.21210194068921
65.00538746215081,190.41732985137372,0.4407198289482108,28.640579921444257,19.245221070762625
