Glucose,Fructose,MalicAcid,TartaricAcid,Potassium,Magnesium,Calcium,Genotype
28.3,11.5,248.6,139.6,181.6,6.8,14.2,G14
28.2,12.2,257.9,148.8,180.6,9.2,14.6,G14
38.5,11.4,249.6,166.4,150.2,7.5,11.3,G14
36.9,11.6,271.0,135.4,160.5,6.4,10.5,G14
38.3,10.0,248.5,144.4,142.9,6.4,12.2,G14
16.5,15.4,227.8,183.2,192.8,13.7,10.8,G14
16.5,14.9,219.7,175.9,183.4,15.7,12.4,G14
16.0,16.2,211.5,164.7,190.4,15.3,12.8,G14
17.7,13.7,207.0,194.6,183.0,15.9,13.6,G14
12.2,11.3,155.0,123.1,156.3,11.3,10.4,G14
35.2,13.5,245.4,175.1,169.0,10.1,17.0,G14
33.9,13.2,233.3,184.0,175.7,10.0,15.7,G14
35.2,11.5,264.3,136.2,163.5,6.2,11.2,G14
31.5,12.7,254.7,163.0,173.1,8.5,12.7,G14
36.9,10.9,274.5,135.2,159.2,6.8,9.7,G14
29.8,9.6,264.2,152.5,178.2,6.7,11.8,G14
39.8,11.1,264.4,122.1,168.7,4.7,8.3,G14
35.8,9.0,271.5,118.0,176.5,5.1,8.1,G14
24.8,8.7,271.9,139.2,184.5,8.3,10.9,G14
35.6,10.6,277.6,129.8,168.0,5.5,8.5,G14
32.2,9.6,224.6,114.4,155.0,9.0,10.8,G14
46.6,13.6,290.1,155.5,125.6,4.2,12.6,G14
43.5,13.7,301.5,137.7,131.2,3.0,13.6,G14
38.3,13.4,276.4,152.8,175.9,9.6,21.0,G14
34.0,14.4,250.0,140.6,158.6,12.5,13.4,G14
45.5,14.7,299.0,143.1,141.2,3.7,12.9,G14
43.8,12.0,271.1,146.7,129.5,8.6,13.7,G14
47.9,16.0,304.9,137.3,146.0,3.4,12.0,G14
36.9,10.2,261.4,158.0,177.9,12.8,12.8,G14
28.2,10.2,265.7,148.4,164.8,7.4,21.0,G14
221.6,177.7,140.5,103.4,131.2,4.8,10.7,G14
188.8,132.0,214.9,123.3,144.5,10.6,14.5,G14
53.3,15.2,242.4,137.4,145.6,5.2,12.0,G14
40.3,10.3,278.0,128.1,178.5,4.6,10.8,G14
43.4,11.2,281.7,123.4,144.6,11.5,19.3,G14
205.5,159.3,175.0,120.2,151.1,4.2,12.0,G14
47.6,15.2,244.1,139.2,173.1,7.0,19.3,G14
48.9,11.3,252.6,168.5,120.3,9.2,15.8,G14
38.1,12.9,282.1,144.6,211.6,6.2,12.8,G14
149.8,116.1,146.8,87.2,116.9,3.9,7.2,G14
42.4,12.9,215.8,133.6,144.4,5.6,11.4,G14
48.1,12.8,257.7,122.8,131.5,7.0,15.9,G14
42.1,13.1,266.7,138.6,178.8,5.6,15.1,G14
44.6,12.0,245.5,175.0,145.9,8.1,16.0,G14
39.0,12.1,274.3,150.8,185.5,7.4,14.3,G14
25.8,10.1,296.2,125.7,219.1,6.0,7.2,G14
369.5,337.1,96.7,96.6,214.5,6.9,6.0,G14
32.1,11.6,284.2,149.5,199.0,7.0,9.1,G14
31.2,13.5,290.1,128.7,206.1,5.4,7.8,G14
260.2,234.7,78.6,71.1,124.7,4.3,6.3,G14
53.5,16.6,299.5,120.4,169.9,5.3,8.7,G14
221.2,169.8,193.7,103.7,181.7,6.6,4.3,G14
68.5,23.7,245.1,138.8,140.8,3.0,12.9,G14
38.4,11.2,241.8,109.1,191.8,5.6,11.3,G14
96.3,65.2,131.5,78.3,106.8,2.7,7.2,G14
228.1,183.6,127.9,84.9,117.0,5.4,9.4,G14
102.2,62.7,221.9,115.6,132.2,3.4,11.7,G14
105.9,47.6,254.0,124.5,204.9,6.0,9.2,G14
28.5,8.9,258.1,115.6,197.6,5.5,14.1,G14
198.8,151.2,200.2,116.9,212.6,5.5,9.1,G14
192.6,165.9,141.1,119.2,182.2,8.7,12.4,G14
185.2,154.1,148.2,120.8,206.2,7.6,11.6,G14
294.7,274.7,125.9,93.7,244.6,5.8,5.8,G14
185.2,157.0,190.9,98.0,230.5,5.0,9.6,G14
399.0,378.2,78.7,77.9,233.0,7.3,5.6,G14
294.9,275.3,85.0,76.4,194.9,6.5,8.1,G14
341.9,326.2,44.1,83.2,190.9,5.9,5.5,G14
394.4,369.5,42.8,64.2,189.2,6.8,4.5,G14
237.9,217.1,70.9,84.3,168.8,5.3,7.2,G14
260.8,245.2,53.5,75.3,169.3,7.0,7.9,G14
219.4,176.8,70.1,102.3,138.2,5.5,8.3,G14
417.7,392.7,65.3,81.0,228.8,6.6,6.2,G14
284.3,264.3,88.3,97.4,216.5,6.2,8.5,G14
452.8,431.0,61.0,83.1,241.4,7.5,5.7,G14
359.4,334.3,82.1,89.8,223.3,6.3,6.4,G14
229.3,221.2,42.4,68.4,145.4,4.1,5.1,G14
322.4,309.8,66.1,73.7,169.3,3.2,6.8,G14
429.0,413.1,24.3,74.0,172.4,5.5,6.7,G14
365.1,348.6,36.8,61.4,145.5,3.4,3.7,G14
353.9,343.2,34.5,49.1,152.8,4.4,3.5,G14
276.1,258.5,44.0,83.7,157.2,3.6,7.9,G14
244.3,226.5,20.1,57.5,117.2,3.3,5.0,G14
291.4,278.3,42.0,63.8,145.1,3.1,5.3,G14
499.7,493.8,24.9,72.6,171.2,7.9,4.6,G14
349.2,345.9,27.1,60.1,142.5,4.1,4.5,G14
422.6,412.1,21.2,63.2,163.0,4.8,4.9,G14
366.7,368.5,41.5,71.4,176.5,4.4,8.5,G14
461.3,445.0,28.6,66.8,164.8,6.8,5.9,G14
388.9,385.3,30.5,59.4,167.6,4.4,5.2,G14
425.2,415.6,32.4,67.4,165.5,4.7,5.4,G14
414.7,421.4,42.5,68.9,195.1,6.4,3.0,G14
410.1,420.2,26.6,67.4,179.1,9.0,4.5,G14
453.2,459.3,25.9,72.9,209.3,7.1,5.8,G14
480.6,488.8,38.8,70.5,203.0,6.7,2.9,G14
444.1,463.6,28.6,69.7,224.7,10.1,7.0,G14
444.3,453.7,34.8,71.9,209.7,8.7,6.0,G14
426.3,438.3,37.1,60.3,205.9,6.4,3.7,G14
342.5,349.5,30.7,63.3,180.5,7.3,5.5,G14
368.8,379.2,34.0,73.5,203.5,8.2,6.1,G14
335.7,343.6,30.7,47.0,168.3,5.7,1.4,G14
390.5,396.7,30.7,71.4,209.4,9.0,6.4,G14
303.1,307.6,31.4,48.4,162.9,4.8,2.1,G14
368.7,374.6,30.9,59.1,182.8,6.0,4.2,G14
292.4,297.3,25.6,59.8,177.2,8.4,6.9,G14
364.8,376.5,32.0,66.6,198.3,7.7,4.6,G14
389.9,394.2,26.7,55.8,208.7,7.0,2.5,G14
294.3,294.8,21.5,46.6,165.6,4.7,2.2,G14
285.8,291.4,19.8,42.8,146.0,5.3,1.8,G14
332.3,332.7,25.2,44.0,164.6,5.4,1.7,G14
363.5,368.4,28.7,54.9,191.2,6.9,2.1,G14
336.1,341.4,32.8,59.2,212.5,5.4,3.7,G14
366.0,368.9,30.4,62.3,208.7,6.2,2.9,G14
333.5,331.7,29.7,56.8,184.2,4.6,3.2,G14
369.2,372.2,32.5,62.7,189.8,6.0,3.7,G14
287.7,294.7,29.2,40.8,165.1,4.9,2.1,G14
422.7,428.7,34.6,60.6,235.5,6.8,2.3,G14
279.5,282.2,33.5,45.8,169.0,4.0,2.3,G14
387.1,375.1,59.4,68.3,195.8,7.1,5.8,G14
279.9,283.0,27.2,32.7,139.4,4.4,1.9,G14
384.1,386.6,33.1,60.2,222.0,7.3,2.6,G14
368.7,372.8,34.4,56.0,206.9,8.0,4.1,G14
347.7,353.9,27.7,52.8,197.4,8.3,8.7,G14
426.5,443.5,23.7,76.6,244.8,8.6,6.7,G14
395.5,405.8,29.6,70.5,239.5,7.5,2.2,G14
367.3,380.7,19.7,76.7,234.3,6.9,4.6,G14
365.5,367.9,26.8,54.2,195.4,5.7,2.5,G14
381.0,382.7,43.3,63.7,231.0,6.4,4.7,G14
393.9,400.6,26.1,56.0,201.2,5.3,3.7,G14
401.4,403.5,23.5,84.5,252.7,8.0,6.2,G14
247.8,250.5,18.7,53.3,156.5,3.5,2.5,G14
418.1,424.7,36.8,72.4,243.4,6.6,3.0,G14
393.8,403.2,30.9,72.2,240.0,6.8,4.6,G14
468.5,470.2,32.6,86.3,242.9,9.7,4.4,G14
438.6,455.8,31.5,75.6,266.7,7.2,4.4,G14
456.6,458.3,38.5,76.6,260.6,8.9,4.3,G14
449.8,459.3,26.9,67.2,240.4,6.8,4.1,G14
336.9,348.3,24.5,49.2,206.6,5.1,3.9,G14
368.3,387.6,18.0,48.3,187.7,6.0,2.7,G14
408.7,423.7,36.1,60.1,234.9,6.2,4.1,G14
431.6,445.7,22.0,70.2,229.6,6.5,3.6,G14
406.0,420.8,24.2,63.7,250.2,8.3,3.7,G14
480.1,492.3,12.7,65.7,193.2,5.4,5.5,G14
467.1,482.3,14.8,70.9,205.7,5.2,4.6,G14
363.6,372.8,19.2,63.2,203.7,7.5,2.8,G14
372.5,395.2,13.9,50.8,167.3,4.7,5.4,G14
395.7,401.2,9.8,50.2,178.6,3.5,3.8,G14
414.8,416.4,11.6,55.4,185.4,4.0,5.1,G14
305.8,323.5,13.3,45.8,140.4,3.7,4.7,G14
411.3,449.3,17.3,66.7,194.0,4.6,5.4,G14
370.2,389.8,10.9,53.4,184.1,6.3,4.6,G14
274.9,308.5,14.3,50.5,172.9,4.5,8.4,G14
396.7,423.8,13.4,63.8,210.8,5.5,4.5,G14
479.3,523.0,18.9,64.1,244.4,5.7,4.4,G14
312.6,346.5,11.0,61.3,207.9,5.2,7.1,G14
363.0,381.3,13.9,62.7,214.0,5.2,4.2,G14
409.1,432.5,22.4,68.2,253.1,6.2,4.2,G14
377.9,399.1,22.4,52.4,221.8,4.3,3.2,G14
389.8,409.1,19.3,61.3,230.0,6.1,4.6,G14
368.7,379.9,22.1,66.4,236.4,6.6,2.7,G14
318.8,335.1,12.1,46.9,175.2,4.0,1.6,G14
183.8,192.8,9.4,27.6,108.3,2.3,1.6,G14
396.8,420.5,16.1,60.2,233.6,8.1,4.0,G14
383.7,405.5,21.2,63.0,231.4,5.9,9.8,G14
402.0,426.4,20.3,56.0,215.2,5.4,3.2,G14
314.8,338.3,19.0,41.6,191.3,4.1,1.2,G14
44.8,17.7,399.8,217.1,49.9,1.8,5.0,G14
45.2,19.0,435.1,209.8,53.1,1.9,5.3,G14
43.2,14.0,428.7,169.7,43.6,2.9,5.1,G14
33.3,11.4,391.2,170.4,51.5,1.8,5.1,G14
42.9,14.1,332.3,186.8,47.5,3.5,9.7,G14
48.3,15.2,434.4,217.5,45.8,3.1,10.7,G14
64.5,12.5,441.5,143.2,40.6,3.1,8.0,G14
67.9,14.1,445.1,156.9,41.2,2.7,10.7,G14
70.7,19.7,427.4,177.7,49.1,1.6,5.8,G14
55.8,13.9,446.8,180.5,31.2,1.6,6.9,G14
48.7,18.5,370.0,187.1,50.7,0.9,4.4,G14
53.1,11.2,368.4,124.3,46.5,1.0,4.2,G14
64.3,15.4,411.1,193.8,48.1,1.0,5.9,G14
45.9,16.2,327.8,145.1,43.0,1.0,3.6,G14
35.6,14.0,412.5,176.2,42.6,1.2,5.4,G14
48.1,14.9,425.3,175.8,45.2,1.9,4.0,G14
34.5,14.5,441.2,177.0,54.6,1.5,4.2,G14
38.0,14.0,440.5,172.9,44.6,1.4,3.5,G14
30.0,14.9,381.9,165.6,55.4,1.5,4.5,G14
52.5,16.3,463.2,196.5,40.3,1.8,3.6,G14
37.4,14.6,410.2,161.9,49.1,1.4,4.2,G14
48.4,17.5,429.6,180.9,45.6,1.3,3.7,G14
51.9,17.3,382.9,199.6,43.7,1.5,4.7,G14
36.1,13.5,415.4,171.5,47.5,1.3,4.0,G14
35.7,14.1,408.4,150.2,50.9,1.3,3.9,G14
82.2,29.5,400.1,165.3,40.9,1.1,2.7,G14
39.8,16.1,406.8,210.3,54.1,1.8,4.5,G14
68.5,22.2,317.2,139.4,30.0,1.9,2.5,G14
52.0,19.7,385.5,193.2,45.7,1.0,4.4,G14
40.6,13.3,414.3,165.1,41.7,1.2,3.7,G14
47.5,13.1,338.4,135.0,34.0,1.4,4.0,G14
41.7,17.5,427.1,177.6,47.3,1.2,4.2,G14
46.5,17.1,437.8,169.9,45.6,1.5,3.0,G14
50.7,17.8,436.9,178.0,42.8,1.9,3.4,G14
45.9,16.5,391.5,141.5,44.3,0.8,3.3,G14
45.6,14.2,440.3,165.4,46.0,1.6,3.0,G14
47.4,15.8,448.8,192.5,45.0,1.8,3.7,G14
30.6,7.2,227.6,83.5,32.6,1.1,3.4,G14
34.0,13.4,326.3,247.5,56.1,3.6,8.0,G14
113.5,58.2,331.7,273.4,46.0,2.5,8.3,G14
55.6,18.4,465.1,168.0,43.0,1.5,2.8,G14
46.9,13.1,390.1,159.1,32.7,1.2,4.3,G14
40.0,17.1,398.5,188.0,46.7,1.7,4.5,G14
46.9,15.2,397.8,189.7,41.6,1.3,3.4,G14
45.7,17.4,414.1,163.5,41.9,1.4,5.0,G14
57.8,26.1,405.9,134.7,46.4,1.5,3.1,G14
315.6,257.8,132.7,94.3,46.9,1.5,2.0,G14
55.9,28.1,401.8,137.1,51.6,3.3,3.3,G14
237.2,192.4,212.3,164.5,48.7,2.2,3.3,G14
232.7,181.3,242.1,117.2,50.2,1.3,2.2,G14
142.9,100.1,263.3,131.7,41.5,1.2,2.5,G14
57.7,25.6,381.8,141.2,53.3,1.2,4.7,G14
126.4,78.3,278.0,190.5,49.0,2.3,5.0,G14
316.7,265.4,176.1,95.5,50.1,1.5,2.7,G14
312.5,257.9,211.1,101.2,49.5,2.3,2.7,G14
87.5,53.7,252.1,119.2,38.2,2.2,3.4,G14
131.7,88.1,325.3,149.7,56.8,1.4,3.1,G14
155.9,112.8,249.4,106.6,39.9,1.4,2.5,G14
44.2,21.5,381.0,150.9,51.1,1.4,4.0,G14
99.2,60.8,310.7,150.5,52.6,1.0,3.4,G14
80.2,31.6,371.4,180.2,40.6,1.1,3.0,G14
342.7,287.0,140.7,90.0,43.7,1.5,1.7,G14
162.1,115.1,192.8,98.9,38.5,1.2,2.4,G14
242.4,199.7,220.3,89.7,48.8,1.4,2.4,G14
44.4,23.2,354.2,147.5,54.7,1.7,4.5,G14
216.8,110.2,284.8,128.6,46.9,0.9,3.2,G14
93.4,56.9,313.6,129.6,49.3,1.3,3.7,G14
232.5,187.9,189.5,109.1,49.8,1.5,2.1,G14
303.1,249.2,128.8,99.7,47.2,2.4,3.1,G14
258.6,195.2,176.5,107.5,50.1,1.4,2.8,G14
93.5,55.6,283.2,117.0,42.0,0.8,2.5,G14
33.7,19.5,345.1,162.3,50.4,1.6,3.6,G14
188.4,143.8,276.0,125.0,48.8,1.5,2.3,G14
41.5,22.2,399.4,163.3,48.5,2.4,4.4,G14
200.3,152.7,185.7,152.8,50.7,1.9,3.8,G14
153.8,103.7,248.8,83.9,51.7,1.2,1.8,G14
328.6,293.3,121.2,87.5,48.6,1.4,1.1,G14
222.5,187.8,159.0,138.3,48.5,1.5,2.5,G14
200.4,170.1,183.7,126.9,51.2,1.6,2.5,G14
305.5,272.0,150.7,88.6,59.3,1.6,1.3,G14
85.4,47.5,358.0,152.8,48.3,1.7,3.0,G14
203.4,176.6,157.0,106.8,50.1,2.0,2.6,G14
217.9,185.7,159.6,98.5,50.6,1.4,2.5,G14
177.4,145.6,154.8,121.8,52.7,1.7,2.2,G14
659.1,594.2,236.3,176.6,86.2,2.2,2.5,G14
349.6,310.3,150.0,88.3,60.0,1.8,2.1,G14
235.1,204.6,149.5,115.6,51.4,1.5,2.7,G14
283.4,212.9,228.1,101.6,43.6,2.1,2.5,G14
278.2,245.1,181.3,90.1,52.7,1.8,2.3,G14
293.3,266.4,134.1,123.2,53.0,1.9,2.2,G14
372.5,335.2,162.6,119.5,62.7,1.9,1.8,G14
342.9,310.2,135.1,91.0,53.9,2.1,2.1,G14
189.5,150.5,227.4,155.7,47.8,1.4,1.8,G14
278.3,244.7,132.6,124.0,54.4,1.8,2.5,G14
208.4,170.3,200.3,117.5,48.8,0.8,1.9,G14
456.9,418.3,156.9,104.5,65.0,1.8,1.5,G14
206.9,168.6,207.4,129.7,54.4,3.0,2.8,G14
281.9,254.6,118.3,89.1,52.8,1.0,2.6,G14
149.8,122.5,179.1,122.3,50.9,1.4,2.4,G14
287.4,257.5,96.9,106.2,52.0,1.9,2.9,G14
276.8,250.4,110.7,104.9,52.6,2.7,3.1,G14
237.2,198.4,185.1,162.0,44.3,2.1,3.6,G14
202.0,165.8,317.0,166.6,60.4,1.1,2.6,G14
314.4,271.3,177.0,112.5,57.4,2.5,3.0,G14
246.4,219.5,119.6,98.4,47.0,0.9,2.4,G14
236.2,163.6,179.9,88.4,42.4,2.1,3.8,G14
328.2,306.6,102.8,84.7,49.2,1.4,2.3,G14
382.4,344.3,84.1,71.4,55.0,1.8,1.5,G14
338.6,305.9,106.3,87.1,54.8,2.1,2.8,G14
404.0,370.5,109.1,79.0,60.2,1.9,1.6,G14
313.0,283.0,128.4,92.8,51.7,1.9,3.1,G14
272.2,239.4,135.4,104.0,50.8,1.9,3.3,G14
491.6,466.4,88.2,82.6,65.4,2.2,2.3,G14
375.6,324.2,99.4,73.8,49.6,1.7,2.6,G14
331.6,298.0,133.0,100.7,52.2,1.8,2.6,G14
273.3,237.3,99.8,87.5,38.7,1.2,2.2,G14
247.8,222.7,94.7,76.4,43.8,1.6,2.7,G14
271.6,222.7,158.0,92.9,50.5,1.8,1.9,G14
270.4,249.1,106.2,73.2,50.5,1.7,2.7,G14
312.4,290.2,90.0,80.4,55.7,1.7,1.7,G14
298.5,279.9,83.3,105.1,54.9,1.6,2.6,G14
445.1,412.5,70.4,95.9,53.8,2.0,2.3,G14
376.4,362.8,72.1,107.3,44.7,1.9,4.1,G14
452.5,435.5,73.8,88.3,60.3,1.7,1.2,G14
502.2,488.5,3.0,98.1,58.5,2.0,1.8,G14
271.3,241.4,139.8,123.0,42.4,1.7,4.1,G14
457.2,432.8,62.2,100.5,58.4,1.9,2.6,G14
590.3,565.4,74.3,103.0,63.9,1.9,2.2,G14
454.5,436.6,66.1,86.2,57.9,2.5,2.3,G14
466.6,446.1,86.2,95.0,68.3,2.1,1.8,G14
472.1,439.4,81.2,91.5,63.6,1.6,1.5,G14
538.0,497.9,62.5,86.8,56.5,2.6,1.9,G14
331.4,317.8,61.5,75.7,48.0,1.5,2.2,G14
435.2,411.6,54.1,83.3,52.0,2.1,2.7,G14
504.1,465.5,67.6,95.1,63.4,1.6,1.6,G14
547.4,513.1,64.3,88.3,64.2,1.9,2.1,G14
533.7,519.3,67.0,94.1,68.6,2.2,1.7,G14
515.0,491.1,65.9,87.0,67.7,2.4,2.3,G14
518.9,496.4,55.4,88.6,61.3,1.9,1.2,G14
444.9,433.4,99.2,98.9,65.2,2.6,2.6,G14
476.0,451.2,55.1,80.9,56.2,1.7,2.2,G14
469.7,437.5,70.5,84.7,60.2,1.9,1.5,G14
569.7,526.0,63.4,67.8,51.4,1.9,1.7,G14
464.3,432.7,56.3,55.1,46.2,1.1,1.2,G14
503.9,490.7,63.1,67.3,61.1,2.0,1.2,G14
394.6,398.1,8.7,85.0,52.1,1.3,1.6,G14
288.6,298.6,55.2,64.5,47.5,2.1,1.7,G14
328.4,311.4,44.6,102.2,49.1,1.5,1.8,G14
404.9,405.4,46.8,72.0,54.8,2.0,1.7,G14
280.9,286.2,72.3,78.7,48.6,1.5,1.5,G14
519.9,509.6,44.6,85.3,63.2,1.8,1.8,G14
524.5,493.6,48.7,78.5,54.0,2.4,2.2,G14
490.0,469.3,63.9,76.3,55.6,1.6,1.9,G14
398.8,393.6,38.6,81.3,52.1,1.9,1.6,G14
482.7,475.6,53.3,75.7,60.8,1.8,1.6,G14
416.0,414.5,57.9,77.1,57.0,1.4,1.7,G14
494.2,482.9,62.0,74.3,67.1,1.4,1.8,G14
512.4,497.7,55.9,73.9,62.4,2.4,2.2,G14
422.3,413.4,53.1,69.7,59.8,2.0,1.4,G14
505.3,492.9,36.8,80.0,56.2,2.3,1.5,G14
278.8,287.6,65.3,67.4,50.3,1.4,1.9,G14
470.4,501.2,4.3,80.5,70.7,1.9,2.3,G14
513.7,503.1,68.5,79.8,58.1,1.6,1.4,G14
495.2,494.1,89.9,83.4,68.6,1.6,1.6,G14
397.2,394.8,63.0,72.8,65.2,2.7,2.3,G14
490.4,480.6,43.2,82.2,66.0,2.3,2.0,G14
560.1,538.2,49.3,74.0,68.1,2.4,1.8,G14
510.0,484.6,50.1,71.3,65.1,2.3,1.4,G14
438.0,445.1,63.9,76.6,70.8,1.6,2.1,G14
376.1,382.2,70.6,85.9,67.7,2.4,2.5,G14
445.9,436.3,52.4,82.9,65.9,2.3,2.1,G14
516.0,503.8,52.8,74.6,66.5,2.2,2.0,G14
480.4,484.7,60.8,78.8,68.4,1.8,2.0,G14
539.3,519.8,58.7,73.5,67.5,2.1,1.3,G14
495.0,474.3,57.4,85.6,71.7,2.1,1.8,G14
524.8,512.0,37.1,88.5,59.6,2.6,2.7,G14
503.8,487.7,55.9,70.3,61.8,1.8,2.0,G14
538.8,537.4,42.6,86.1,74.5,2.1,2.7,G14
441.1,431.4,47.3,60.8,55.7,1.6,2.0,G14
540.3,535.1,53.3,73.0,64.2,1.9,1.4,G14
533.1,509.6,59.4,77.0,62.7,2.0,1.4,G14
543.6,533.7,51.5,82.3,54.2,2.0,2.4,G14
546.5,524.8,52.2,84.2,64.7,1.9,1.9,G14
481.0,478.9,55.7,68.2,66.3,2.5,2.5,G14
551.6,530.4,63.0,77.8,69.8,2.3,1.8,G14
592.0,570.7,58.8,80.6,66.4,2.4,2.5,G14
550.2,542.2,63.5,93.9,66.2,2.8,2.1,G14
528.6,526.0,81.8,92.5,73.0,2.7,2.3,G14
515.4,511.6,64.3,79.7,69.7,3.1,1.9,G14
472.9,468.9,50.0,65.6,64.6,2.3,2.0,G14
468.8,493.4,54.1,76.5,60.9,2.0,1.6,G14
569.8,549.3,67.3,85.6,68.8,2.2,2.7,G14
507.5,506.1,66.0,80.5,66.9,2.2,1.9,G14
476.2,479.3,51.2,76.9,58.6,2.0,2.0,G14
534.4,538.0,50.8,83.8,64.9,2.7,2.3,G14
480.9,470.4,43.8,63.2,62.1,2.2,1.8,G14
514.3,525.1,56.9,85.6,57.2,1.9,1.9,G14
520.5,547.0,64.8,70.6,66.4,2.3,2.2,G14
461.7,468.9,52.7,71.3,63.4,2.4,3.0,G14
490.0,508.9,47.7,76.2,63.0,1.8,1.7,G14
487.7,491.9,45.2,79.8,60.7,2.2,1.9,G14
504.7,509.9,51.0,80.7,66.7,2.8,1.9,G14
501.3,514.8,64.6,70.8,65.8,2.2,1.8,G14
545.1,545.5,57.0,83.7,75.5,2.6,2.7,G14
621.9,616.0,69.6,91.7,70.1,2.7,2.2,G14
571.3,584.5,70.1,65.7,64.6,1.8,1.0,G14
48.3,17.2,509.4,225.0,45.5,1.4,3.5,G5
56.4,21.2,525.8,253.7,35.1,1.0,2.2,G5
70.5,23.4,468.8,268.6,65.5,2.6,6.4,G5
63.4,23.4,547.8,252.1,32.0,2.4,4.4,G5
30.1,12.6,493.0,227.9,44.8,1.7,3.7,G5
29.9,8.9,473.5,233.5,38.4,2.0,3.9,G5
35.8,15.7,397.2,242.9,39.1,2.3,4.3,G5
49.3,14.1,426.0,204.0,34.5,2.7,4.2,G5
40.5,14.4,508.1,203.4,37.2,1.9,2.9,G5
77.8,19.0,433.1,264.9,40.2,1.8,3.4,G5
53.5,15.1,558.1,215.7,53.0,0.4,2.3,G5
49.5,14.5,527.7,169.3,32.8,0.1,1.3,G5
51.4,14.6,512.2,199.9,55.5,0.9,3.4,G5
54.0,15.7,529.5,189.2,39.1,1.2,2.7,G5
47.6,14.3,536.9,220.0,41.4,1.7,3.2,G5
56.2,23.0,478.1,169.0,44.4,2.6,4.5,G5
66.3,20.9,456.2,224.1,43.4,5.2,6.8,G5
65.2,24.1,500.9,210.4,44.6,2.7,5.5,G5
43.0,12.9,386.7,144.9,42.7,2.4,4.9,G5
41.6,10.5,492.6,161.1,40.5,2.1,8.4,G5
48.5,17.1,438.1,169.3,42.3,2.7,4.3,G5
39.8,11.3,431.7,151.0,39.5,2.1,5.2,G5
44.5,12.8,410.5,163.4,37.9,1.1,4.9,G5
48.7,12.1,474.8,192.0,40.2,2.2,6.4,G5
44.0,15.3,397.5,136.3,41.2,1.9,5.7,G5
42.8,13.5,505.9,178.6,42.7,1.6,7.2,G5
91.4,20.2,612.4,266.5,51.2,3.4,7.7,G5
40.1,14.1,504.7,235.7,49.1,7.2,9.9,G5
52.2,13.2,500.0,215.2,40.1,6.0,6.4,G5
39.0,12.8,485.9,166.1,41.0,3.4,5.8,G5
50.7,12.7,505.3,199.4,42.6,3.7,7.4,G5
36.1,8.9,299.1,97.3,38.6,0.9,4.2,G5
59.1,12.7,538.0,187.0,43.4,2.2,5.6,G5
65.3,25.3,492.5,199.4,47.3,1.9,4.6,G5
49.5,14.6,550.5,227.6,42.8,1.5,7.4,G5
46.4,16.3,539.1,178.3,51.6,1.1,4.2,G5
62.5,17.0,469.7,232.9,47.8,3.4,9.2,G5
58.8,16.7,482.7,207.6,42.6,2.3,6.3,G5
51.6,19.1,529.9,183.6,51.7,2.1,6.2,G5
47.2,15.1,496.0,212.2,41.8,3.3,8.4,G5
35.4,9.3,383.5,169.7,42.8,3.6,6.9,G5
48.2,13.6,452.1,176.7,42.6,2.4,8.0,G5
38.2,11.8,489.3,157.3,49.1,1.8,6.8,G5
32.1,10.2,457.7,189.3,39.7,3.5,7.4,G5
31.5,10.0,476.0,194.9,41.8,3.5,8.9,G5
73.5,34.6,430.8,133.6,43.9,1.8,5.1,G5
39.9,14.9,457.1,147.7,41.1,1.0,4.5,G5
194.8,158.0,336.6,140.5,48.4,2.2,4.4,G5
47.3,18.1,366.8,201.5,44.2,3.0,9.6,G5
68.0,39.8,496.4,141.9,57.1,1.3,3.7,G5
38.4,15.0,374.9,191.6,44.7,3.4,6.4,G5
204.5,177.2,287.0,113.3,51.0,1.2,2.9,G5
166.0,125.8,400.7,121.1,52.0,2.0,4.5,G5
210.5,191.4,259.6,117.8,46.7,1.2,2.6,G5
33.1,14.3,437.5,168.1,51.4,1.8,6.3,G5
44.1,14.7,393.6,188.4,33.4,3.0,9.8,G5
305.2,297.1,161.5,103.2,51.5,3.5,3.9,G5
46.8,18.3,461.7,202.5,53.9,2.6,8.6,G5
152.2,111.9,384.3,157.6,48.6,2.1,4.7,G5
309.4,281.9,224.3,105.2,50.6,1.5,3.4,G5
248.2,234.2,220.0,124.7,51.1,1.8,3.4,G5
146.4,112.5,404.7,126.9,44.1,1.1,3.2,G5
47.6,17.6,387.3,218.6,44.7,3.4,9.8,G5
70.7,35.7,480.1,153.9,49.3,1.4,3.3,G5
230.1,201.8,272.4,118.8,51.0,1.9,3.7,G5
40.8,18.5,483.0,148.3,49.5,0.0,3.7,G5
37.8,14.5,386.3,204.5,43.7,2.4,7.6,G5
57.8,28.1,496.8,145.6,53.5,1.0,3.8,G5
236.4,207.6,235.7,128.2,44.8,1.8,3.8,G5
328.2,291.2,259.4,121.5,56.6,1.8,3.1,G5
57.9,26.6,382.5,175.8,47.8,1.9,7.4,G5
224.1,194.5,230.1,106.5,51.3,1.4,3.7,G5
53.4,26.2,458.9,146.5,47.6,1.0,4.6,G5
54.8,22.8,422.8,201.0,42.4,1.8,5.6,G5
131.0,94.5,355.8,130.6,52.5,1.2,4.3,G5
337.4,328.5,144.2,86.7,56.2,1.2,2.2,G5
232.4,212.9,248.7,117.4,55.4,1.6,3.2,G5
384.8,377.4,154.2,89.3,54.7,1.8,1.8,G5
240.3,230.9,228.2,82.2,54.1,0.5,1.4,G5
348.9,333.8,183.1,93.8,49.5,1.5,1.5,G5
81.0,40.7,462.4,173.2,42.5,2.1,7.7,G5
271.9,260.4,215.2,80.1,53.7,1.7,2.0,G5
294.5,274.1,227.2,125.9,58.0,2.4,4.7,G5
71.4,35.8,401.6,181.3,41.2,2.1,8.0,G5
294.3,289.1,177.1,90.5,52.6,1.3,2.3,G5
249.5,222.0,269.9,110.6,52.5,1.8,2.8,G5
114.0,69.0,422.1,148.0,56.2,1.8,4.3,G5
245.4,231.3,275.9,109.2,54.4,1.1,2.8,G5
164.3,137.8,324.2,124.8,53.8,1.6,4.4,G5
201.4,162.5,298.1,111.8,49.3,1.3,3.6,G5
49.9,25.1,458.9,187.6,52.3,3.0,8.0,G5
425.0,421.7,147.3,99.1,62.0,2.3,2.8,G5
73.1,35.0,425.5,171.1,42.6,2.2,8.2,G5
40.5,18.0,380.8,198.2,46.0,2.3,5.6,G5
406.5,398.7,161.2,90.0,57.8,1.6,2.1,G5
345.4,331.1,157.5,95.8,58.7,1.8,3.6,G5
72.4,35.2,455.8,160.7,52.8,1.8,4.9,G5
40.2,16.2,488.9,166.1,46.2,2.5,6.0,G5
260.6,219.0,338.3,170.9,54.5,1.4,3.4,G5
137.1,93.5,408.8,164.2,54.6,1.5,4.0,G5
86.2,44.1,446.6,176.8,45.6,2.4,6.1,G5
427.1,415.8,153.8,103.8,61.2,2.6,3.2,G5
139.3,102.2,335.7,138.0,51.3,1.5,5.6,G5
82.3,34.5,456.1,157.0,49.7,2.6,6.6,G5
40.9,17.2,458.3,158.7,47.0,2.8,7.3,G5
376.8,389.6,10.5,78.0,54.5,1.4,2.0,G5
463.5,449.9,113.0,79.7,50.9,1.2,1.8,G5
384.1,389.9,3.1,61.7,51.8,1.6,2.3,G5
404.4,394.3,95.5,68.1,55.2,1.3,2.0,G5
431.8,424.8,73.6,88.5,54.1,1.5,1.6,G5
303.5,287.4,99.2,91.9,49.2,1.5,3.8,G5
283.9,279.9,67.2,83.7,49.5,2.0,3.5,G5
333.3,328.5,69.1,92.9,52.3,2.5,3.9,G5
371.9,374.5,53.7,83.5,49.0,2.0,2.7,G5
247.6,236.9,64.9,69.5,49.0,1.6,2.3,G5
239.8,233.1,124.7,102.0,50.1,2.0,3.5,G5
356.4,356.7,64.1,76.2,50.8,2.6,3.0,G5
442.3,438.3,54.9,80.6,47.8,1.5,2.6,G5
388.7,394.5,57.6,79.6,51.8,2.1,3.3,G5
376.6,379.4,65.4,70.3,59.3,1.9,1.8,G5
421.8,430.1,8.1,79.8,53.3,2.6,3.2,G5
452.0,447.1,62.2,72.6,51.1,2.6,4.2,G5
436.2,433.3,77.0,81.0,60.6,2.4,3.9,G5
419.3,439.6,3.8,70.2,58.4,1.7,1.6,G5
308.0,294.9,92.5,87.9,42.8,2.4,4.2,G5
482.0,471.8,64.0,70.6,53.7,2.5,3.5,G5
443.1,420.2,64.5,96.2,51.1,3.0,6.2,G5
484.1,482.8,59.9,71.3,57.8,1.8,2.9,G5
449.2,448.9,83.8,79.9,57.3,1.7,2.5,G5
453.7,438.2,65.5,89.0,54.1,2.7,3.7,G5
487.9,469.6,79.1,74.4,61.4,2.7,3.1,G5
474.2,447.5,84.1,74.0,58.0,2.1,2.2,G5
345.2,330.1,97.9,88.6,57.5,2.7,4.2,G5
380.8,375.7,91.5,86.0,56.5,2.1,4.1,G5
362.1,356.4,80.3,78.4,56.7,1.3,1.9,G5
449.2,458.7,89.2,87.9,59.9,1.6,2.7,G5
575.3,562.8,72.7,74.8,65.6,2.2,2.6,G5
615.2,616.4,77.3,99.4,58.0,2.4,1.8,G5
372.2,375.4,191.3,133.3,53.0,2.0,3.6,G5
400.6,401.1,90.8,80.3,52.8,1.1,3.3,G5
649.7,634.0,58.7,82.7,60.3,1.8,2.6,G5
456.3,471.7,0.9,70.5,58.0,1.4,2.3,G5
359.2,383.1,12.4,71.0,47.2,2.0,3.1,G5
518.2,514.3,51.5,78.2,63.4,2.0,1.9,G5
619.3,610.9,71.1,70.8,53.2,2.3,3.1,G5
608.5,603.2,60.8,74.5,53.5,1.8,1.7,G5
684.2,676.2,99.4,81.2,64.4,2.2,2.0,G5
497.3,485.3,75.4,68.4,46.4,1.7,2.0,G5
505.2,492.5,57.2,72.9,55.3,2.2,2.4,G5
522.0,532.0,82.4,67.5,57.8,1.4,1.1,G5
592.2,577.8,91.0,83.8,75.7,2.5,2.1,G5
686.5,618.4,89.7,86.1,64.5,3.8,3.1,G5
625.5,612.1,92.6,82.8,72.7,2.5,2.2,G5
609.6,602.4,55.4,63.1,51.4,1.8,2.4,G5
524.1,536.1,44.2,82.7,65.8,2.3,2.2,G5
643.3,637.5,83.5,95.0,61.8,1.6,3.0,G5
403.7,432.2,2.3,71.6,47.6,2.4,1.6,G5
498.2,501.9,80.1,76.4,61.7,1.5,1.9,G5
716.1,696.7,100.3,93.3,71.6,3.1,2.9,G5
638.0,650.7,69.6,94.2,72.8,2.1,2.7,G5
488.4,497.2,45.8,72.2,45.2,1.6,1.9,G5
457.9,464.8,83.9,85.4,59.1,1.5,2.6,G5
463.6,471.8,77.7,81.1,62.0,1.5,2.6,G5
413.2,414.1,57.0,75.9,62.5,1.4,2.7,G5
426.0,434.1,60.0,70.0,48.8,2.0,2.8,G5
442.5,440.2,72.4,66.5,58.5,1.9,2.7,G5
413.6,416.7,68.2,57.9,62.7,1.8,2.5,G5
395.5,399.6,62.9,56.6,56.0,1.5,2.5,G5
549.0,530.7,54.2,59.0,61.0,1.7,1.9,G5
405.2,411.6,59.4,56.4,58.5,2.6,2.4,G5
480.1,470.3,43.5,51.8,52.9,2.3,3.0,G5
417.3,426.2,62.2,55.2,60.4,1.7,2.4,G5
486.6,486.9,41.9,57.6,58.2,2.0,2.7,G5
545.3,537.8,53.8,60.4,61.1,2.6,2.2,G5
518.8,507.0,63.7,59.9,66.9,2.6,1.8,G5
500.4,491.8,43.7,54.7,52.1,2.6,3.3,G5
490.1,479.1,67.1,58.3,70.8,2.1,2.3,G5
544.2,528.6,60.1,59.6,54.5,2.1,2.7,G5
420.5,428.5,51.5,56.8,54.0,2.0,2.9,G5
545.0,529.1,65.5,66.2,70.8,2.4,2.1,G5
600.1,592.8,76.3,62.6,69.7,2.5,2.5,G5
354.1,368.7,72.7,63.6,51.2,1.4,2.9,G5
553.9,548.6,70.0,52.8,51.4,2.1,3.0,G5
518.6,518.4,72.7,51.1,62.5,2.0,2.0,G5
468.2,476.7,56.3,54.7,55.1,2.7,2.3,G5
535.4,521.5,70.4,49.7,59.8,1.8,2.0,G5
364.1,368.3,46.0,47.6,48.1,2.3,3.0,G5
433.5,441.6,52.0,47.8,49.7,1.7,1.7,G5
541.3,542.1,57.8,64.5,62.4,2.4,2.6,G5
532.3,531.0,67.2,56.7,59.0,1.6,2.0,G5
599.8,604.5,70.2,70.7,66.6,2.1,2.5,G5
533.6,519.1,69.8,49.7,62.6,1.7,1.6,G5
380.0,391.5,49.0,48.9,51.1,2.3,1.9,G5
451.6,469.8,51.1,58.6,57.1,2.4,2.1,G5
412.6,407.8,54.3,46.4,50.2,1.9,4.5,G5
658.2,673.2,58.8,84.3,61.7,2.2,2.1,G5
491.8,509.2,74.9,66.7,58.3,2.2,2.2,G5
585.6,608.9,78.5,72.7,75.1,2.1,1.9,G5
341.7,365.7,1.6,51.8,44.7,1.5,1.9,G5
564.1,587.5,80.3,61.0,63.7,2.6,2.5,G5
507.7,533.7,65.4,48.7,65.3,2.7,2.4,G5
516.8,525.9,42.3,68.9,52.2,3.5,5.2,G5
515.7,550.1,73.6,56.0,61.6,2.6,2.7,G5
552.1,556.0,66.3,60.4,77.5,2.1,1.3,G5
564.3,569.9,59.5,62.3,62.3,3.3,2.3,G5
531.9,534.4,60.9,65.1,63.3,2.0,2.5,G5
536.1,558.0,64.6,53.9,66.4,1.9,1.5,G5
518.4,536.9,69.4,50.0,58.4,1.7,1.4,G5
452.9,482.5,74.1,60.4,53.9,1.8,2.9,G5
64.6,17.8,443.9,176.5,43.6,2.0,3.8,G7
69.1,15.9,469.9,204.2,44.3,1.8,4.3,G7
47.7,12.9,487.4,183.2,35.6,0.9,2.9,G7
61.8,16.0,491.5,183.6,40.8,0.6,2.9,G7
59.0,15.1,406.9,166.0,38.9,1.3,3.2,G7
66.2,21.3,502.8,227.1,41.0,1.0,3.0,G7
77.7,23.1,461.6,221.8,30.6,1.6,4.2,G7
77.2,22.4,466.2,268.1,36.1,1.3,3.3,G7
48.1,11.8,386.8,182.0,35.8,0.6,3.2,G7
47.0,14.7,427.0,207.3,37.8,0.9,3.9,G7
73.0,21.3,626.7,244.9,37.4,1.6,6.6,G7
78.4,20.4,550.5,242.4,33.7,1.7,3.6,G7
63.0,19.7,493.9,220.4,28.3,0.9,3.7,G7
52.3,18.9,475.9,204.6,39.0,1.5,4.5,G7
65.4,21.8,482.3,231.1,45.8,1.2,2.7,G7
51.9,16.4,453.6,176.3,40.4,2.0,4.2,G7
69.7,20.6,521.4,226.1,43.2,4.3,7.5,G7
105.3,40.5,540.9,205.6,40.8,2.3,4.6,G7
96.4,42.1,550.0,151.0,44.8,2.4,4.3,G7
75.3,23.6,492.2,216.2,42.8,3.7,6.6,G7
60.7,18.5,500.3,207.6,37.7,3.8,7.0,G7
48.2,16.5,439.6,183.8,49.6,1.3,3.6,G7
65.7,21.0,517.5,213.8,39.6,4.1,6.7,G7
62.0,16.7,539.9,164.2,38.8,2.8,5.1,G7
75.2,24.7,497.2,157.8,37.8,2.3,4.1,G7
69.8,22.9,489.7,213.9,41.5,3.7,6.0,G7
56.9,16.5,525.9,159.5,41.9,2.4,4.6,G7
118.5,58.2,493.0,181.3,48.3,3.4,5.2,G7
62.6,18.3,493.5,196.1,47.8,3.7,4.9,G7
137.9,65.7,520.9,172.5,42.7,2.1,3.9,G7
61.6,20.5,466.2,157.2,43.2,3.3,5.3,G7
91.0,33.3,455.4,171.9,36.5,2.2,4.6,G7
91.8,34.6,567.9,174.5,52.0,2.4,4.3,G7
52.9,15.2,491.4,196.0,41.8,3.6,5.2,G7
30.0,11.3,437.2,145.8,42.9,3.8,5.7,G7
29.1,12.1,528.0,190.8,40.6,3.4,5.4,G7
37.5,10.4,479.9,184.7,39.6,3.0,4.6,G7
43.2,13.0,476.6,173.1,40.4,3.1,5.7,G7
65.2,20.4,398.5,178.6,36.1,3.6,7.6,G7
49.5,18.9,566.4,244.6,46.4,5.0,9.8,G7
50.2,17.2,457.6,168.6,37.9,4.1,7.6,G7
54.5,14.1,494.5,164.7,75.5,5.1,8.2,G7
53.6,17.3,460.3,197.1,42.5,2.8,5.1,G7
53.0,14.4,493.1,169.4,39.5,5.0,5.8,G7
157.7,76.9,528.7,162.8,41.6,4.3,4.5,G7
328.4,275.8,230.8,120.4,43.8,2.7,3.3,G7
320.4,281.4,191.5,148.4,46.9,3.4,5.5,G7
150.6,110.1,383.4,154.7,44.8,3.6,5.7,G7
262.3,207.4,331.4,159.9,43.9,2.2,4.1,G7
313.4,271.7,190.2,94.8,50.3,2.4,2.4,G7
283.3,232.8,260.8,136.5,45.2,3.4,5.8,G7
110.6,71.6,376.8,154.9,48.2,2.7,3.8,G7
222.8,200.2,228.6,133.1,54.4,3.3,4.5,G7
307.0,268.5,202.3,136.1,44.9,2.8,3.7,G7
250.6,209.1,288.4,129.4,46.6,3.2,3.9,G7
123.5,82.5,418.0,159.1,37.5,2.7,5.0,G7
280.0,248.7,183.9,134.8,50.6,3.3,2.9,G7
121.4,79.3,415.0,157.8,43.4,3.4,5.3,G7
331.3,291.3,170.2,129.4,44.1,3.2,2.3,G7
241.6,200.6,287.7,134.3,42.8,3.7,4.5,G7
276.7,235.7,239.0,146.4,41.6,2.4,3.9,G7
314.0,267.3,250.8,147.3,48.8,3.4,5.0,G7
262.1,212.3,247.6,159.3,44.8,3.4,5.9,G7
306.4,277.1,155.9,116.9,57.0,2.4,3.0,G7
233.9,185.5,321.4,133.7,42.5,3.2,4.0,G7
292.0,259.0,190.9,118.7,58.0,3.2,3.2,G7
297.7,265.0,148.8,94.1,44.0,3.6,3.2,G7
321.4,283.9,248.1,120.0,59.8,3.4,4.1,G7
118.8,75.1,447.7,181.0,40.3,3.7,7.2,G7
308.2,276.9,187.1,149.7,58.4,2.6,3.2,G7
206.1,162.1,339.1,166.6,43.1,3.2,4.5,G7
254.0,217.3,250.9,127.7,51.2,2.0,2.7,G7
332.0,286.3,217.0,131.1,45.8,4.0,4.4,G7
151.9,103.0,382.8,176.2,38.6,3.5,5.9,G7
400.9,381.3,136.7,112.5,51.3,2.4,2.2,G7
307.2,276.0,126.0,110.4,43.6,2.6,3.3,G7
298.4,274.3,110.8,106.4,44.6,2.4,2.8,G7
257.6,210.6,156.7,112.8,41.7,2.3,4.6,G7
304.3,280.3,115.0,103.1,49.1,2.2,2.5,G7
383.9,360.0,129.7,102.4,47.0,3.3,2.6,G7
473.8,440.1,139.5,106.5,59.6,3.3,1.5,G7
137.9,108.9,371.4,139.2,52.4,1.6,2.9,G7
287.4,267.3,124.2,99.6,46.9,2.0,1.9,G7
431.5,388.0,172.5,116.6,46.1,3.2,2.4,G7
356.1,332.1,107.6,93.9,52.3,2.3,2.8,G7
356.5,329.3,119.0,110.8,54.2,3.1,2.1,G7
335.8,304.6,119.8,96.3,50.4,2.4,2.1,G7
103.6,72.0,418.3,146.7,46.6,2.2,4.0,G7
291.4,265.5,94.4,91.4,41.3,2.1,4.7,G7
385.6,362.0,124.1,104.2,49.7,2.2,1.7,G7
207.2,178.3,180.0,92.2,49.4,2.3,2.8,G7
216.8,166.4,328.7,158.0,51.6,3.8,4.7,G7
345.8,320.0,113.7,124.2,59.1,2.6,3.4,G7
455.8,419.6,107.5,116.2,57.8,2.9,4.5,G7
375.2,346.0,118.5,128.5,55.3,2.6,2.5,G7
350.3,329.1,100.7,94.7,50.2,2.2,2.2,G7
285.7,253.8,242.8,124.1,51.8,2.9,3.4,G7
59.5,29.3,336.3,133.1,52.1,2.3,4.4,G7
351.8,333.8,123.4,121.8,58.8,3.4,3.3,G7
191.4,144.0,416.1,143.6,47.6,2.2,3.1,G7
314.3,283.6,184.1,109.4,59.8,2.4,2.1,G7
322.9,293.9,138.3,123.0,45.9,2.6,3.1,G7
481.5,435.4,116.3,114.9,52.2,2.8,3.4,G7
333.0,299.3,150.2,120.8,45.4,2.2,2.1,G7
421.8,402.4,59.0,91.0,55.8,2.1,1.9,G7
397.5,395.0,6.8,82.7,55.3,3.0,2.8,G7
429.1,407.7,94.6,85.5,55.1,2.1,1.7,G7
343.0,317.4,105.8,74.7,46.2,2.0,1.9,G7
317.8,309.9,95.3,75.2,43.6,1.7,1.8,G7
400.6,379.1,79.2,83.8,51.9,2.2,2.3,G7
392.9,371.6,94.2,96.9,44.4,2.6,3.2,G7
312.5,289.4,136.0,88.0,45.5,2.2,2.4,G7
348.7,330.3,98.5,79.4,47.3,1.6,2.0,G7
350.0,328.2,82.6,83.3,44.3,2.8,2.0,G7
343.0,320.0,88.3,94.7,41.2,3.2,4.6,G7
471.7,448.7,68.1,85.8,54.7,2.7,1.1,G7
407.8,383.8,53.9,70.8,50.4,2.3,2.2,G7
306.7,284.1,98.9,83.1,44.8,2.4,2.7,G7
414.9,394.9,63.6,77.5,45.9,2.5,2.5,G7
463.9,458.3,62.9,112.4,54.2,2.8,2.5,G7
553.6,508.8,70.2,93.5,53.7,3.2,2.7,G7
513.0,473.3,69.7,91.0,53.0,2.7,2.2,G7
499.2,465.9,60.3,95.7,63.9,2.8,2.6,G7
430.7,414.2,68.4,97.0,63.5,2.8,2.8,G7
565.9,521.2,77.4,104.0,52.8,2.1,1.9,G7
489.1,475.8,71.7,88.4,55.3,3.0,3.3,G7
445.7,430.4,77.0,116.9,53.7,3.2,2.3,G7
464.9,446.4,75.7,111.8,55.4,2.2,2.5,G7
399.2,384.3,67.6,84.8,54.9,2.3,1.9,G7
401.3,386.9,80.2,90.8,55.1,4.0,0.0,G7
401.8,400.1,56.4,113.9,54.7,2.7,1.8,G7
505.5,486.0,85.2,124.0,68.8,2.7,2.0,G7
469.9,450.6,109.9,108.6,61.9,3.0,1.9,G7
431.1,411.3,74.8,100.1,54.0,2.5,3.3,G7
568.3,533.2,51.3,94.3,59.5,2.3,1.6,G7
496.9,476.7,66.7,79.6,55.2,3.1,2.6,G7
531.4,505.0,65.5,86.5,53.6,2.6,2.4,G7
563.2,545.8,83.8,94.8,69.0,3.1,1.6,G7
512.8,491.1,112.5,107.9,56.8,2.4,1.8,G7
583.9,571.7,90.8,100.4,72.1,3.6,2.7,G7
484.0,487.1,3.7,103.5,53.9,3.1,3.2,G7
493.9,475.5,97.9,94.7,57.3,3.0,2.4,G7
489.9,494.4,13.4,100.0,54.9,2.0,1.4,G7
630.8,597.6,75.9,92.1,58.2,2.7,1.8,G7
521.0,494.0,90.9,79.5,71.1,3.1,2.2,G7
528.0,502.2,68.4,98.4,65.9,2.9,1.9,G7
602.2,572.2,68.5,107.8,65.8,2.6,2.1,G7
449.9,436.1,92.6,90.1,61.4,2.9,2.2,G7
573.7,550.9,62.0,99.2,66.7,2.3,1.6,G7
517.9,490.2,65.3,78.2,74.6,3.1,1.9,G7
504.2,493.3,58.4,89.2,61.7,2.9,2.9,G7
545.6,530.8,57.7,82.8,59.5,3.5,2.8,G7
576.9,570.1,65.0,90.3,61.4,3.5,3.3,G7
532.3,512.5,56.3,89.2,60.0,3.2,2.7,G7
525.5,510.8,63.4,81.5,58.2,3.4,3.4,G7
551.6,532.7,65.9,82.8,72.1,3.5,1.9,G7
526.5,498.4,65.7,86.7,67.8,2.9,1.6,G7
512.3,504.2,52.9,85.4,63.8,3.6,2.4,G7
538.7,505.1,53.8,75.0,60.4,3.2,2.7,G7
513.4,512.9,71.7,84.8,66.9,3.2,2.5,G7
574.9,549.1,68.1,97.8,67.0,3.4,3.7,G7
540.2,524.6,69.5,82.2,62.8,3.5,1.6,G7
547.6,521.3,81.3,76.3,66.7,2.7,1.9,G7
524.9,491.9,64.6,81.0,75.8,2.9,2.1,G7
496.3,489.6,54.5,75.2,58.1,3.1,2.3,G7
501.5,481.1,66.9,83.5,78.9,3.1,1.7,G7
518.4,510.5,52.8,85.4,81.8,3.3,1.9,G7
578.7,570.6,63.1,92.5,86.2,3.8,1.6,G7
558.4,535.9,55.5,87.8,67.5,4.6,2.5,G7
582.9,550.6,49.5,93.4,70.4,3.5,2.7,G7
488.2,469.3,71.9,86.5,59.0,3.0,2.3,G7
554.1,536.9,57.0,97.4,50.4,4.1,4.4,G7
545.7,518.0,68.0,84.4,78.2,3.3,1.7,G7
511.3,495.9,54.8,89.1,48.1,3.1,4.2,G7
502.9,471.7,63.4,76.9,72.3,2.6,1.6,G7
545.3,522.7,58.2,85.2,66.1,2.9,2.0,G7
529.3,492.4,61.0,86.6,57.6,3.2,3.2,G7
575.5,541.3,77.0,92.7,78.2,2.6,1.4,G7
638.8,617.6,61.1,99.4,66.0,2.4,1.7,G7
602.5,585.8,73.7,78.8,74.4,2.3,1.4,G7
613.0,592.0,67.7,81.9,62.4,3.1,1.6,G7
643.1,618.6,72.2,91.3,65.8,3.5,1.7,G7
440.2,439.6,64.4,70.0,52.2,3.1,2.1,G7
517.3,514.1,81.6,80.6,54.5,3.2,4.1,G7
552.3,524.4,72.9,73.1,74.3,2.6,1.4,G7
672.6,647.8,79.4,86.4,71.2,3.3,1.9,G7
684.1,660.6,50.1,96.4,72.9,3.6,2.7,G7
597.4,581.1,57.7,76.4,67.2,2.7,1.6,G7
536.9,520.8,53.2,70.1,65.7,2.9,1.8,G7
513.0,502.7,63.3,79.3,81.0,3.6,1.9,G7
553.8,545.5,85.4,89.9,81.6,4.5,2.6,G7
578.2,556.2,59.4,73.7,70.2,3.0,1.9,G7
398.6,407.2,62.3,67.6,57.1,3.5,2.6,G7
596.4,580.8,61.5,82.2,78.0,3.3,2.0,G7
797.2,768.3,76.8,114.8,73.9,3.7,3.7,G7
614.0,595.1,68.4,83.9,73.9,3.7,2.6,G7
563.0,560.6,65.1,86.6,75.5,4.1,3.7,G7
342.8,326.8,49.4,50.9,42.7,2.3,1.7,G7
593.5,585.0,65.3,88.6,69.1,3.5,2.4,G7
625.6,617.0,72.9,91.1,62.4,3.8,2.5,G7
578.5,545.3,67.7,86.4,70.5,3.4,2.3,G7
633.5,614.9,84.7,83.3,75.2,3.3,2.1,G7
449.4,452.5,63.2,67.4,61.5,2.9,2.3,G7
660.1,648.2,83.6,83.7,72.0,3.2,2.4,G7
606.2,587.4,83.1,87.2,71.1,3.0,2.7,G7
665.3,647.1,88.5,96.9,57.1,3.2,2.4,G7
608.8,617.6,75.1,86.5,61.4,2.4,1.8,G7
572.6,571.6,48.5,85.9,58.5,2.8,1.8,G7
659.3,653.6,68.5,101.2,60.0,2.7,2.2,G7
41.4,8.3,187.6,170.3,134.0,10.6,22.3,Grenache
55.2,9.6,228.4,194.3,152.0,10.6,14.8,Grenache
50.2,11.0,242.5,200.6,140.3,11.3,19.5,Grenache
54.1,11.3,220.6,183.2,147.3,11.0,17.6,Grenache
51.3,14.0,206.1,142.5,128.7,7.6,11.1,Grenache
57.4,15.1,201.9,195.6,138.7,13.6,23.2,Grenache
63.0,15.9,226.5,215.3,131.7,11.3,19.6,Grenache
55.8,16.1,192.6,204.6,137.8,13.5,28.5,Grenache
43.6,10.6,237.3,130.1,136.6,8.0,12.4,Grenache
52.8,12.3,293.2,150.3,180.5,5.5,15.2,Grenache
54.4,12.0,290.7,161.2,139.9,7.7,16.7,Grenache
39.8,15.3,169.5,226.1,165.4,16.1,36.8,Grenache
40.0,13.0,185.9,204.1,159.3,14.3,27.4,Grenache
45.0,15.2,216.8,253.8,170.1,15.0,33.8,Grenache
37.7,12.8,197.4,206.0,154.7,14.7,32.8,Grenache
58.1,21.1,203.4,166.3,159.5,14.1,23.6,Grenache
69.9,21.0,203.6,157.4,157.8,14.6,24.7,Grenache
66.1,21.5,182.3,150.4,132.4,11.0,17.4,Grenache
67.4,23.4,192.8,199.0,138.7,14.1,24.7,Grenache
70.3,18.1,224.0,176.1,146.0,14.7,27.4,Grenache
61.8,17.0,195.6,217.3,171.3,11.9,24.7,Grenache
87.2,29.6,216.9,156.1,139.1,6.5,15.3,Grenache
91.7,25.9,221.7,189.8,149.1,9.5,22.8,Grenache
64.7,19.9,184.3,120.4,104.3,5.2,11.1,Grenache
61.9,16.1,188.8,218.7,178.6,13.5,32.7,Grenache
49.9,11.2,224.8,169.1,145.5,11.9,31.3,Grenache
52.5,12.1,273.9,205.1,185.0,17.1,41.9,Grenache
32.7,8.2,145.0,123.3,122.1,9.8,18.9,Grenache
63.2,18.0,200.0,157.8,170.4,9.3,15.0,Grenache
76.4,22.6,196.3,165.8,135.2,8.6,17.7,Grenache
65.0,15.7,217.5,199.2,138.9,11.5,23.7,Grenache
41.0,11.6,139.5,105.8,110.9,7.3,15.0,Grenache
62.0,19.6,215.3,191.8,153.3,13.9,24.9,Grenache
56.0,19.0,180.7,163.6,127.3,10.9,21.4,Grenache
97.5,45.9,148.3,182.2,121.1,11.1,30.5,Grenache
215.1,136.8,174.4,181.9,162.8,13.9,19.6,Grenache
35.6,10.6,121.2,90.8,89.6,6.6,11.0,Grenache
121.7,49.5,175.3,208.0,140.2,10.6,18.4,Grenache
65.5,18.3,213.5,218.8,168.8,15.1,21.1,Grenache
44.7,14.0,129.1,100.7,97.0,6.7,12.1,Grenache
87.4,28.9,171.9,194.5,132.7,11.3,27.3,Grenache
72.3,25.0,190.2,202.2,154.6,12.5,19.3,Grenache
81.5,36.1,200.0,238.0,165.7,22.2,68.4,Grenache
80.4,38.4,195.4,251.9,174.5,14.9,28.4,Grenache
57.2,24.5,175.2,209.8,156.1,13.6,20.8,Grenache
289.5,269.5,54.5,144.4,186.0,9.4,18.5,Grenache
166.9,119.2,141.6,159.6,126.5,10.6,19.5,Grenache
127.2,91.3,130.3,98.4,87.9,7.6,13.8,Grenache
278.2,243.0,45.5,83.5,122.7,4.9,7.6,Grenache
173.5,135.2,103.1,141.6,141.9,9.2,18.1,Grenache
286.4,267.6,24.9,102.2,152.6,6.7,10.3,Grenache
104.0,58.3,180.8,171.1,144.8,15.7,37.4,Grenache
72.7,34.3,195.3,171.2,116.7,13.0,34.6,Grenache
311.5,289.4,25.2,92.5,161.2,6.6,9.2,Grenache
87.7,46.7,145.0,199.1,102.3,10.5,29.9,Grenache
260.0,213.8,99.1,148.6,129.9,5.8,14.1,Grenache
333.1,290.9,68.7,128.6,174.3,8.3,15.4,Grenache
257.7,225.4,42.3,101.2,115.3,6.6,10.5,Grenache
127.1,86.7,156.7,192.0,121.4,12.4,35.4,Grenache
139.8,109.6,113.4,123.6,123.1,13.3,25.5,Grenache
455.5,412.6,21.5,75.3,165.5,6.3,2.1,Grenache
503.0,463.0,16.0,77.9,177.4,6.8,8.2,Grenache
366.8,343.1,19.5,76.1,141.0,6.4,6.1,Grenache
358.1,323.9,33.8,119.5,152.5,9.8,14.9,Grenache
279.3,248.4,37.3,86.3,126.3,11.3,17.3,Grenache
427.3,396.9,28.8,85.7,178.2,8.4,8.0,Grenache
452.3,422.2,20.2,126.5,240.6,9.0,11.2,Grenache
558.4,519.0,25.4,99.9,204.1,9.2,6.3,Grenache
322.8,286.8,33.9,123.5,148.5,14.2,26.2,Grenache
574.0,531.5,28.6,96.3,220.4,9.2,7.1,Grenache
405.3,381.1,42.1,92.9,186.6,11.1,18.8,Grenache
583.7,536.3,18.8,100.8,215.9,12.1,8.5,Grenache
356.7,319.9,37.6,113.8,161.6,13.0,24.3,Grenache
287.5,258.3,40.6,99.4,142.3,13.7,25.7,Grenache
397.2,372.0,21.8,109.8,200.1,8.8,9.6,Grenache
449.0,426.7,1.2,78.0,121.6,5.3,6.6,Grenache
389.5,378.2,0.6,69.2,129.6,6.4,6.0,Grenache
407.3,385.2,1.8,62.5,119.2,6.4,3.2,Grenache
457.7,431.9,13.1,74.6,159.5,6.2,5.1,Grenache
425.4,405.8,0.6,68.0,132.6,5.8,4.9,Grenache
466.4,436.3,19.9,72.2,164.7,6.8,5.7,Grenache
378.3,355.6,4.2,68.1,123.7,5.7,6.1,Grenache
453.0,427.2,6.1,73.3,158.8,7.4,7.1,Grenache
428.5,397.9,11.5,64.9,136.7,5.4,3.6,Grenache
391.0,378.8,17.0,75.8,136.0,9.7,13.9,Grenache
504.4,461.5,0.0,77.4,159.9,5.7,4.5,Grenache
363.6,352.7,1.8,77.4,127.3,9.1,11.7,Grenache
436.6,407.1,2.4,68.1,135.5,6.2,5.8,Grenache
611.0,555.2,1.8,97.5,183.7,6.9,5.0,Grenache
405.9,392.2,3.0,79.0,139.0,6.9,11.7,Grenache
423.5,410.9,4.4,61.2,161.6,5.7,3.6,Grenache
558.6,526.2,17.9,104.2,229.9,13.3,24.0,Grenache
366.8,360.5,0.6,54.0,121.3,4.8,4.0,Grenache
390.8,367.9,8.1,71.6,157.2,7.8,10.4,Grenache
397.4,387.4,2.7,52.1,128.3,5.4,5.5,Grenache
477.6,454.7,12.8,76.7,185.2,8.6,13.5,Grenache
392.1,378.0,1.8,54.8,143.2,4.8,3.0,Grenache
484.3,461.9,4.3,74.2,208.6,6.3,4.5,Grenache
373.8,360.8,4.4,51.4,134.9,5.1,3.6,Grenache
448.0,432.2,1.2,64.6,183.3,6.2,5.6,Grenache
352.1,341.5,3.1,49.6,126.3,4.4,2.1,Grenache
308.2,306.2,4.7,42.1,113.2,6.3,5.7,Grenache
427.0,414.0,2.6,67.4,182.0,6.5,4.3,Grenache
338.2,318.7,8.3,68.0,154.6,6.4,7.7,Grenache
314.4,298.2,7.0,57.2,127.9,5.4,6.3,Grenache
393.3,380.5,1.2,43.6,118.8,5.8,7.8,Grenache
330.7,326.2,1.2,40.4,119.9,4.9,3.7,Grenache
360.2,353.4,2.5,42.2,110.5,5.6,11.1,Grenache
545.7,520.6,7.2,91.2,176.5,11.0,9.2,Grenache
409.7,406.0,3.7,52.2,148.4,6.3,6.7,Grenache
479.7,456.7,6.0,80.9,153.8,8.1,3.6,Grenache
417.2,408.6,0.0,49.2,126.4,5.1,7.1,Grenache
285.7,284.4,0.0,35.9,99.9,4.3,2.1,Grenache
281.6,273.0,0.0,38.5,94.8,4.9,3.0,Grenache
352.8,347.3,0.0,46.8,114.7,5.9,2.1,Grenache
359.1,352.5,0.6,42.3,116.3,5.1,10.3,Grenache
240.8,235.9,3.0,31.7,87.3,4.8,6.5,Grenache
375.6,367.5,2.5,44.4,127.1,5.1,6.9,Grenache
411.0,404.0,2.1,50.7,138.0,7.7,11.5,Grenache
548.5,515.9,0.0,77.6,178.2,7.8,7.7,Grenache
281.4,276.2,2.6,30.2,76.3,5.3,3.0,Grenache
598.7,557.5,6.6,69.5,214.9,8.1,5.7,Grenache
479.2,459.9,0.6,58.7,144.3,9.0,8.3,Grenache
285.0,279.1,0.0,30.4,75.2,5.0,4.3,Grenache
386.1,379.1,0.6,44.0,109.4,8.3,9.2,Grenache
497.7,459.9,0.0,67.3,144.8,5.2,4.5,Grenache
462.0,440.5,8.4,61.3,185.8,6.1,8.3,Grenache
309.5,304.6,5.4,37.8,119.7,3.9,6.7,Grenache
429.7,411.7,0.0,54.1,126.8,5.3,5.9,Grenache
326.0,310.9,0.0,38.8,86.9,4.1,5.7,Grenache
370.0,359.4,5.8,47.1,134.4,0.8,0.4,Grenache
441.3,431.5,2.4,51.8,125.1,2.2,0.7,Grenache
351.3,334.9,0.0,43.2,99.3,5.3,8.2,Grenache
427.6,402.2,4.3,48.8,150.2,4.4,3.9,Grenache
75.0,15.2,330.9,199.9,26.9,2.1,5.1,Grenache
85.6,14.7,361.7,252.1,28.7,2.5,4.0,Grenache
83.1,18.5,305.2,235.0,29.1,2.6,6.7,Grenache
88.8,19.6,325.5,267.6,29.9,2.8,5.8,Grenache
79.8,15.9,307.5,213.0,27.7,1.8,4.4,Grenache
86.2,14.2,381.7,257.2,27.0,2.2,4.8,Grenache
81.0,14.0,355.1,248.1,28.4,2.5,5.8,Grenache
61.8,11.8,317.1,237.6,31.8,2.0,6.6,Grenache
65.5,13.4,295.7,248.4,32.2,1.9,5.8,Grenache
95.8,16.4,281.7,250.6,31.5,1.6,4.1,Grenache
83.1,14.3,342.4,218.3,33.6,1.9,5.3,Grenache
81.7,14.4,347.1,232.1,30.3,2.4,5.6,Grenache
83.7,14.5,348.6,249.9,29.0,2.0,5.2,Grenache
100.7,21.4,335.4,222.3,31.4,2.2,3.9,Grenache
88.7,18.8,301.2,185.8,28.7,1.6,3.8,Grenache
254.2,120.8,289.5,199.6,28.8,3.3,4.5,Grenache
73.0,17.8,261.2,189.8,29.1,3.8,3.8,Grenache
126.8,33.0,381.6,150.7,29.0,6.0,3.9,Grenache
87.8,24.9,286.7,248.4,31.7,5.4,9.5,Grenache
85.8,16.2,353.2,176.1,27.8,4.6,4.7,Grenache
56.5,33.1,170.9,205.2,26.8,4.5,6.7,Grenache
74.1,16.7,315.4,191.7,39.2,4.4,4.0,Grenache
104.6,32.4,254.7,209.0,33.6,7.1,9.0,Grenache
104.6,40.9,304.2,212.2,29.0,7.9,5.6,Grenache
103.5,19.4,366.6,222.0,25.7,12.2,5.0,Grenache
69.5,14.6,340.8,206.2,36.7,4.0,3.3,Grenache
77.4,21.8,236.3,199.6,26.2,2.8,8.1,Grenache
98.3,26.3,311.5,220.4,31.3,3.6,8.6,Grenache
69.5,22.9,236.9,239.5,32.8,4.5,9.1,Grenache
108.5,42.1,249.8,213.7,27.8,2.9,5.6,Grenache
95.0,16.6,434.7,207.7,37.5,1.5,3.3,Grenache
84.7,17.5,295.6,182.3,27.7,2.0,3.8,Grenache
119.2,31.2,303.9,213.5,28.4,1.9,3.8,Grenache
41.1,9.9,306.8,158.1,35.4,2.2,4.5,Grenache
84.3,29.4,259.9,221.0,31.4,3.4,10.2,Grenache
101.1,19.5,394.3,190.8,29.0,3.6,4.9,Grenache
86.8,13.9,363.8,204.1,26.3,2.5,4.8,Grenache
106.6,22.5,341.7,192.1,30.1,2.3,4.2,Grenache
85.6,20.2,255.1,217.1,28.3,2.5,4.7,Grenache
80.2,14.8,395.0,223.7,41.7,2.8,3.9,Grenache
40.9,27.6,181.6,237.2,30.4,2.5,6.1,Grenache
56.7,10.0,244.2,105.6,33.8,2.4,4.4,Grenache
71.4,15.5,336.0,226.8,29.9,2.8,5.5,Grenache
104.9,23.0,318.2,223.7,32.1,2.4,4.6,Grenache
92.4,19.0,333.0,183.9,29.5,1.5,3.9,Grenache
219.0,161.5,181.4,168.4,44.1,2.5,3.6,Grenache
234.7,163.9,184.5,148.2,28.6,2.3,4.9,Grenache
53.2,13.3,360.2,177.5,37.7,2.2,4.4,Grenache
392.3,332.3,101.9,106.7,40.4,1.6,2.5,Grenache
444.6,380.7,89.1,125.2,44.3,2.8,3.1,Grenache
114.2,83.3,167.2,208.7,41.0,3.1,6.7,Grenache
83.6,34.3,272.3,199.1,44.0,2.7,5.8,Grenache
232.9,153.4,215.2,153.1,33.7,3.0,5.4,Grenache
328.9,248.1,210.4,128.6,34.1,2.3,3.4,Grenache
414.3,319.8,146.4,124.6,33.2,2.4,2.8,Grenache
393.5,318.4,161.0,105.6,36.1,1.7,1.6,Grenache
189.3,144.1,175.5,190.7,40.5,3.0,4.9,Grenache
320.1,272.6,150.6,149.3,44.9,1.9,2.1,Grenache
330.9,277.6,127.4,125.1,38.9,1.8,2.0,Grenache
382.8,306.6,166.6,107.8,35.5,1.5,2.3,Grenache
55.4,14.6,313.9,173.2,36.9,1.2,3.9,Grenache
491.1,425.3,81.5,132.9,44.6,2.5,3.6,Grenache
330.0,281.4,134.1,149.7,49.2,3.2,4.1,Grenache
279.1,226.4,161.3,171.5,44.3,3.9,6.5,Grenache
361.2,283.5,210.8,128.3,36.6,2.3,3.5,Grenache
266.4,188.0,191.1,151.3,31.3,2.1,3.3,Grenache
175.0,119.2,245.6,196.2,45.3,4.3,6.3,Grenache
376.0,299.7,115.9,106.9,29.4,1.6,1.8,Grenache
100.4,62.9,201.6,218.5,41.0,2.9,6.6,Grenache
468.2,406.4,89.8,136.7,43.1,2.6,2.8,Grenache
150.7,62.6,306.6,185.5,27.9,1.6,4.0,Grenache
90.1,32.5,259.4,200.7,28.8,2.9,4.6,Grenache
391.7,323.9,172.7,147.6,45.4,2.1,2.1,Grenache
127.7,62.9,285.8,205.2,38.7,2.4,4.9,Grenache
451.2,387.6,94.3,156.1,46.1,3.0,3.2,Grenache
408.6,333.3,152.0,129.5,39.6,2.2,3.1,Grenache
318.2,259.6,101.7,175.2,32.7,3.2,5.1,Grenache
590.6,505.7,133.5,114.2,54.9,2.2,1.9,Grenache
432.3,378.6,89.6,167.7,40.7,2.5,3.1,Grenache
287.8,235.6,149.5,210.7,41.4,3.2,4.9,Grenache
473.8,409.7,62.1,131.8,39.1,3.1,3.6,Grenache
649.2,555.2,89.9,128.5,37.4,2.2,2.2,Grenache
450.6,377.4,172.6,157.1,46.2,2.8,2.8,Grenache
554.2,487.7,81.2,141.3,46.2,2.7,2.9,Grenache
443.7,358.4,223.5,183.2,44.7,2.6,3.2,Grenache
517.5,453.2,70.4,134.8,46.7,3.0,4.7,Grenache
693.9,615.1,50.4,137.2,48.9,3.4,4.4,Grenache
550.1,466.6,81.8,143.9,42.0,2.3,2.9,Grenache
638.1,536.9,83.3,130.6,37.3,2.2,2.8,Grenache
610.8,529.0,58.7,126.3,38.1,3.2,4.0,Grenache
535.6,480.1,75.4,102.6,46.4,2.9,3.3,Grenache
591.1,526.2,72.7,120.1,48.4,2.0,2.0,Grenache
434.2,385.3,113.2,120.4,51.6,2.5,3.2,Grenache
506.8,446.8,78.8,111.1,38.4,2.3,2.1,Grenache
550.5,487.7,72.1,120.0,45.7,2.4,2.5,Grenache
551.6,473.9,50.5,89.3,45.0,2.6,2.1,Grenache
476.5,420.4,68.9,101.4,43.9,2.4,2.6,Grenache
585.0,504.9,58.9,101.0,40.2,3.3,3.2,Grenache
558.1,492.5,99.8,118.6,55.5,3.3,2.7,Grenache
563.5,508.8,72.1,126.3,52.9,3.5,4.1,Grenache
491.9,443.9,55.1,110.9,52.1,2.7,2.8,Grenache
616.0,536.2,69.8,100.0,43.9,2.2,2.2,Grenache
524.0,484.8,1.1,113.2,46.3,2.1,2.5,Grenache
501.2,434.5,65.1,90.0,43.4,1.7,2.8,Grenache
477.4,416.2,75.3,107.1,41.4,2.0,3.4,Grenache
527.1,467.9,43.4,104.9,51.9,3.5,3.4,Grenache
547.0,483.7,56.3,103.4,50.2,3.8,4.7,Grenache
643.9,557.2,23.8,121.0,34.5,3.9,5.0,Grenache
546.7,472.6,33.8,106.7,42.9,2.0,3.1,Grenache
681.3,590.8,21.8,108.5,38.7,3.4,6.0,Grenache
660.7,572.6,33.2,94.5,45.2,3.0,3.7,Grenache
566.2,492.7,31.2,102.5,36.9,3.3,5.1,Grenache
573.6,513.5,31.8,118.8,40.8,2.3,4.4,Grenache
716.6,629.2,42.9,101.9,51.0,2.9,3.4,Grenache
457.5,426.6,54.3,122.4,37.1,2.0,3.0,Grenache
566.1,490.6,31.8,110.5,35.9,2.4,3.0,Grenache
670.3,589.6,34.5,121.5,40.1,3.0,3.0,Grenache
647.8,568.9,30.5,98.9,43.5,3.3,5.0,Grenache
596.1,523.8,44.0,108.0,52.2,2.2,2.5,Grenache
754.6,702.1,20.7,129.7,46.6,2.7,4.4,Grenache
863.6,783.5,30.3,115.8,54.4,3.9,3.2,Grenache
601.3,544.1,27.4,99.2,45.7,3.2,2.3,Grenache
788.8,706.6,36.2,102.8,57.8,3.1,3.6,Grenache
552.6,496.9,50.8,93.2,41.4,1.7,2.9,Grenache
612.9,540.3,29.0,100.3,41.9,2.8,3.8,Grenache
610.5,545.0,28.6,92.5,40.3,3.2,3.9,Grenache
705.5,628.8,33.2,103.4,46.2,3.1,2.8,Grenache
698.3,617.7,37.0,96.1,55.4,2.8,2.0,Grenache
666.2,597.4,40.9,109.1,47.8,2.9,3.2,Grenache
495.9,437.0,70.3,99.7,39.6,2.0,2.7,Grenache
654.0,579.2,44.7,102.5,45.8,2.8,4.1,Grenache
630.8,551.0,26.1,99.8,37.2,2.7,3.1,Grenache
645.7,567.4,22.8,99.6,40.6,2.5,2.8,Grenache
644.8,579.1,25.1,101.2,40.2,2.7,2.9,Grenache
653.9,571.6,40.3,89.7,60.3,3.0,2.6,Grenache
843.0,763.7,16.9,115.6,55.1,3.4,2.4,Grenache
755.1,671.5,32.3,103.8,48.8,2.6,2.9,Grenache
457.2,441.4,66.4,79.0,48.9,2.5,2.5,Grenache
407.3,391.4,86.5,87.4,36.2,2.6,2.5,Grenache
493.3,484.0,73.8,87.1,50.6,3.6,3.2,Grenache
419.1,420.3,3.5,91.2,58.2,2.7,2.6,Grenache
398.6,385.6,75.7,77.9,58.3,3.1,2.4,Grenache
722.2,675.3,37.0,97.0,38.5,2.8,2.0,Grenache
427.0,412.2,76.0,87.1,53.4,3.4,3.6,Grenache
692.4,621.3,48.8,94.2,44.9,1.6,1.8,Grenache
582.1,555.2,63.6,86.0,65.2,2.6,2.4,Grenache
786.6,707.3,18.9,100.7,50.9,2.8,2.2,Grenache
770.2,691.9,21.7,95.7,46.5,2.7,1.8,Grenache
489.6,487.9,1.7,75.8,44.1,3.3,2.3,Grenache
455.7,435.9,54.4,86.2,54.8,2.8,2.6,Grenache
651.8,581.2,15.1,82.0,34.0,2.3,4.9,Grenache
636.1,574.2,27.4,92.8,56.0,3.4,3.0,Grenache
714.5,624.8,24.1,78.3,44.2,2.1,1.6,Grenache
739.3,672.4,25.3,90.8,53.4,3.0,3.6,Grenache
677.1,608.8,6.2,89.0,43.5,3.1,5.7,Grenache
722.9,662.6,10.1,85.6,41.2,3.1,8.0,Grenache
676.7,598.0,26.8,92.4,60.4,3.0,2.7,Grenache
683.4,618.9,10.5,100.1,44.2,3.6,4.7,Grenache
706.9,636.7,17.8,97.6,45.3,2.5,1.6,Grenache
773.3,697.9,9.0,97.3,43.4,2.9,6.9,Grenache
688.0,608.3,18.2,94.5,42.4,3.0,2.3,Grenache
744.5,664.1,5.3,99.0,45.1,2.7,5.5,Grenache
789.0,714.0,18.5,92.5,47.6,2.9,2.3,Grenache
729.8,651.6,5.1,89.9,48.6,3.1,4.3,Grenache
693.3,631.1,18.9,87.5,54.4,3.2,3.1,Grenache
614.2,547.8,23.6,101.2,46.7,4.4,8.1,Grenache
631.2,578.2,13.4,97.0,44.6,3.2,4.5,Grenache
706.8,642.7,35.5,84.5,57.2,2.6,3.5,Grenache
715.8,637.5,25.4,87.3,50.2,3.3,2.9,Grenache
703.9,642.1,3.3,97.8,41.0,2.4,3.8,Grenache
566.5,503.2,16.4,83.7,42.3,2.2,3.8,Grenache
880.7,783.3,48.8,111.1,51.8,3.1,3.0,Grenache
888.9,823.9,42.5,121.2,45.9,3.4,5.8,Grenache
869.9,767.6,46.2,133.1,52.2,3.7,6.0,Grenache
729.2,660.7,28.1,99.4,48.1,3.8,4.6,Grenache
727.9,669.1,36.2,93.3,45.1,2.4,2.6,Grenache
807.3,722.4,35.3,83.9,44.8,2.7,2.5,Grenache
755.5,668.6,35.3,82.0,45.4,2.5,2.1,Grenache
751.5,670.7,48.1,84.6,52.8,2.6,2.3,Grenache
777.8,694.0,27.2,89.8,48.0,3.4,3.6,Grenache
729.8,667.1,28.6,96.7,62.6,2.8,2.5,Grenache
810.2,695.8,28.1,86.9,44.2,2.8,2.2,Grenache
757.2,687.2,33.2,87.9,47.7,3.2,2.7,Grenache
729.1,650.2,3.9,97.7,35.3,3.1,5.0,Grenache
720.1,663.9,39.2,89.1,69.3,3.3,2.1,Grenache
787.0,712.7,8.6,95.8,43.1,3.5,4.6,Grenache
755.0,673.5,26.7,92.5,53.2,3.2,3.0,Grenache
728.8,645.7,24.8,82.4,39.1,2.6,3.1,Grenache
802.8,699.7,26.2,87.8,42.5,3.0,2.6,Grenache
813.9,762.8,5.5,87.1,46.8,3.2,2.4,Grenache
840.3,757.1,6.2,93.8,45.4,3.5,5.7,Grenache
783.0,710.6,35.5,95.6,50.6,3.3,3.3,Grenache
832.7,749.7,28.1,101.3,51.8,2.4,2.9,Grenache
921.9,837.3,34.6,102.6,49.6,2.6,2.9,Grenache
870.0,790.6,14.7,101.3,41.8,3.3,5.8,Grenache
43.8,14.3,436.7,273.1,54.8,4.7,7.7,Merlot
57.9,20.9,387.2,263.7,50.2,4.6,6.7,Merlot
58.7,16.0,407.3,282.7,51.7,3.2,5.6,Merlot
53.3,14.8,402.6,271.4,49.1,3.4,5.0,Merlot
44.2,14.5,411.0,283.0,56.6,3.6,5.5,Merlot
49.8,13.9,370.0,261.7,40.1,3.1,4.8,Merlot
47.8,13.3,366.1,290.3,38.2,3.6,6.0,Merlot
56.1,13.5,457.0,262.5,47.7,3.7,4.3,Merlot
60.2,13.4,368.7,288.2,44.1,3.9,7.3,Merlot
56.4,16.7,408.8,220.6,57.2,3.3,4.3,Merlot
56.8,19.0,416.0,225.0,57.1,2.4,5.4,Merlot
59.5,15.4,411.5,234.7,52.9,3.8,5.5,Merlot
63.0,21.5,440.7,231.4,63.4,3.1,4.0,Merlot
51.8,18.0,358.7,274.1,52.5,6.0,6.2,Merlot
55.2,13.3,403.9,259.1,40.5,2.3,4.0,Merlot
253.7,171.9,324.3,226.7,34.4,1.9,2.5,Merlot
58.4,18.0,365.5,239.2,37.8,2.4,3.6,Merlot
37.5,12.7,196.9,115.1,46.9,2.4,4.3,Merlot
58.5,18.7,290.2,224.5,43.8,3.6,4.6,Merlot
45.6,15.2,387.8,200.6,49.5,4.5,3.9,Merlot
49.4,19.4,327.2,197.4,58.4,2.6,3.5,Merlot
38.2,10.7,337.1,187.7,38.7,2.9,3.3,Merlot
46.8,12.4,373.2,205.2,37.8,3.5,4.2,Merlot
94.7,47.6,373.6,192.9,60.0,1.6,3.6,Merlot
49.4,13.8,396.3,195.5,44.8,3.0,3.7,Merlot
39.3,10.9,289.9,177.5,30.1,1.5,2.7,Merlot
34.4,13.0,217.0,119.9,54.9,1.4,2.7,Merlot
42.8,11.6,302.1,184.0,33.2,1.7,2.9,Merlot
46.5,16.1,300.6,168.8,42.6,1.7,3.0,Merlot
52.1,15.0,354.3,192.9,44.7,2.7,4.8,Merlot
40.6,13.9,248.1,200.9,39.6,3.8,5.9,Merlot
26.7,9.5,322.6,171.9,41.3,3.5,3.2,Merlot
52.6,14.1,407.9,227.2,40.6,3.9,5.5,Merlot
73.7,27.6,370.6,209.8,55.4,1.9,3.6,Merlot
83.9,38.5,378.8,222.2,62.1,5.1,4.0,Merlot
73.4,22.0,422.6,329.4,57.0,5.8,8.7,Merlot
43.2,12.3,348.5,224.0,42.4,4.1,6.2,Merlot
57.5,18.2,362.4,219.3,56.7,3.7,4.1,Merlot
51.8,17.8,416.1,227.5,53.1,3.7,4.3,Merlot
51.2,14.5,307.4,238.0,39.0,2.8,5.0,Merlot
91.0,38.3,346.3,238.9,57.5,3.9,3.6,Merlot
64.7,16.9,450.9,229.7,60.1,2.8,4.5,Merlot
71.6,20.8,371.9,231.9,42.9,3.8,4.5,Merlot
56.5,21.7,327.0,246.6,45.0,4.5,6.5,Merlot
43.6,11.5,407.0,211.7,44.7,4.1,5.5,Merlot
101.3,58.2,363.2,193.1,41.6,2.7,3.9,Merlot
174.0,129.5,256.7,207.2,47.5,3.8,6.2,Merlot
286.7,244.8,148.5,139.8,52.0,2.5,2.2,Merlot
155.6,115.4,267.9,172.0,64.9,4.2,5.0,Merlot
73.1,29.6,307.1,217.6,41.8,5.3,6.0,Merlot
73.8,38.3,326.0,197.6,55.0,5.0,4.6,Merlot
58.2,21.3,338.2,191.6,42.3,2.5,2.9,Merlot
56.0,16.4,358.4,238.1,35.3,4.9,12.0,Merlot
80.7,22.5,338.0,246.8,41.8,5.5,8.8,Merlot
79.2,25.9,357.8,227.3,44.7,3.7,6.1,Merlot
67.6,19.1,343.3,257.0,34.4,5.1,9.0,Merlot
78.3,31.3,361.7,189.7,45.4,3.4,5.0,Merlot
63.1,19.4,300.3,236.9,34.2,4.3,4.9,Merlot
49.5,14.8,314.5,208.1,41.9,5.5,5.6,Merlot
84.3,28.5,439.1,240.7,48.3,2.7,4.2,Merlot
405.9,345.5,185.7,172.9,53.9,2.6,3.2,Merlot
66.2,31.3,371.8,221.3,55.6,5.2,4.5,Merlot
54.3,22.3,396.1,220.4,55.0,4.3,4.3,Merlot
384.9,331.3,157.5,143.0,58.1,2.7,2.5,Merlot
42.9,21.6,355.2,194.1,56.1,4.8,5.4,Merlot
63.9,23.7,371.1,189.8,48.5,6.0,7.5,Merlot
337.4,291.5,106.7,110.5,39.6,2.1,1.9,Merlot
52.6,23.5,351.5,199.0,49.9,4.4,4.2,Merlot
374.8,324.4,127.3,133.9,51.5,3.3,3.1,Merlot
56.0,21.8,321.0,178.9,40.9,3.1,3.4,Merlot
43.7,16.4,360.1,175.8,53.0,3.6,3.5,Merlot
63.4,23.5,374.4,183.2,42.7,2.5,4.7,Merlot
41.8,13.8,374.6,207.1,59.9,5.0,7.0,Merlot
69.2,30.7,351.2,189.5,46.7,4.4,5.2,Merlot
58.8,17.2,323.2,207.9,42.5,5.2,7.2,Merlot
465.0,423.8,115.1,137.0,65.7,2.9,1.8,Merlot
320.2,275.6,174.9,170.5,61.5,3.8,3.4,Merlot
472.7,431.1,120.1,141.5,55.4,3.1,2.7,Merlot
359.1,321.5,132.0,135.9,57.2,3.7,3.2,Merlot
417.7,379.0,126.7,141.8,73.0,3.7,2.7,Merlot
435.4,394.0,136.3,148.8,69.8,2.9,3.1,Merlot
527.3,509.8,15.1,142.6,74.4,2.7,2.6,Merlot
138.6,97.8,281.8,204.7,56.6,5.1,6.6,Merlot
398.0,356.3,130.6,161.8,64.1,5.3,4.6,Merlot
529.3,476.3,64.5,125.2,61.3,2.6,2.8,Merlot
530.2,499.9,14.7,119.8,64.4,3.2,2.4,Merlot
201.6,150.3,236.0,184.1,51.4,5.0,5.9,Merlot
466.5,428.9,117.1,163.9,64.5,5.4,4.8,Merlot
86.3,44.2,300.8,215.5,50.9,5.1,8.3,Merlot
542.6,476.6,70.8,136.6,52.4,5.0,5.1,Merlot
510.1,449.7,157.9,181.5,59.4,3.5,3.8,Merlot
545.4,496.4,129.8,166.2,62.9,4.7,4.4,Merlot
449.7,403.1,161.9,165.6,69.1,4.1,3.9,Merlot
519.9,467.4,89.8,134.6,56.0,3.1,2.8,Merlot
389.7,355.5,135.5,146.5,57.6,4.4,5.8,Merlot
498.6,445.1,80.8,136.9,56.0,3.5,2.6,Merlot
321.8,285.2,130.7,132.7,62.4,2.4,2.8,Merlot
343.2,309.3,124.1,119.5,51.4,2.5,2.0,Merlot
362.8,323.4,127.0,124.9,60.2,3.8,3.0,Merlot
329.5,279.4,175.7,180.0,50.7,4.0,4.5,Merlot
319.3,274.6,202.1,192.4,53.7,4.0,3.5,Merlot
249.6,205.5,154.2,158.0,53.5,6.1,7.9,Merlot
263.4,219.1,205.6,137.6,62.3,2.7,3.3,Merlot
407.6,360.5,131.9,130.2,64.1,3.2,3.8,Merlot
417.7,382.0,90.2,142.4,65.3,4.6,2.8,Merlot
469.1,425.5,58.9,117.1,65.2,3.4,2.7,Merlot
407.6,357.7,155.6,145.8,47.6,3.0,3.0,Merlot
264.6,254.5,5.0,75.6,63.2,3.4,2.5,Merlot
478.9,442.5,60.0,124.2,63.6,5.8,3.0,Merlot
499.0,453.7,75.8,150.2,53.7,3.1,1.9,Merlot
570.6,513.5,64.8,155.0,56.4,4.3,3.8,Merlot
511.3,462.8,55.4,103.2,57.6,2.5,2.8,Merlot
512.8,466.0,48.7,116.6,60.1,2.7,2.4,Merlot
413.2,367.9,120.4,131.3,56.2,1.9,2.2,Merlot
579.7,533.2,62.4,160.1,56.2,4.0,4.8,Merlot
436.6,407.0,45.6,116.2,60.1,3.2,3.3,Merlot
498.3,467.0,7.6,152.6,50.3,2.6,2.0,Merlot
441.6,386.0,114.7,136.4,45.2,2.3,2.8,Merlot
446.4,416.9,44.4,138.0,58.2,3.6,2.9,Merlot
560.2,501.5,54.3,123.4,63.2,3.5,4.0,Merlot
565.3,512.8,64.1,136.7,62.6,4.1,3.7,Merlot
581.8,530.6,65.2,137.5,65.7,4.5,3.3,Merlot
551.2,506.0,67.5,127.8,63.5,3.7,3.0,Merlot
555.4,509.8,52.8,120.9,74.4,2.4,2.5,Merlot
599.2,558.1,59.9,125.8,67.2,3.7,2.8,Merlot
654.3,604.0,47.4,156.7,56.7,4.8,4.0,Merlot
577.4,512.6,43.3,143.7,62.2,4.4,5.2,Merlot
590.3,538.0,60.3,142.2,68.2,4.0,3.5,Merlot
591.4,546.7,41.6,141.4,59.9,3.2,3.1,Merlot
559.6,515.3,36.3,141.3,61.5,3.7,3.9,Merlot
521.4,488.5,34.5,113.5,64.5,2.8,2.7,Merlot
546.9,499.6,59.9,123.9,63.8,3.5,2.7,Merlot
555.2,524.0,56.8,123.4,72.3,2.7,2.3,Merlot
518.2,481.4,44.0,110.0,62.1,3.6,2.8,Merlot
541.8,488.7,74.2,125.6,66.8,3.1,1.9,Merlot
564.5,515.1,42.4,107.0,57.5,3.9,3.1,Merlot
686.9,620.8,44.1,144.2,63.3,4.4,3.9,Merlot
609.2,555.8,33.7,123.1,67.1,3.9,4.1,Merlot
557.0,510.8,47.3,111.4,62.9,3.5,2.9,Merlot
601.0,550.4,38.8,115.9,65.8,3.9,3.5,Merlot
576.2,539.8,43.5,100.0,60.9,3.5,2.9,Merlot
677.9,626.7,54.4,135.1,65.9,3.1,2.8,Merlot
600.3,554.1,64.0,122.2,59.6,3.6,3.6,Merlot
582.2,540.7,54.4,116.2,57.1,3.1,2.7,Merlot
549.7,501.8,38.0,99.5,63.4,3.8,3.3,Merlot
726.7,666.7,59.8,145.2,62.1,2.8,2.7,Merlot
624.1,563.3,45.8,115.9,61.0,3.6,3.8,Merlot
551.6,507.4,41.4,107.6,65.1,3.1,2.9,Merlot
795.7,743.5,53.8,150.0,69.5,2.7,2.4,Merlot
618.5,563.2,41.9,122.5,66.7,4.5,4.8,Merlot
595.1,555.2,48.8,92.1,74.1,4.4,3.2,Merlot
648.3,607.5,42.2,100.8,75.4,2.9,2.1,Merlot
623.3,568.1,28.5,109.9,67.9,3.7,3.3,Merlot
736.9,670.9,37.3,126.2,74.4,4.2,3.7,Merlot
664.5,608.7,41.4,124.3,68.6,4.5,3.2,Merlot
627.5,592.2,64.1,111.9,72.9,3.9,3.1,Merlot
668.6,615.2,36.8,114.3,71.2,4.3,3.5,Merlot
621.1,560.5,43.6,117.9,80.4,3.4,3.2,Merlot
515.9,472.0,51.4,91.5,76.8,2.6,2.5,Merlot
715.2,647.0,42.8,114.7,73.6,4.2,3.6,Merlot
544.2,505.8,35.8,83.7,70.6,2.8,2.3,Merlot
771.1,700.0,32.5,163.3,64.2,5.5,5.3,Merlot
611.3,550.9,49.0,104.3,63.4,4.2,3.0,Merlot
651.7,595.7,31.1,114.5,65.4,3.4,3.0,Merlot
609.7,570.7,46.9,112.7,80.0,3.7,2.2,Merlot
570.0,531.0,37.5,111.7,68.6,4.2,4.0,Merlot
561.7,520.1,36.7,112.1,69.5,4.3,3.8,Merlot
596.5,565.7,28.6,121.6,72.2,4.8,4.3,Merlot
557.2,515.9,34.8,120.2,70.2,4.2,5.8,Merlot
554.8,526.2,37.9,111.3,70.9,4.2,4.2,Merlot
599.9,562.9,21.9,121.6,71.7,4.7,4.0,Merlot
594.4,550.8,43.0,115.7,77.0,5.0,5.2,Merlot
576.7,555.0,27.9,119.4,67.4,3.5,3.9,Merlot
570.9,534.8,37.3,116.9,68.9,4.6,4.8,Merlot
574.3,540.3,30.1,111.4,68.3,3.9,3.2,Merlot
573.2,558.7,6.1,113.8,62.6,3.1,4.1,Merlot
656.7,611.0,48.8,120.7,72.9,6.0,3.6,Merlot
611.5,580.6,19.4,131.6,73.4,3.9,5.8,Merlot
584.7,541.8,29.1,116.8,75.2,4.5,5.2,Merlot
544.8,512.4,29.8,112.6,71.7,3.7,4.1,Merlot
728.0,699.8,54.3,109.4,87.4,3.3,3.0,Merlot
747.0,709.5,1.8,135.3,63.1,3.3,3.8,Merlot
753.7,704.4,33.1,130.7,77.0,2.8,3.0,Merlot
586.3,582.4,35.7,132.7,86.4,3.8,3.2,Merlot
646.6,608.7,22.5,128.8,74.9,3.8,4.0,Merlot
634.4,624.6,37.2,119.5,89.6,2.8,2.5,Merlot
757.9,741.2,48.7,135.8,96.6,3.7,3.4,Merlot
588.1,593.0,43.0,116.9,88.1,3.2,1.9,Merlot
699.3,680.7,46.9,114.1,88.7,2.7,2.5,Merlot
587.3,575.2,41.3,110.7,88.1,3.1,3.6,Merlot
623.6,591.7,39.0,118.2,76.5,2.1,1.7,Merlot
811.4,762.8,41.3,142.4,75.9,3.2,3.6,Merlot
644.2,620.1,37.5,107.0,82.1,2.9,2.9,Merlot
696.7,682.7,48.8,126.7,85.3,3.2,2.1,Merlot
651.4,626.2,60.3,119.9,85.6,4.0,2.7,Merlot
85.7,24.1,416.7,258.8,36.8,1.6,4.6,Morrastel
86.4,23.2,464.5,225.1,43.6,3.7,5.6,Morrastel
24.3,5.6,134.3,76.4,7.6,0.5,0.9,Morrastel
66.1,15.6,370.2,232.7,30.4,1.6,3.3,Morrastel
87.1,23.9,404.9,280.0,45.0,2.5,4.1,Morrastel
65.7,16.9,433.0,230.0,44.6,3.0,5.1,Morrastel
76.0,25.0,363.8,285.2,37.5,2.1,4.5,Morrastel
91.2,23.7,401.4,284.7,36.5,2.8,5.8,Morrastel
68.8,17.2,399.6,240.6,25.4,2.2,3.7,Morrastel
67.5,18.8,398.2,267.0,32.9,2.7,5.5,Morrastel
76.2,24.2,425.1,227.3,54.9,4.3,7.4,Morrastel
75.1,27.4,387.3,219.7,57.7,5.4,7.2,Morrastel
41.1,11.5,224.3,129.4,18.4,1.3,2.2,Morrastel
80.8,26.3,376.5,247.7,47.0,4.2,6.8,Morrastel
79.3,21.2,393.7,266.8,39.9,4.0,4.7,Morrastel
85.5,25.2,393.4,241.5,45.4,4.0,5.1,Morrastel
109.2,31.2,417.7,244.2,42.2,3.4,4.2,Morrastel
87.9,26.3,418.4,241.0,57.5,2.7,4.3,Morrastel
84.0,18.8,420.6,227.4,32.4,4.8,6.7,Morrastel
102.2,27.4,405.5,268.2,46.4,2.2,4.7,Morrastel
100.5,30.6,461.6,232.5,52.5,3.1,4.7,Morrastel
78.0,21.0,404.1,230.3,43.1,2.6,3.5,Morrastel
99.9,31.2,459.0,255.6,37.0,2.2,3.2,Morrastel
121.8,46.1,378.6,269.1,49.1,5.4,6.2,Morrastel
78.8,20.4,442.1,261.8,46.8,3.2,4.4,Morrastel
45.5,12.8,200.5,119.2,39.9,3.7,6.1,Morrastel
90.4,26.5,444.9,272.4,51.8,3.0,4.6,Morrastel
107.6,32.8,456.2,234.1,46.6,1.9,4.5,Morrastel
88.0,24.6,427.8,249.8,47.7,2.2,4.1,Morrastel
103.6,28.8,401.2,283.5,44.4,4.5,7.0,Morrastel
99.6,26.1,413.6,246.5,45.5,2.6,5.0,Morrastel
127.9,44.5,349.1,292.4,41.0,3.6,4.8,Morrastel
100.9,27.4,396.8,251.4,28.2,3.6,5.5,Morrastel
90.2,24.7,454.1,254.1,52.8,3.2,4.4,Morrastel
109.6,31.4,419.9,268.2,38.9,4.2,6.4,Morrastel
84.7,23.8,460.8,247.4,34.3,2.9,3.4,Morrastel
100.7,29.6,437.4,230.4,41.5,2.2,2.8,Morrastel
105.1,35.4,435.9,271.6,42.8,3.5,6.2,Morrastel
128.2,40.1,390.9,269.0,43.2,2.8,3.9,Morrastel
105.3,36.4,417.3,270.4,38.5,3.4,4.3,Morrastel
88.2,23.6,368.0,213.9,47.2,1.9,2.9,Morrastel
95.3,30.3,414.5,231.6,41.2,3.0,7.4,Morrastel
93.1,26.4,434.8,284.8,29.1,4.2,7.2,Morrastel
106.9,32.5,400.3,279.7,33.0,4.2,7.3,Morrastel
167.0,80.4,345.6,215.1,51.1,1.3,3.2,Morrastel
122.3,54.0,344.1,181.6,54.0,1.0,3.1,Morrastel
113.1,41.1,400.0,171.4,55.5,2.2,5.0,Morrastel
80.4,28.5,397.9,232.8,39.1,6.0,11.4,Morrastel
134.3,59.6,363.6,196.3,48.6,2.1,4.9,Morrastel
112.5,42.6,360.4,252.9,37.4,4.9,8.2,Morrastel
121.4,51.7,334.6,216.7,48.7,2.9,5.7,Morrastel
82.5,27.9,405.8,220.3,43.0,5.1,8.0,Morrastel
157.0,69.3,321.2,201.3,51.7,2.6,4.1,Morrastel
116.2,50.8,398.6,226.7,49.4,2.5,5.2,Morrastel
112.8,44.4,345.4,200.6,44.5,1.1,2.3,Morrastel
113.4,45.7,360.4,164.7,54.1,0.9,2.9,Morrastel
131.5,51.7,399.5,197.5,41.4,0.7,2.5,Morrastel
152.6,74.0,306.6,195.0,46.9,2.1,4.2,Morrastel
75.9,27.5,414.7,178.4,49.4,1.4,3.2,Morrastel
132.8,55.9,373.7,235.4,45.1,2.5,7.1,Morrastel
166.6,74.2,332.1,222.1,50.6,1.8,4.8,Morrastel
156.3,70.5,350.5,204.8,54.1,2.3,4.6,Morrastel
115.9,45.5,344.8,207.4,42.0,1.3,3.3,Morrastel
169.1,83.0,304.9,231.1,45.8,2.7,4.9,Morrastel
101.4,36.8,351.5,230.2,44.9,1.7,3.2,Morrastel
98.7,30.3,337.1,221.6,45.3,2.4,3.9,Morrastel
143.2,63.2,393.4,220.3,51.6,2.9,5.9,Morrastel
199.8,107.1,294.0,239.6,46.6,3.6,4.5,Morrastel
120.8,52.4,366.4,213.1,45.0,1.7,3.7,Morrastel
136.3,53.2,406.4,195.7,49.2,1.5,4.3,Morrastel
116.2,46.6,397.0,187.7,37.7,1.3,2.2,Morrastel
149.0,65.4,399.2,201.2,47.4,1.9,3.4,Morrastel
141.2,55.2,416.9,215.4,47.4,1.5,4.1,Morrastel
102.0,33.2,404.7,248.8,41.3,2.0,3.1,Morrastel
409.7,358.5,128.7,110.9,69.8,1.5,1.9,Morrastel
399.5,346.4,144.5,135.6,70.3,1.8,3.0,Morrastel
241.2,149.5,309.1,237.4,54.1,4.6,7.3,Morrastel
345.9,283.2,154.7,156.3,69.6,2.5,1.9,Morrastel
216.0,130.4,329.1,234.6,57.3,2.9,6.5,Morrastel
220.1,141.7,296.4,209.8,49.5,1.6,3.0,Morrastel
322.2,269.7,181.4,175.4,58.7,3.1,4.2,Morrastel
460.8,408.4,149.9,150.8,62.2,2.1,1.8,Morrastel
252.1,167.7,300.0,207.8,72.7,2.1,3.8,Morrastel
372.2,322.6,160.0,138.6,70.4,1.1,2.2,Morrastel
266.4,204.4,240.6,200.0,54.6,2.2,4.7,Morrastel
367.3,292.1,239.4,184.4,67.3,2.5,3.7,Morrastel
351.0,282.0,248.5,161.4,66.2,1.4,2.5,Morrastel
264.2,195.2,223.7,181.8,68.1,1.7,3.8,Morrastel
390.1,318.0,197.0,163.2,66.5,1.8,1.4,Morrastel
169.9,82.1,332.6,294.1,49.6,4.2,8.8,Morrastel
347.8,311.6,100.7,145.6,63.1,2.8,2.4,Morrastel
307.3,234.9,209.0,181.1,61.8,2.7,4.6,Morrastel
152.8,72.6,348.5,192.8,56.1,2.4,4.3,Morrastel
389.4,322.1,178.9,168.5,60.5,2.3,2.2,Morrastel
174.0,85.2,377.3,219.6,52.5,3.6,5.2,Morrastel
353.5,300.3,247.7,215.2,56.2,3.2,4.8,Morrastel
160.2,70.1,340.8,230.8,57.8,3.3,5.5,Morrastel
316.0,236.9,227.8,207.4,46.9,2.5,4.2,Morrastel
212.1,113.7,283.9,220.8,48.4,2.9,6.4,Morrastel
264.9,189.3,248.4,219.4,49.3,2.8,3.6,Morrastel
437.6,370.2,177.9,147.5,59.9,2.1,2.0,Morrastel
239.9,151.8,318.1,221.1,54.2,3.1,4.9,Morrastel
343.5,264.9,241.1,218.9,48.1,3.8,4.7,Morrastel
237.3,162.7,236.1,182.0,57.5,2.2,4.4,Morrastel
339.7,300.6,126.4,132.8,64.6,2.4,2.0,Morrastel
241.5,181.0,232.6,149.9,56.5,2.2,3.4,Morrastel
140.3,84.6,268.0,164.1,51.3,1.1,3.2,Morrastel
224.7,160.9,225.8,173.2,57.9,2.7,3.9,Morrastel
306.6,278.5,104.5,134.2,59.6,2.6,2.8,Morrastel
359.5,302.9,164.3,140.3,72.4,1.9,3.2,Morrastel
309.2,246.1,151.9,142.5,58.6,2.8,4.2,Morrastel
315.6,279.9,136.7,123.4,62.0,2.7,2.1,Morrastel
240.9,184.1,176.0,158.8,55.5,2.7,3.7,Morrastel
332.6,297.3,119.9,145.9,63.2,3.3,2.5,Morrastel
290.6,260.5,142.6,134.5,51.0,2.9,3.3,Morrastel
241.0,200.9,151.8,154.3,66.0,2.2,4.6,Morrastel
302.1,254.4,146.4,134.3,49.1,1.3,3.5,Morrastel
317.1,263.6,166.4,152.7,62.8,2.1,2.9,Morrastel
396.1,365.5,86.1,125.3,70.2,1.4,2.3,Morrastel
398.3,343.1,111.6,138.2,50.9,3.4,4.1,Morrastel
469.2,433.3,72.2,132.7,65.4,1.6,1.3,Morrastel
181.2,139.5,265.8,136.6,70.8,1.0,2.9,Morrastel
287.7,240.5,195.4,149.1,59.3,1.8,2.1,Morrastel
200.8,155.8,185.7,171.1,55.2,2.7,4.0,Morrastel
123.5,75.7,248.7,147.1,49.6,3.2,3.4,Morrastel
471.7,421.1,77.1,136.4,55.5,2.2,3.4,Morrastel
203.1,149.4,243.5,153.2,55.8,2.8,2.8,Morrastel
344.2,290.1,108.7,136.0,62.1,2.2,4.6,Morrastel
431.5,416.5,9.4,115.8,52.3,2.6,1.3,Morrastel
357.0,301.3,158.6,129.9,57.2,2.1,2.4,Morrastel
402.5,343.1,117.9,128.8,51.5,2.2,2.2,Morrastel
134.4,69.8,296.5,175.7,45.5,1.7,6.0,Morrastel
304.5,241.9,152.9,128.0,52.6,2.2,4.3,Morrastel
527.0,477.5,81.2,145.6,56.4,3.3,3.2,Morrastel
416.3,375.3,64.0,121.7,63.9,1.8,2.5,Morrastel
497.0,430.4,97.4,128.5,59.0,2.5,2.6,Morrastel
437.8,375.7,161.6,172.1,61.7,2.3,3.4,Morrastel
357.5,299.6,138.6,138.1,64.2,2.0,4.7,Morrastel
492.7,437.6,83.5,152.2,55.8,2.2,2.8,Morrastel
537.9,472.5,109.1,125.7,71.9,2.1,2.7,Morrastel
407.8,385.5,11.8,130.1,63.1,1.4,1.7,Morrastel
460.0,415.4,98.0,132.2,70.9,3.0,3.2,Morrastel
669.7,606.5,90.0,157.9,55.0,2.9,2.9,Morrastel
392.5,342.5,133.2,141.3,60.2,2.5,2.5,Morrastel
622.3,551.8,104.5,150.5,70.5,2.1,2.3,Morrastel
341.3,276.0,159.2,149.2,60.6,2.3,2.8,Morrastel
447.0,404.0,67.1,133.5,89.9,3.0,4.4,Morrastel
426.5,409.0,60.4,109.4,63.1,1.5,2.1,Morrastel
469.8,430.6,104.1,146.1,65.1,2.5,2.2,Morrastel
583.1,546.6,68.0,132.7,51.7,2.1,1.4,Morrastel
561.1,535.1,1.9,127.1,57.2,3.2,3.0,Morrastel
516.3,477.5,91.6,164.8,52.8,4.1,8.0,Morrastel
480.8,459.0,3.7,121.0,56.7,3.0,3.0,Morrastel
451.2,391.3,147.7,139.5,64.4,3.3,3.0,Morrastel
511.6,466.0,64.3,104.7,65.5,1.8,1.6,Morrastel
470.6,413.7,43.7,126.0,51.0,3.5,3.5,Morrastel
513.9,477.4,53.6,123.0,61.3,2.7,1.6,Morrastel
521.5,497.8,6.6,132.4,55.9,3.0,2.8,Morrastel
400.1,346.4,150.1,139.4,67.6,3.5,3.3,Morrastel
497.1,449.0,53.4,132.3,58.3,3.0,3.3,Morrastel
416.9,385.8,79.4,99.7,52.8,1.9,1.7,Morrastel
501.6,448.6,72.4,111.3,70.9,2.4,1.6,Morrastel
562.7,509.4,75.1,140.4,59.9,3.3,3.5,Morrastel
440.9,426.2,64.3,123.5,71.8,2.4,1.6,Morrastel
458.6,442.7,54.6,102.6,55.2,2.6,2.0,Morrastel
655.7,619.3,53.4,119.4,80.1,3.4,3.6,Morrastel
482.0,457.9,67.2,106.6,59.8,2.0,2.6,Morrastel
455.8,427.1,61.6,100.0,56.4,1.7,2.5,Morrastel
566.4,526.0,54.0,97.4,75.0,2.0,2.0,Morrastel
632.6,587.0,48.8,119.2,73.3,2.6,2.2,Morrastel
538.4,512.3,68.8,124.4,71.5,2.7,2.4,Morrastel
647.7,612.9,25.6,141.8,69.1,3.1,2.5,Morrastel
481.2,454.3,57.8,109.8,51.5,2.8,2.2,Morrastel
601.8,552.8,52.8,112.3,83.0,2.8,2.4,Morrastel
578.3,543.0,46.8,130.4,72.7,2.7,2.9,Morrastel
529.8,504.1,61.2,109.0,54.7,2.6,2.4,Morrastel
491.3,458.7,70.7,118.0,69.4,2.7,2.2,Morrastel
500.7,487.2,67.4,128.2,72.7,2.2,2.1,Morrastel
496.7,468.8,39.8,108.5,64.5,3.7,4.2,Morrastel
525.6,491.1,48.9,110.8,68.4,3.1,3.4,Morrastel
557.1,526.8,50.2,107.4,68.1,3.3,2.8,Morrastel
557.5,531.9,61.9,109.2,64.9,2.2,2.1,Morrastel
536.3,504.6,55.9,108.7,66.3,3.4,3.5,Morrastel
614.0,577.7,50.1,114.7,68.1,3.1,2.8,Morrastel
476.9,454.5,43.0,97.6,62.1,2.0,2.8,Morrastel
580.2,552.5,49.0,108.3,62.5,3.4,3.5,Morrastel
450.5,433.8,26.8,99.5,62.6,2.9,2.5,Morrastel
474.9,446.9,48.9,94.2,66.6,2.8,2.6,Morrastel
455.0,439.7,53.8,99.1,68.9,3.2,4.0,Morrastel
508.0,487.1,49.5,88.0,69.3,2.8,1.8,Morrastel
479.8,449.5,48.3,100.8,67.0,2.2,1.7,Morrastel
524.9,488.1,31.2,107.8,63.9,2.6,2.1,Morrastel
518.9,470.4,37.3,102.5,57.4,4.1,3.6,Morrastel
471.1,447.3,20.4,121.3,67.6,2.4,2.4,Morrastel
503.6,485.8,41.3,105.4,74.1,2.7,2.2,Morrastel
549.7,526.3,22.1,123.0,68.0,2.9,2.1,Morrastel
501.4,493.4,33.1,117.1,58.9,2.4,2.8,Morrastel
637.8,633.3,18.9,141.9,77.2,4.3,3.8,Morrastel
526.0,496.1,39.4,110.7,76.6,2.5,1.6,Morrastel
692.2,660.3,28.3,125.9,73.8,2.8,2.3,Morrastel
592.5,581.7,21.2,114.2,74.4,3.2,3.1,Morrastel
622.3,603.2,42.6,91.6,78.3,2.0,3.0,Morrastel
519.3,497.6,33.7,99.7,81.8,2.5,1.9,Morrastel
775.0,729.7,35.6,132.4,83.2,2.6,2.1,Morrastel
558.5,523.1,26.8,130.6,68.1,2.9,3.5,Morrastel
578.0,552.4,40.1,117.0,80.3,2.6,2.5,Morrastel
590.5,561.9,27.8,106.9,77.4,2.5,2.5,Morrastel
602.8,587.9,15.9,123.7,71.2,3.9,3.1,Morrastel
635.6,593.5,36.3,121.6,74.3,4.2,4.0,Morrastel
827.6,787.7,29.4,188.0,54.8,3.7,5.6,Morrastel
657.5,606.4,29.6,132.5,73.7,3.0,2.9,Morrastel
780.8,756.8,42.8,138.4,66.8,2.6,2.6,Morrastel
744.1,715.3,33.1,139.0,76.6,3.1,2.8,Morrastel
666.8,614.0,27.3,128.8,77.6,4.0,3.7,Morrastel
708.3,667.1,45.9,121.0,72.6,2.2,2.2,Morrastel
863.7,823.4,26.0,161.9,53.9,2.9,4.6,Morrastel
624.9,603.8,16.9,118.3,54.1,3.2,5.7,Morrastel
811.2,767.5,43.3,142.2,69.9,3.9,3.2,Morrastel
656.6,648.8,18.7,136.7,78.8,3.6,3.1,Morrastel
803.6,777.8,55.0,129.4,88.8,3.9,2.3,Morrastel
674.5,654.3,58.6,127.3,90.3,3.3,3.0,Morrastel
641.2,619.1,48.6,135.1,53.3,3.6,4.9,Morrastel
568.8,540.4,32.9,114.9,71.9,3.2,3.0,Morrastel
