SSC,Malic,Citric,Glutamic,Fructose,Glucose,Type
5.2,0.6773,4.13095,1.9289500000000002,13.468510000000002,16.14816,ProcessingN
5.7,0.59649,4.63491,2.14396,15.82782,19.21075,ProcessingN
4.1,0.88822,4.0109699999999995,1.89781,9.70923,10.4437,ProcessingN
4.3,0.7728100000000001,4.055899999999999,1.74356,10.37562,10.75263,ProcessingN
5.1,0.7505700000000001,4.92851,2.4962999999999997,9.54788,11.64011,ProcessingN
4.6,0.6047,4.10407,1.4255799999999998,8.49954,10.804939999999998,ProcessingN
4.4,0.61187,4.4856,1.7929,10.00139,11.464269999999999,ProcessingN
5.8,0.83845,5.40062,2.69502,15.58942,14.6045,ProcessingN
5.4,0.63607,5.48181,1.64886,16.90416,15.67846,ProcessingN
4.8,0.45807000000000003,3.09726,1.1329,9.35533,8.80861,ProcessingN
5.2,0.61924,4.0249,1.68375,12.880429999999999,12.09194,ProcessingN
5.0,0.63159,4.0508999999999995,1.67829,15.96664,15.318,ProcessingN
4.9,0.61537,4.19335,2.19799,14.37224,13.898900000000001,ProcessingN
4.4,0.8099,3.0350099999999998,1.64709,8.536570000000001,10.64643,ProcessingN
4.4,0.74649,3.30158,1.6262999999999999,8.63231,9.92127,ProcessingN
4.5,0.84639,3.47007,1.51025,10.12822,10.52154,ProcessingN
5.3,0.77338,3.98558,1.36023,15.31636,13.13279,ProcessingN
5.3,0.75535,3.86031,1.4514799999999999,17.74936,15.2177,ProcessingN
5.9,0.5123,2.95116,1.3405799999999999,10.15954,12.1549,ProcessingN
5.9,0.61432,3.32308,1.14352,15.79964,18.232950000000002,ProcessingN
4.7,0.84729,4.41985,1.67612,14.76519,11.65185,ProcessingN
4.2,0.8330500000000001,3.47627,1.4779499999999999,12.74658,9.94067,ProcessingN
4.5,0.7286400000000001,5.4270000000000005,2.3502,12.89377,11.27605,ProcessingN
4.5,0.66348,4.629700000000001,1.65685,12.82645,11.66893,ProcessingN
4.7,0.7365200000000001,5.01949,2.08539,13.76143,12.69021,ProcessingN
5.4,0.68525,5.11503,1.03575,17.65222,16.383119999999998,ProcessingN
6.1,0.66943,6.7714300000000005,1.9244999999999999,19.15249,17.37903,ProcessingN
4.8,0.54673,3.3956299999999997,1.04596,7.16345,8.93047,ProcessingN
5.1,0.6462699999999999,3.74977,0.9340600000000001,11.42019,13.427829999999998,ProcessingN
4.5,0.55852,4.0129399999999995,1.74211,8.41535,10.14503,ProcessingN
4.6,0.32448,2.22207,0.86919,9.47355,9.20843,ProcessingN
4.8,1.00787,3.60216,1.52732,13.964490000000001,12.43769,ProcessingN
4.5,0.79375,3.09269,1.4931200000000002,13.258209999999998,11.7729,ProcessingN
5.2,0.76322,3.7061399999999995,1.5162,16.70059,14.916289999999998,ProcessingN
5.1,0.9399299999999999,4.82625,1.49144,16.91579,14.477170000000001,ProcessingN
5.0,0.94881,3.38527,1.11724,12.15982,14.0416,ProcessingN
4.8,0.7857500000000001,4.99218,2.06945,10.499770000000002,12.08469,ProcessingN
4.7,0.7432500000000001,4.47741,1.84691,7.7229600000000005,9.48349,ProcessingN
4.5,0.76024,4.89657,1.76935,8.82912,9.73659,ProcessingN
5.3,0.7113299999999999,5.18136,1.50915,12.82898,14.79986,ProcessingN
5.3,0.54615,4.42872,1.85635,12.9561,15.775,ProcessingN
5.3,0.63471,4.86602,2.17441,13.621690000000001,17.145319999999998,ProcessingN
5.6,0.70211,4.34371,2.53482,11.388340000000001,14.1645,ProcessingN
5.2,0.8306,3.73096,1.55618,15.19969,13.61682,ProcessingN
5.5,1.16055,4.47776,2.26018,19.20872,17.15741,ProcessingN
4.9,0.7096800000000001,5.152469999999999,1.76746,10.7022,13.471169999999999,ProcessingN
4.3,0.6140100000000001,3.74957,1.75053,7.466810000000001,9.17048,ProcessingN
4.3,0.79815,4.62033,1.57517,13.17919,13.03354,ProcessingN
4.7,0.6751900000000001,4.57435,1.57928,12.951600000000001,11.96811,ProcessingN
5.9,0.60771,4.86088,2.44949,17.63624,16.830370000000002,ProcessingN
5.2,0.59316,4.37377,1.6816499999999999,17.20493,15.70464,ProcessingN
4.6,0.7723099999999999,4.172149999999999,2.44632,14.631780000000001,13.197550000000001,ProcessingN
5.2,0.83517,4.10294,1.72708,15.95834,14.682319999999999,ProcessingN
4.2,0.95628,3.53297,1.81426,13.230599999999999,11.72346,ProcessingN
4.0,0.6717400000000001,4.36571,2.00334,8.1336,9.57455,ProcessingN
4.4,0.7985,4.4184,2.09822,14.19192,12.54711,ProcessingN
4.7,0.9281999999999999,4.85437,1.44006,12.48154,10.77062,ProcessingN
4.2,0.86785,4.58248,1.48716,12.552639999999998,10.249310000000001,ProcessingN
4.4,0.85685,4.32173,2.15535,12.68429,10.73933,ProcessingN
3.9,0.7027599999999999,3.99666,2.2132400000000003,14.18076,12.43518,ProcessingN
4.8,0.61639,3.8887599999999996,2.5574600000000003,15.22643,12.88166,ProcessingN
4.4,0.85954,3.05132,1.25797,12.18724,10.02103,ProcessingN
4.0,1.10019,3.47991,1.5326300000000002,12.802929999999998,9.390410000000001,ProcessingN
5.15,0.830208517342679,3.975475789625388,2.268124378017238,14.539738367736117,13.732637492739478,ProcessingN
5.45,0.8705151676819224,4.366174009847114,2.419536166847746,19.157996227772752,17.64949274552319,ProcessingN
4.55,1.023369050760409,4.41987760675407,1.8225265208629762,13.359399216428425,11.684411342105609,ProcessingN
4.85,1.2045551893766424,5.222316962316373,2.00080522931721,15.931306243468788,14.644409819921657,ProcessingN
4.35,0.9013038559362127,5.052482079657008,2.0329969233374676,12.179884662972482,12.68405175976834,ProcessingN
4.4,0.8008205136178145,4.967030196323731,2.060449164718633,12.359459233276493,13.196829022264197,ProcessingN
4.35,0.9804686693973105,5.214088463266064,2.1509051890630335,12.103166357116535,12.616055954928237,ProcessingN
4.65,1.2947875081924616,4.004949468108789,2.0195957933425435,13.99494738716699,11.579432555374346,ProcessingN
5.2,1.144747602531703,3.9110561362978036,1.5051959144267744,16.16730578295957,13.828614117766795,ProcessingN
5.05,1.0086199602405048,5.939658609614296,2.4323061770179946,13.912212035075445,13.838319103853964,ProcessingN
4.8,0.891325311730688,5.283678601252445,2.019029292653088,13.664001721165196,12.94268179374362,ProcessingN
4.5,1.2434552899156213,4.813145322445656,2.550325329787654,19.10922718058509,17.21563820461557,ProcessingN
4.7,0.986349249942918,4.111045603887729,1.8739307428365402,15.342717535381137,13.479746479019932,ProcessingN
4.5,1.4653217915964591,3.8196251951848037,2.2086755864532375,13.027722210177695,10.44544574859808,ProcessingN
4.3,1.3083808142800728,3.009249330268743,1.349651880280114,12.791536032993358,9.730984346950656,ProcessingN
4.2,1.1361768816575408,3.0057712197599677,1.7281752979056677,12.261696869118133,9.169869539562285,ProcessingN
5.0,1.1481492429780076,4.531178360161968,1.3987050949225805,16.65553471824989,14.576605639086965,ProcessingN
5.05,1.1939390222535886,4.548045824615767,1.7702588529978227,15.877572710843909,14.116573088884511,ProcessingN
4.0,1.0200801893068698,4.342315329331424,1.9373653985588772,15.288252046051307,11.751634327324604,ProcessingN
4.2,1.0368251261190622,4.110429563528085,2.1128910248699095,14.381375068827618,11.284010055265938,ProcessingN
4.2,0.9189515402230977,5.0306040260635925,2.0903015418142887,10.811349467248288,6.745101249408484,ProcessingN
4.6,1.2301602996334302,5.12236275843114,1.5972925707026706,13.381329471176091,9.589143161470552,ProcessingN
3.95,0.7701602832517555,4.1924371077972635,1.506379067960615,9.288089204914142,7.501529621505713,ProcessingN
3.8,0.892143171534519,4.176949877830823,1.4210750949453272,9.10347492011993,7.210147213915698,ProcessingN
4.15,1.0043977266811857,4.879796114424198,1.4033072385731125,11.301906605974805,9.216388792613044,ProcessingN
4.05,1.2204456966232535,5.437552937469147,1.3593082256988724,11.07499326979726,10.509513992080933,ProcessingN
4.05,1.049818918216514,5.1231512062741675,1.4606105737364203,11.002165141460281,9.956289302894538,ProcessingN
4.2,1.1687729344015572,4.8757947835273265,1.371825121851877,12.648990915359507,9.222751118227576,ProcessingN
3.45,1.2380332343908436,4.64046158781146,1.4324972679519061,11.364140383105502,7.850370781383103,ProcessingN
3.95,1.0509495360306647,4.556075071114128,1.7489749048288123,11.244033778651337,9.627458089309945,ProcessingN
3.8499999999999996,0.856932567474995,4.537516227448154,1.2940073588398233,11.218046658629746,9.452145521462079,ProcessingN
3.6500000000000004,1.0654897674107093,3.860451546875835,1.5974721275225778,10.056876119422624,7.697882026653454,ProcessingN
3.9,1.275689476241844,4.176419752539119,1.9532293702326582,8.647933242147891,6.10382929631211,ProcessingN
4.0,1.2715360928064865,3.91102837939501,1.6884814599072495,10.615774472519988,7.422241466327336,ProcessingN
3.7,1.2802705985356773,4.744979633027382,1.4376053193146954,10.871201055602608,8.8995819141804,ProcessingN
3.8499999999999996,1.1824202514056619,4.875332006931925,1.2140569106016639,11.490675158562594,9.156670732749394,ProcessingN
4.05,0.834697686712029,3.3763440774529956,1.3368025263963272,9.435582073066424,9.031311732621848,ProcessingN
4.3,1.4881511519948838,6.508038325691461,2.765612386013266,16.699083366244107,14.763077832788445,ProcessingN
4.9,1.0283850430853112,4.8356504733486645,1.7857110534987362,16.367774655940416,14.87885952373549,ProcessingN
4.75,1.35534017559341,4.994579817516135,1.4166027471784626,17.097163749119478,15.166969724635903,ProcessingN
4.0,1.1177933655013907,3.577140740427044,1.4315778572232505,14.143605692147688,12.430829141933087,ProcessingN
4.0,1.0695512915123944,3.713950244796371,1.3134114333931235,16.137000959759245,14.16984125793137,ProcessingN
4.5,1.0689146594078218,3.981838948900464,1.486590815810145,17.3300188490368,15.911610928295454,ProcessingN
4.45,1.3026917641615643,3.7616234432654805,1.6236896174913666,17.805144958614,15.26461224167544,ProcessingN
3.95,1.7409156530480965,4.840789606970055,2.742979968964586,17.587506258602325,15.071913076160373,ProcessingN
4.9,0.8946678510081898,4.364331491466975,1.2876772018820077,15.557174891588256,13.69363207594301,ProcessingN
4.35,1.0002856383143033,4.467556718965503,1.9843295168641877,13.305604818977299,11.083475744412963,ProcessingN
4.75,1.034111906916585,4.914379668080992,1.7555316957568385,15.446924994044934,14.146765060789617,ProcessingN
4.4,0.932343505278948,4.640541840441597,1.8305118458793164,12.83218470881758,12.380643387376622,ProcessingN
5.0,1.085658267643728,4.136684774160463,1.7003680936534369,17.464083359843244,16.321444643077935,ProcessingN
4.5,1.1120981411129693,3.9470279977908636,1.9022705894137042,15.198704921417889,13.793091749411431,ProcessingN
4.9,1.0669550194917468,4.607665532038537,1.9600012594150655,17.636502480129632,16.661257415695136,ProcessingN
3.8499999999999996,1.2547584054736054,3.836979793268971,1.9698915363522917,14.417641969159018,12.82027933969859,ProcessingN
4.0,1.0112536707469848,3.8229634775022316,1.7695715350229437,13.913470794013113,12.336389572914387,ProcessingN
4.5,0.9641676154331273,4.925907885126878,1.9100497255446596,16.095009402558443,15.50041488915486,ProcessingN
4.55,1.0724405626852915,5.687103552468695,2.8243483959865388,14.582334692341451,13.611484054576977,ProcessingN
4.15,1.0511222382696832,4.71822096069072,1.9404827090482137,14.146978519338386,11.392820819940539,ProcessingN
4.4,0.9842942063655508,4.537243382981646,1.6331075672050757,14.841990089164783,12.600753637620038,ProcessingN
3.95,0.8246534021206722,2.9107864726363646,1.4625948371122264,13.320001665829581,11.07973293617166,ProcessingN
4.0,1.038359107850437,3.4571380260947273,1.6239879129307264,13.531904247885539,11.81206860075667,ProcessingN
4.1,0.9408442935461846,3.2380411054160105,1.274299927257286,13.490342186885941,11.782484997559997,ProcessingN
3.6,1.2367530085723664,3.665749297372289,1.8214553642368174,13.91673596273796,12.817661481705946,ProcessingN
3.75,1.0624499368510203,3.885082730708939,2.249701850343365,14.047232157666922,12.713807634543064,ProcessingN
5.0,0.6838200000000001,4.17441,1.95113,13.95956,16.84894,ProcessingN
4.3,0.80458,4.10675,2.21655,9.70462,10.22506,ProcessingN
5.2,0.55224,5.444310000000001,1.58053,17.26527,17.08327,ProcessingN
4.7,0.43183,3.0060599999999997,0.87268,10.05835,9.3375,ProcessingN
4.6,0.49994999999999995,3.7157600000000004,1.47107,13.93153,12.86568,ProcessingN
5.6,0.8786499999999999,4.54693,1.64632,17.94067,15.556949999999999,ProcessingN
5.1,0.46982,2.5810000000000004,1.33084,8.45247,10.50698,ProcessingN
4.9,0.83978,3.93219,1.65654,14.99541,12.357940000000001,ProcessingN
5.5,0.8133199999999999,7.0553099999999995,1.60523,22.41626,20.871329999999997,ProcessingN
4.5,0.36904000000000003,2.71803,0.93471,5.84427,7.299790000000001,ProcessingN
4.7,0.44746,2.89903,1.35816,10.91433,10.33095,ProcessingN
5.3,0.93467,4.4724,1.3534899999999999,18.651790000000002,15.506210000000001,ProcessingN
4.8,0.7173900000000001,4.931909999999999,1.92842,10.98683,12.94642,ProcessingN
4.7,0.63959,4.23248,1.27404,8.92821,10.72392,ProcessingN
4.3,0.90412,3.0440199999999997,1.59491,11.24511,10.06078,ProcessingN
4.1,0.7121200000000001,4.62928,2.19527,8.94293,10.59106,ProcessingN
4.9,0.70993,4.94326,1.52387,10.84671,11.51969,ProcessingN
4.2,0.83037,3.62255,1.40257,13.07321,11.09915,ProcessingN
4.6,0.58598,3.73266,1.8673,11.07713,10.104379999999999,ProcessingN
4.3,0.8080700000000001,4.31532,1.4418600000000001,11.26401,9.01196,ProcessingN
4.6,0.8797400000000001,2.9259399999999998,1.1798,11.195039999999999,10.00542,ProcessingN
5.05,0.9574520921265431,4.383418089864876,2.7744945086861774,14.199119297734299,13.73933841311458,ProcessingN
5.0,1.1119302505081676,5.363370165460919,2.5191200701177454,15.720038113354432,13.948848859816213,ProcessingN
3.95,1.1070105897900657,3.4012638085853655,1.515103496981959,10.146792225803695,7.664326078619483,ProcessingN
4.85,1.124619194927184,5.279183897019346,2.1818477701890457,13.74308681408359,13.79272758447816,ProcessingN
4.35,1.1922059145561568,4.418084018500164,2.371704375507388,15.318957213984186,13.248471285321452,ProcessingN
4.5,1.0799132938978255,3.3169693299998215,1.3895642526288154,11.11911675500593,9.812787509500486,ProcessingN
4.05,0.9250042680937068,4.083169928737258,2.0030865541238474,13.60350250932941,10.838293652117619,ProcessingN
4.5,1.102832941492903,5.161628024497308,1.6452215527624185,14.489010364022933,10.617012246092674,ProcessingN
4.0,1.0647793974388187,4.900972146761514,1.2787452404074167,12.305745986653934,11.102673665933418,ProcessingN
3.8,1.1219219288429143,4.592658794576935,1.4523104451191886,11.609911076538019,8.791748865394828,ProcessingN
4.15,1.0363158915542927,4.87700188288245,2.0254626590323714,11.327303830953413,9.751922038550221,ProcessingN
3.6,1.2595795330007176,4.705397244113995,1.3153296878484075,10.354968346367796,8.234465196674316,ProcessingN
4.35,1.2886006098578229,4.6144620138177,1.8466408687015041,13.590968147623405,12.866802876738898,ProcessingN
4.85,0.6176732729943174,2.127404276210165,0.8108762927995707,7.339947102369922,6.240008114180459,ProcessingN
4.1,1.1800216616964427,3.434957410947925,1.880073507438411,13.603211527618969,11.839113571220928,ProcessingN
3.9,0.9542523600505467,4.312508342594449,2.33785185974231,10.617155235597304,8.539223298373333,ProcessingN
4.4,1.033075786203558,5.136711511635293,1.8510975934395575,13.945512944713423,12.393457428092836,ProcessingN
6.1,1.2600787225366958,4.307158613985905,1.8756819902967612,16.621147921159274,15.003232651156159,ProcessingN
4.2,0.6324840649555213,2.493250061404365,1.2850161703711271,7.3809057011478645,7.506537472233306,ProcessingN
4.25,1.1310369101016717,5.284332389168027,1.8854822543799505,15.62136802115863,13.179758177334445,ProcessingN
3.6500000000000004,1.144832136388804,3.777775152700218,2.2323456430773168,12.435390816051862,11.730190481285732,ProcessingN
4.3,0.63853,2.37834,1.0549,8.65311,9.82051,ProcessingE
4.5,0.91887,3.53003,1.86453,13.62867,12.097750000000001,ProcessingE
4.2,0.93281,3.8124000000000002,1.1277599999999999,12.04675,11.574169999999999,ProcessingE
3.7,0.96494,3.18418,1.78312,12.90772,10.285879999999999,ProcessingE
3.8,0.75934,3.13639,1.08113,11.71223,10.647070000000001,ProcessingE
4.3,0.93432,3.7203199999999996,1.36022,12.73185,11.4821,ProcessingE
3.9,0.8926999999999999,4.22459,1.6935900000000002,11.45319,9.83924,ProcessingE
3.9,1.20018,5.08983,1.30331,10.75347,12.27713,ProcessingE
4.5,0.87524,5.33711,1.4414099999999999,10.18583,12.09676,ProcessingE
4.1,1.15099,3.3939600000000003,1.5968600000000002,7.49211,8.281130000000001,ProcessingE
4.2,1.0384,4.11641,1.09307,10.63926,11.72029,ProcessingE
3.5,1.39709,3.90356,1.65704,8.861509999999999,9.79909,ProcessingE
3.6,0.90652,3.26063,1.3751499999999999,13.000409999999999,11.22811,ProcessingE
3.4,1.0479399999999999,3.23453,1.1559300000000001,8.08835,9.171470000000001,ProcessingE
3.7,1.06664,3.5722699999999996,1.22813,10.676969999999999,11.367249999999999,ProcessingE
3.9,0.9075799999999999,3.14328,1.12464,11.87627,11.90624,ProcessingE
4.1,1.33748,3.84104,1.60777,11.05007,12.034949999999998,ProcessingE
4.5,1.15573,3.7905599999999997,1.38445,16.72392,14.002329999999999,ProcessingE
5.0,0.9220099999999999,3.3926600000000002,0.8887999999999999,14.20445,15.72885,ProcessingE
4.6,0.85753,3.3568900000000004,1.09608,18.33685,15.38738,ProcessingE
3.7,0.79227,3.0458499999999997,1.3037100000000001,12.05015,9.69972,ProcessingE
3.9,0.81318,2.9370800000000004,0.97819,16.59385,12.789259999999999,ProcessingE
4.4,0.72988,3.55925,1.06283,10.699760000000001,12.052999999999999,ProcessingE
3.5,0.96813,4.06463,1.585,9.0319,11.32102,ProcessingE
4.3,0.9057999999999999,3.66628,0.59925,15.00661,16.41785,ProcessingE
4.7,0.91364,4.41751,0.6258,13.31748,14.66728,ProcessingE
4.7,0.82735,4.7787,1.35049,16.74671,15.06952,ProcessingE
3.9,0.9484600000000001,4.10524,1.6186,10.23096,11.466520000000001,ProcessingE
4.5,1.16429,4.34706,0.70595,14.261199999999999,16.23881,ProcessingE
3.7,0.93448,3.27468,1.14081,10.976130000000001,12.15163,ProcessingE
3.7,0.80549,3.0864499999999997,1.62138,9.94119,11.06381,ProcessingE
3.5,0.86437,2.86771,1.2817500000000002,13.70177,11.02335,ProcessingE
4.1,0.9007599999999999,2.38139,0.5990800000000001,14.06767,11.69811,ProcessingE
4.2,1.09061,3.19699,0.7241,16.08775,16.00083,ProcessingE
4.3,0.9433199999999999,2.77688,0.55845,12.406649999999999,12.75072,ProcessingE
4.2,0.96387,3.30365,0.9491200000000001,12.18758,12.648399999999999,ProcessingE
4.6,0.9392199999999999,3.7631,1.18488,9.89424,11.697519999999999,ProcessingE
4.3,0.78723,3.71195,1.47197,13.921389999999999,12.067590000000001,ProcessingE
4.5,0.79327,3.25642,1.18335,8.79706,10.03625,ProcessingE
4.1,0.94769,3.77561,0.9024500000000001,11.31646,12.68664,ProcessingE
5.2,0.81842,3.55491,1.16815,11.26358,12.81855,ProcessingE
3.5,0.83422,3.00165,1.09771,10.298889999999998,9.294080000000001,ProcessingE
5.0,0.9915,5.54458,1.73302,15.27863,17.61306,ProcessingE
4.6,0.657,2.8524000000000003,1.0666,11.10156,10.20387,ProcessingE
5.6,0.90512,3.7232600000000002,0.99139,11.8462,14.78436,ProcessingE
4.3,0.68757,3.01743,1.2834999999999999,8.93437,10.691780000000001,ProcessingE
4.1,0.81587,4.1533999999999995,1.8798300000000001,15.12407,13.04647,ProcessingE
4.1,0.73176,2.9068799999999997,0.9607899999999999,9.78205,9.17971,ProcessingE
4.5,0.97518,3.92559,1.4966,14.12364,11.61575,ProcessingE
4.4,0.8803,3.9204199999999996,1.3742500000000002,9.95734,11.490340000000002,ProcessingE
3.6,0.55661,2.0259,0.9194599999999999,8.7803,7.59618,ProcessingE
3.8,0.64145,2.90884,1.32391,12.29702,10.86025,ProcessingE
4.1,0.80513,2.4983400000000002,0.99385,10.562619999999999,10.170639999999999,ProcessingE
3.9,0.8882800000000001,2.8315300000000003,1.3402500000000002,13.11392,10.85624,ProcessingE
5.5,1.06985,4.9439,1.8409,12.611759999999999,15.31529,ProcessingE
4.6,0.83592,4.15866,1.76174,14.84489,13.36345,ProcessingE
4.8,0.8355800000000001,3.62079,1.23169,9.40822,10.863489999999999,ProcessingE
4.0,0.9165300000000001,3.14601,1.00518,10.7552,10.629059999999999,ProcessingE
4.6,0.82705,3.90004,1.5717400000000001,11.111120000000001,12.78155,ProcessingE
4.2,0.70455,3.1199700000000004,1.08158,10.59498,12.00456,ProcessingE
4.7,0.88813,4.6280399999999995,1.3581200000000002,14.57564,16.21835,ProcessingE
4.0,0.64983,2.21604,1.02804,10.54076,9.35375,ProcessingE
3.9,0.8852599999999999,2.84531,1.2189100000000002,9.71503,10.207329999999999,ProcessingE
5.05,1.514593965027406,3.614885731298441,1.8554172949960142,18.284338766044815,17.813069591584423,ProcessingE
4.85,1.6901387028693364,3.6370132184329145,1.803280823949454,16.320415174434835,16.168617199053337,ProcessingE
4.8,1.7847565999739887,4.0787340159550975,2.3035122354315245,15.35807169740669,14.341750727496274,ProcessingE
4.9,1.8015432837276941,3.974219041466185,0.839551086157825,18.116154364249923,16.18750800050988,ProcessingE
4.4,1.136551377471759,3.7611873983089392,0.7760856722281351,13.597809442536713,12.835288321866692,ProcessingE
4.9,1.3333960705349488,4.731748528638232,1.2448095722781825,15.944248739970202,16.89860452732521,ProcessingE
4.55,1.295446146136939,4.430045258628428,1.2099988299786333,15.498641941102905,14.000912109634237,ProcessingE
4.4,1.5314905408676112,3.7430016381738653,1.360602686265395,14.14143507754369,14.087778252805482,ProcessingE
4.65,1.7198445435646696,3.8708248101112064,1.2258796701504917,14.846128278039835,14.792602988555625,ProcessingE
4.55,1.2297510202533786,3.3918865328331225,0.8771514003759711,14.632594613375323,13.552414365396194,ProcessingE
4.6,1.3059238457101716,4.498658936948089,1.3794580525264122,13.505517147862385,13.667068585988773,ProcessingE
3.6500000000000004,1.219965804286326,2.722555061769964,1.330788628617924,12.892384913662308,12.019436213188346,ProcessingE
3.8,1.112543235905826,3.0722461186078114,1.4160544598205678,13.006492787958095,11.839299246870675,ProcessingE
4.45,1.6690599977067564,3.5169982611356425,1.8503733675671359,13.80313396880551,13.157482765779823,ProcessingE
4.35,1.7697667008668383,2.972989161263868,1.4975270099555944,14.257999045861547,13.44519476415364,ProcessingE
4.5,1.7015993618872807,2.8276074032099667,0.812433483130849,16.509048893559466,15.781707623958118,ProcessingE
4.95,1.709965834244955,3.220502182705733,0.8602394648490395,15.936624743605625,13.921508973476984,ProcessingE
4.7,2.0009845734864253,3.8947324646611747,1.0964192206319963,15.052739511381647,13.682522720852333,ProcessingE
5.1,1.5489424943189527,2.974753862703575,0.6168777279554492,19.067010362838975,17.35440933254413,ProcessingE
5.05,1.3104469156696517,3.2216056325858813,0.7368789937704711,19.117272023905745,18.27827693987523,ProcessingE
4.9,1.5814786137609431,3.314021739136823,0.6171818808622459,17.269545686081873,14.10853619656823,ProcessingE
5.3,1.7745877339833571,3.549739604101368,0.6115549317202578,18.793853656935795,15.755276420288974,ProcessingE
4.4,1.2081051976037527,3.514021808154951,0.4848029860970908,15.3875665390275,14.94457072140128,ProcessingE
4.85,1.3572480760306649,4.0897956338581665,0.4237014591858771,16.896492928129046,16.861620869634056,ProcessingE
4.5,1.3069853081291216,3.5424486991918256,0.3630053300063387,14.76525936103747,13.631818005571564,ProcessingE
5.25,1.363000697009787,3.5386870066398863,0.5243245150294074,18.03290083747436,17.99520372291593,ProcessingE
5.8,1.5172768591044268,3.965032941077463,0.77383136580811,19.468043892746365,19.686246577035273,ProcessingE
4.8,1.2981687369389294,4.161814084085363,0.6253418785558376,18.44760577716508,17.89032108144736,ProcessingE
4.9,1.1019000718780692,3.520141894433016,0.4532033670088731,15.599150885361633,16.614310984221998,ProcessingE
4.1,1.443506287070325,3.6613282963175284,0.6199381169820432,17.701110449974816,15.739989282074385,ProcessingE
4.5,1.2727115081654845,3.2664523495467304,0.5566431000573356,16.75664241832645,16.07092246531257,ProcessingE
5.1,1.7147272104496722,3.898081024664869,0.8921771569478446,19.935947451725266,18.430446946784983,ProcessingE
5.35,1.8590177496877878,3.4402286380635574,0.6076668558254028,19.644596729817284,17.139516919686884,ProcessingE
4.45,1.6990416254208593,2.527263260281787,0.4686245635165401,16.076557473247117,13.448783050951201,ProcessingE
4.95,1.8266360408685194,3.2820427468642106,0.5087549544069347,17.90463380073014,14.944845070083279,ProcessingE
5.5,1.6124091574865218,3.0688248490435677,0.4564277531439167,18.376008765279348,16.89565933757686,ProcessingE
4.55,1.0152607709691919,3.904920900271334,0.7083591721031561,15.539897982248768,15.91077612021103,ProcessingE
4.2,1.162096856443163,3.6694234384899143,0.793645840622545,12.679729199176814,13.087263720531304,ProcessingE
4.8,1.3258183030493396,3.989354930356037,0.8510177481044656,16.715579154684743,15.799420134558318,ProcessingE
5.4,1.0864610636584888,3.9358232587154927,0.6942793267645802,17.581272004939155,17.35800252187948,ProcessingE
4.15,1.0036446241374637,3.1722690933030746,1.4136378746813478,14.090032382308777,14.03536803282203,ProcessingE
4.4,1.0643493134446231,3.1038729958911437,0.8759143266798871,14.556049996704024,14.055576457529495,ProcessingE
4.15,1.1226201439640788,3.083035653424892,1.2288720116566223,14.691578053640916,13.344440876896147,ProcessingE
4.0,1.4255927488301507,2.5302730376884046,0.7925673892355654,13.450664435967274,11.60814603963311,ProcessingE
4.4,1.354530848402136,2.363931571816035,0.6224372771715536,16.837489833239978,14.74594781718316,ProcessingE
4.5,1.0415697318048023,3.81744308319706,0.8404129785355999,14.838842160835398,14.090056525993223,ProcessingE
5.25,1.1249891035759212,4.741030615673754,1.100212195023071,16.926711618053943,16.311253820652986,ProcessingE
5.05,1.3724796209048395,4.202605153185858,1.354770096306056,15.925689592416598,16.103608760021633,ProcessingE
4.65,1.0981506002963155,3.595863896910653,0.851996077911053,15.320415633463035,13.958834530853355,ProcessingE
4.8,0.9410182992872336,3.600432651497424,1.2200416069029643,17.051401523320532,17.321990398428284,ProcessingE
4.75,1.1780573546593884,4.0938791224199695,1.5263223691994283,14.873273592146816,15.808255054154916,ProcessingE
5.3,1.1603428806323384,4.1163637567986076,1.095567221052972,18.64468378396053,18.674049748410354,ProcessingE
5.35,1.3050370670134641,2.7355955290894447,0.861073729662111,17.60552138883978,16.158429928914963,ProcessingE
4.55,1.499932416794208,2.8638631917306223,0.8570105867406932,14.733818137526095,13.332954288713474,ProcessingE
4.7,1.1116851809205601,3.7613105020275497,1.075749565568139,13.451833225333807,14.48485202573173,ProcessingE
4.7,1.1550370749538181,3.818808706783094,1.0309501725403125,15.943060511939501,15.471937136490926,ProcessingE
4.9,1.104478457684462,3.769703994485717,0.8132813357715516,14.936757831595017,15.210803202310677,ProcessingE
4.9,1.1565725893482615,3.6942680186045735,1.1923916449932466,13.852179032551376,13.035735138423956,ProcessingE
4.9,1.0159481080163004,3.9943601174297494,1.0775822294881936,17.687287911959718,18.33581400270572,ProcessingE
4.85,1.0533628671678228,3.454518959444589,0.8928392618204269,17.444541849623157,16.412060917614863,ProcessingE
4.5,1.0212355165314904,3.4529864974249245,1.4249850579503767,16.269955855202717,15.813733321925174,ProcessingE
4.65,1.4549901976026058,3.0391990677092617,1.1326383875928265,13.504702529086897,12.818722373096097,ProcessingE
4.55,1.5411826996332223,2.5943396025212975,0.6541522640206666,16.43576134488436,14.56809596427871,ProcessingE
4.85,1.0636663272510913,3.796589417915296,0.8309638651355806,16.327267306559403,16.49963694524099,ProcessingE
4.65,1.0074110145387976,3.802894930912519,0.8073749663175798,16.052188437955834,15.33834815730575,ProcessingE
4.7,1.1081520945583145,3.9992042345184315,1.1038982998424984,15.4767433246928,14.689575609386857,ProcessingE
4.5,1.157362523365087,3.4599446884824014,0.8910607688373696,14.149015412473934,12.69114455559282,ProcessingE
4.5,1.0455094223044419,3.476519819478732,0.9310342728939872,15.715703807303358,15.699443172472893,ProcessingE
4.4,1.0817367790829027,3.3843493172200976,0.9764243829535428,14.255593646568846,12.974664189965083,ProcessingE
4.5,0.9827048972239396,3.3777654413944047,0.9007208462955033,15.196346729646395,15.296036712059689,ProcessingE
4.5,1.5907972062717766,2.9550947569272,1.0418215235413455,14.781471105993914,13.602340587100457,ProcessingE
3.95,1.2865535373907573,2.245006555439014,0.8900622936010913,12.766883025987376,11.701624557289431,ProcessingE
4.9,1.04797,4.26776,1.6644800000000002,13.85811,15.880239999999999,ProcessingE
4.0,0.89498,3.7023200000000003,1.26302,9.588709999999999,10.00821,ProcessingE
4.6,0.68789,3.94125,0.83013,13.857940000000001,12.5777,ProcessingE
4.1,1.11845,3.47983,1.41733,7.97773,8.80088,ProcessingE
3.8,1.05611,3.5503199999999997,1.39494,10.80203,12.46346,ProcessingE
4.5,0.9837699999999999,2.68897,0.90877,13.240139999999998,11.33971,ProcessingE
4.6,0.9765,3.55937,1.3567500000000001,18.48346,15.644960000000001,ProcessingE
4.2,0.9273399999999999,3.4207400000000003,0.89101,11.679200000000002,12.631079999999999,ProcessingE
4.4,1.0306199999999999,4.3109399999999996,0.9242,12.41892,14.07386,ProcessingE
4.5,0.91361,3.54827,0.8386199999999999,10.785350000000001,12.73495,ProcessingE
4.1,0.86533,3.47603,0.84462,11.81324,14.05921,ProcessingE
4.7,0.81235,3.2774400000000004,0.89038,11.78781,12.85255,ProcessingE
4.6,0.48026,2.29831,0.6716599999999999,5.0921199999999995,6.75834,ProcessingE
4.0,1.06009,4.36305,1.35328,14.117439999999998,11.75269,ProcessingE
4.6,1.08886,2.9028699999999996,1.20258,10.560820000000001,11.26467,ProcessingE
4.0,0.87996,3.46016,1.6517,12.24879,11.406189999999999,ProcessingE
4.0,1.19217,5.22346,1.96051,11.53788,12.82362,ProcessingE
4.8,0.8411700000000001,2.9185700000000003,1.26856,11.11748,12.660609999999998,ProcessingE
4.3,0.7125100000000001,3.0473500000000002,0.96568,8.29713,9.96005,ProcessingE
4.4,0.86995,3.50128,1.06277,9.78342,11.85962,ProcessingE
4.0,0.88988,2.8319799999999997,1.11316,9.11033,9.55158,ProcessingE
4.45,1.5421711320248455,3.7616882564383447,2.3038908262152233,14.244375121578374,13.411862603601326,ProcessingE
5.35,1.6395083824107237,4.24680956178845,1.068165426741234,20.041093349576826,16.490024263942054,ProcessingE
4.1,1.2697329630627323,3.2263066616932234,0.8830324483847621,12.412828702323672,10.818626550923408,ProcessingE
4.55,1.3406918366008522,3.8244138354713617,1.1723036210333444,13.10879247970728,12.30604757049436,ProcessingE
4.2,1.4568848268104517,4.151317128004788,2.3547142747836256,15.480143807002726,14.860276947074603,ProcessingE
5.25,1.6431818489531524,3.6982958794665217,0.8889465673242661,17.49915928111826,15.970220766159251,ProcessingE
5.2,1.3848312753362422,2.975781060631076,0.689576556002147,18.703695805189636,19.28389026178159,ProcessingE
5.1,1.781504150374688,3.971054442597577,0.6400526315751784,19.05074325974376,14.429409766464765,ProcessingE
5.3,1.6029817607384853,4.0465591376446595,0.6081494411958533,18.978945067157415,19.477995060996435,ProcessingE
5.05,1.3271280784142812,3.9959679793226646,0.5904830462786101,17.250218173433993,17.037163519446786,ProcessingE
4.2,1.1956379244636768,3.1709680749629956,0.7295523308581886,15.05057012081918,15.185034007449216,ProcessingE
4.45,1.5404134467800588,3.027211070739822,0.720663441218791,15.874845698902204,13.825561144066324,ProcessingE
4.5,1.2448332305121237,4.060863741665681,0.703677752032028,15.340043243453232,14.70272631365706,ProcessingE
4.7,1.2685370255237323,3.475547770617674,0.8591509330920895,13.762397387718435,14.031156556142486,ProcessingE
4.7,1.448195288157803,2.503553965710481,0.9822206577074604,16.333197027963205,15.10459779663382,ProcessingE
4.45,1.053334267686998,4.006158344098367,1.4377955407626954,12.696034600074887,13.36859064273409,ProcessingE
5.1,1.1044412100486207,3.9694086785789637,1.1990626373718831,15.948810368443729,15.485918283105615,ProcessingE
4.5,1.536213186776974,2.84680259687609,0.9941985223599236,16.91799429523353,15.880934271227524,ProcessingE
5.05,1.0520758253121303,3.9513611701993443,0.7760052533305186,15.917479449113527,15.448383992644041,ProcessingE
4.65,1.0360789490461766,3.974473067406523,0.9869668866751167,14.822993660766752,13.351396554076487,ProcessingE
4.65,1.5267837345021464,2.788394623819684,0.7502978010808456,15.408113359587754,14.037683524936531,ProcessingE
4.75,1.285220867753888,4.208434210941361,0.8377964238691333,15.61800093618895,14.604441089878557,ProcessingE
4.3,1.210983540285916,3.9779850635570675,1.1461605458805795,12.64110901144155,12.89636016286549,ProcessingE
4.95,1.2517428573572664,2.272886355899648,0.7953678738933214,14.661412377486359,14.905770973937706,ProcessingE
6.3498031465550175,1.2254556761174842,8.627713633207795,1.1818081013500554,16.785193744819093,20.03495802298091,Cherry
5.749782604586021,1.2870696721331571,8.75549570692421,1.3379752859814686,16.215622662934653,17.509450253736688,Cherry
6.3498031465550175,1.0831851389408453,7.934775700557084,1.0779913983950018,15.9046710740034,21.042237640060666,Cherry
6.149796744608719,1.176157986755407,7.932742629358228,0.9049898761487245,14.884847727178412,18.34750675382605,Cherry
6.3498031465550175,1.1019314691112456,8.753834738776854,0.8960206281513027,24.462703027382204,21.418745205840267,Cherry
6.3,1.063146249775775,7.991123250859533,0.8384361973805418,21.874606406943403,18.99937065620967,Cherry
5.5,1.1597661307809382,8.400533275520509,0.7628794579314498,16.890995951716196,16.89650607124575,Cherry
5.849786320883866,1.0423579795208642,7.379962724085832,0.6875349848176089,19.32636468057474,18.38356599529857,Cherry
5.7991378669591915,0.9919781999444552,7.631079704506655,0.8546992369660344,18.347625082834895,17.989549826294354,Cherry
6.2,1.2823209047958708,9.104074904594912,0.9533353024056788,21.58441816244308,23.313927322330173,Cherry
6.6,1.047870473623695,8.613140023114532,0.9899972733503816,21.247987318268066,21.22633446767165,Cherry
6.5,1.0200471494552144,8.81396438295832,1.2092280009821443,22.352227161796772,23.30558723982187,Cherry
6.3,1.3138781144607439,10.115668031629756,1.2552867845322035,22.034851412029802,21.030020683619085,Cherry
8.5,2.5071045810237234,7.880795596846039,3.876415519355278,38.25713667509828,37.24597272262636,Cherry
8.699425268372618,1.981257652823412,6.46886454710278,3.628675661637796,30.735672542530214,30.603541126765304,Cherry
9.149863386958298,2.554070575005147,6.979438987254946,4.222952212705117,36.853051174271485,35.25018235811099,Cherry
8.2,2.4028501270119547,6.515814134495217,4.352422253239848,35.28771267079473,32.78828811948354,Cherry
5.149757275833493,1.9182430738679659,5.383334056559479,1.3732914357753376,20.40959244458048,20.774192755620152,Cherry
8.299397568498572,2.169044761919883,7.590872159001239,2.597149209280858,36.656505575477134,34.87476489091998,Cherry
5.0,1.315517536246023,7.765104481573822,1.5990912176472991,17.88455422845223,13.107392207919212,Cherry
5.744562646538029,1.7657068452292504,10.003115003277765,1.8502689442184568,20.804667400481495,15.065993525484027,Cherry
4.749736834815167,1.343533103706107,6.176314518556417,1.7652152756489499,13.268715111875327,11.684733766153514,Cherry
5.049752469181039,1.5117660026665123,7.5906879989293135,2.266869249583646,14.857672026019786,12.401761859076151,Cherry
5.2,1.4109547265895355,6.7573019784153665,2.306090972128112,15.261207917521201,13.257345773532407,Cherry
3.9987498046264407,1.4372437785103773,6.716206274957608,1.64179978129439,12.4134053427145,10.028980822316838,Cherry
4.049691346263317,1.2246733410986885,6.326290526054818,1.4501469034812267,13.468762052647444,10.11610207879002,Cherry
6.449806198638839,1.2467876040974812,5.441050226225919,3.3861453231001564,21.26488442061512,19.47348636933997,Cherry
6.5,1.1893910453091545,5.990542212010801,4.1862790300944495,22.493947999781838,20.503550770999805,Cherry
4.9,1.2520484997920107,7.665790422036457,2.3917085839690317,16.375529711966003,12.807171678981879,Cherry
4.649731175025068,1.4553704277954085,7.5873650149852505,2.1625831008885474,16.69202721073201,13.657937864165703,Cherry
4.8,1.2414418406708774,7.612785813054609,1.784959517638627,17.08493628965849,11.886671523683813,Cherry
4.8,1.307701329543505,8.735774411199227,1.5789132424130605,18.703315403693495,12.721330530514322,Cherry
4.898979485566356,1.2414877831334845,8.288139128986474,1.7082108347038245,15.086537396381507,10.890557431125389,Cherry
5.6,1.355627785137351,7.830022764689286,2.8842526706720593,18.605900905700604,16.441250503724547,Cherry
5.6,1.3115092671338535,8.668920017713738,2.706359909749817,21.307839714040245,18.305354157062,Cherry
4.54972526643093,1.5838592788900296,9.079003682493784,2.0299302317027057,15.76051629309979,12.59952752122377,Cherry
4.149698784249286,1.4532583022761827,7.892686968003943,0.9124038717150502,13.213409583896215,10.51206168877428,Cherry
4.049691346263317,0.9758875139276089,6.950312379869752,0.5307295919600863,12.090229848972776,9.094130862491697,Cherry
5.0,1.2556962054223217,9.22450552292227,0.883272212288967,18.53916519580638,13.413374556707398,Cherry
5.649778756730214,1.2500249827492116,11.70049542329675,1.4967276922336057,18.96576801774787,14.72965218523615,Cherry
6.3,1.2156492845715199,12.030135951440016,1.6154162856217749,19.799599215443116,15.947288410585497,Cherry
5.2497618993626745,1.8607052816596807,11.658360069266264,1.5238481363781944,17.53589815452165,14.584993343771973,Cherry
6.449806198638839,1.4831020726413464,10.934192482285347,1.3301356291777926,24.231706404421434,18.259901064890098,Cherry
5.3,1.359139254725057,9.602254007214635,0.9291996510951813,20.29299568183399,13.534942906895344,Cherry
5.1,2.3314736263900318,9.329453907773331,1.7229514731003979,14.164270370835192,11.985101030688925,Cherry
6.199193495931548,1.8325738136437122,11.30614036384698,1.4334739596864317,21.18575670010158,17.642686048971203,Cherry
6.0,1.737747927056613,12.375345367151667,0.9041484924077019,20.24405773808438,16.43208120241815,Cherry
5.999166608788258,1.3791636224888668,10.673896412022861,1.2988409179016545,21.638513006853643,16.911304437775545,Cherry
5.4,1.1511357698967064,10.871095289089366,1.3024411255283512,18.938520715404145,15.569272794630972,Cherry
5.499090833947008,1.1510801023061572,11.603531132688527,1.543747100719387,18.873970727259216,16.267835047297268,Cherry
5.3,1.1266474625728833,8.161047966738742,0.8963099434864469,18.13251456631268,16.236082011758764,Cherry
5.449770637375485,1.5001498938135414,8.93242694831697,1.0608153358212105,21.606899927462706,18.1881365807621,Cherry
5.7,1.3718603323339698,8.406469278367663,1.1974035497454618,22.951683029327185,19.781667699936516,Cherry
6.8,1.2116799564511471,8.055757920951526,0.7143758186840367,29.21999161953609,25.877840470445644,Cherry
4.949747468305833,1.7231001152109309,7.885073049448847,1.0371588940836127,18.11071361899255,15.26361468132682,Cherry
5.149757275833493,1.4853195254247407,7.546341382150383,1.0745412889980808,16.85416341112481,14.452799838886682,Cherry
5.2,1.182198984142122,11.132155288790527,0.954081804583903,17.649097976098254,13.238921359714766,Cherry
5.149757275833493,1.4765753020000703,11.73239239375443,1.3356120154675564,17.072858861452882,13.373167486083421,Cherry
4.749736834815167,1.4104227736829773,8.478944434440756,1.1017667253051149,14.763206299725136,12.94271975663921,Cherry
4.949747468305833,1.495215720141252,8.843193183369074,0.9199767813689604,14.956096686178926,13.4588366391934,Cherry
4.9,1.6943054371591553,9.755135548539604,1.055473842975254,15.652528234112946,13.062813166359401,Cherry
4.54972526643093,0.9918482322101996,8.61784579161099,0.5203035084276653,17.623664312278816,13.142456606350096,Cherry
4.749736834815167,0.9584480021129823,8.803235571208226,0.6883622396154573,19.915005810534502,14.923602618083557,Cherry
4.349712634186309,1.0562375087210112,8.367970440401237,0.5800741909170126,16.759754138592548,12.734105311943853,Cherry
6.549809157525126,1.2291689504187389,8.03512731181525,0.6210954903983905,25.96406070288382,23.78531179427946,Cherry
6.6,1.1800812804723426,7.446094863645774,0.5365358614133207,24.864519102331432,22.196580942375125,Cherry
6.3992187023104625,1.3995573330078157,8.263501476570193,0.8606359346096818,27.54228299945853,23.618148973261604,Cherry
4.7,1.0698735829427235,8.406954117775765,0.5431832915934058,19.55079540663581,14.161549161494845,Cherry
4.54972526643093,1.0871999500279008,7.519250960503333,0.2773340348119553,17.952010761203486,12.983001299775482,Cherry
4.849742261192857,1.4229183660961369,9.508791146244178,0.4297067075459482,22.946856627000276,16.48129046642406,Cherry
6.149796744608719,1.3503686555647314,10.370268036936508,0.7298071690377859,29.18362953704408,25.41545733018535,Cherry
5.849786320883866,1.2408421952592525,8.861234812935177,0.5105009431253584,25.06498545277554,21.649389297908893,Cherry
5.8991524815010505,1.1249137179209427,8.878868925515732,0.5106801547396518,26.344878006216092,20.618822746192553,Cherry
3.9496835316262997,1.5730875328094516,6.332473462285743,0.9588605183468022,15.505768750299685,12.088051785388506,Cherry
4.398863489584554,1.4666417389816908,6.705668541502764,0.8102396440992856,16.878343224568248,12.577652402106423,Cherry
4.09878030638384,1.5115173908763029,7.1028341473076715,0.8738132413639741,15.605449466641796,12.98764121413466,Cherry
6.3,1.692683318135855,10.195486409692544,1.2647250387454396,14.19543530610182,13.09238273325225,Cherry
6.3498031465550175,1.8232537541056713,11.498792285661589,1.314846622603951,15.019117280240517,14.490310041929643,Cherry
6.3,2.039954000953449,11.081413124507849,1.486138233043664,13.031139807500535,12.74640842310756,Cherry
4.749736834815167,1.025655037233014,7.151733757792787,0.5835617905186855,18.355267741095787,14.325886347929593,Cherry
5.7991378669591915,1.1650534533048154,7.761607285187634,1.2264951478864419,16.595080340967417,18.96643644527934,Cherry
5.8,1.1968163320559568,9.484493485143826,1.1523655119653153,20.097655895147195,22.8869081000164,Cherry
6.3992187023104625,1.2163173236211942,9.463488922108835,0.9391721453309091,24.720026053612983,21.65573263616716,Cherry
6.249799996799898,1.4445810769132565,8.270581179386113,1.0858262491365724,20.070666464008067,22.40881953060486,Cherry
6.699253689777691,1.1968346153560807,9.326850752373677,1.2850164991546569,22.013317343714426,24.70298129515013,Cherry
9.0,2.352595901831691,7.644030041503483,4.098031985499738,38.29662392440062,38.62941604787249,Cherry
5.049752469181039,1.7014730360045203,5.19869516245948,0.9119251466814788,19.05738846883905,19.968630812034057,Cherry
5.2497618993626745,1.6409821109443925,8.651820252771376,1.8577523047174407,17.946054512347843,14.133279204362823,Cherry
4.049691346263317,1.1992366243109134,7.092974175544815,1.6121638906614504,11.915610740522894,9.444842498644045,Cherry
6.448255578061403,1.2960894085226622,5.328900914966576,3.5223917021770057,20.308811661441982,18.964606240113486,Cherry
4.54972526643093,1.3378874665541418,7.3321758631929015,2.2430600271990397,16.568953870146025,13.41994860863803,Cherry
5.649778756730214,1.2104694861700862,8.125083116890785,2.8588035977220976,19.840020784009607,16.40373952297016,Cherry
3.5,0.9650917451587552,6.306261258151156,0.6187554956775445,10.345607236262925,7.708131397134382,Cherry
4.7,1.3946782123185064,8.877748821105394,0.865409432520098,16.708568270748625,12.740864791195404,Cherry
5.2,1.4691612738945872,9.76198059901885,1.2870662618776674,17.170814369265198,14.277123931486114,Cherry
5.049752469181039,2.2170974221036426,9.392761290952246,1.4609192669316264,14.229618052659708,11.373231279534599,Cherry
5.699122739510003,1.0204284388459213,10.71518625238034,1.4825736857299605,19.807425763117855,15.99684460490329,Cherry
6.64981202741852,1.211093619836907,7.870046822326929,0.6075909785330286,27.260828525987137,24.016701185592606,Cherry
5.1,1.261899514547775,10.663875315209257,1.039166999266073,16.150760316310752,12.379630153427106,Cherry
5.1,1.6824597476457965,10.297205415722342,1.135417109602505,16.981578268198895,14.581311659950588,Cherry
4.4,0.9125309157903075,8.52385312654912,0.5278111778810829,16.099846342212448,11.991092002733746,Cherry
6.849817515817484,1.1033028681991655,7.040518507174795,0.5763989434320975,23.8871062843863,20.790467235078513,Cherry
4.349712634186309,0.7894528428195784,6.000923161443418,0.3225104555649952,14.599819210965997,10.313077084974624,Cherry
5.649778756730214,1.45515583190089,9.62693280506866,0.5365760509259997,25.685553633893278,20.768863888168244,Cherry
4.249705872175156,1.4922065018088084,7.851947802211264,0.7435677211398248,17.378326837309075,12.984640995011086,Cherry
6.5,3.437136641875958,24.700511434020708,3.0908381591467586,28.937423232803585,26.536809299419176,Cherry
3.5,0.9364797063055263,3.9702821830139805,1.1911866425026787,12.32681119535599,11.596120448075776,MidSized
3.5,0.9121660928896271,3.7678305838480743,1.080367117032334,11.222451386171706,11.296188251567866,MidSized
4.6475800154489,1.1901362654241603,3.8631166289454404,1.379731566912353,12.692988932668841,12.55133947961987,MidSized
3.8000000000000003,1.2251951221191653,3.884453211716087,0.9673448368975827,13.24813547804682,11.40261301159453,MidSized
3.9496835316262997,1.2616031332723976,4.070797662733944,1.0814915190998027,13.582391853449995,12.24232320306825,MidSized
3.646916505762094,1.1276564643095028,3.207173261412421,0.8334599378840377,12.594132139740772,10.386148755177324,MidSized
3.5,1.1132672698574961,3.0610790995821073,0.8140497055315601,12.857809529860697,10.891021064216636,MidSized
3.646916505762094,0.9782964658712848,3.070478573151387,1.0012255161122434,12.229533126428137,10.819672211051863,MidSized
3.94715087119811,1.2792331874697838,3.3377691616053,1.1197363506059745,12.217247533715115,11.270636531395489,MidSized
3.8496753109840314,1.1412344705869808,3.5381727748512217,0.7561108469205834,13.94749134567213,12.516971660043504,MidSized
4.049691346263317,1.324341962083195,4.211802849021567,1.796015299815964,12.60387446125846,12.292640172662795,MidSized
4.249705872175156,1.2293369838791357,4.170418836181811,1.906018630438632,11.339335725349688,10.790514144829217,MidSized
3.9496835316262997,1.0594641333426578,5.381083680160741,0.8594428887739133,12.552116740624792,10.063771388015084,MidSized
3.7,1.2061930325258263,4.90562975997311,0.8954581703143916,12.722429127830754,10.238178594330048,MidSized
4.3,1.6839087096574665,4.9275985188659845,2.9155451757780333,13.07437104964183,11.616574546877212,MidSized
4.4,1.7619981049859677,6.791233744093937,3.8728314891444495,11.9529067241338,9.681821866966306,MidSized
5.0,1.315517536246023,7.765104481573822,1.5990912176472991,17.88455422845223,13.107392207919212,MidSized
4.1,2.2512951496540397,6.867273809883063,2.367107258146539,16.36355619687791,14.35010631353914,MidSized
4.049691346263317,1.6745723371472898,5.098327868427451,1.1846615252764574,14.385944667133314,11.272061477150974,MidSized
4.598912915026768,1.9643785681447934,4.866681822168838,1.659739513516251,18.14252028998339,15.032799600379017,MidSized
4.249705872175156,1.3331500204412987,6.478920851458302,1.918387247692343,8.437162583011334,6.7303765467356,MidSized
4.249705872175156,1.33169286894839,8.007236409290257,1.9312866368180028,13.610832613614098,10.417826191743004,MidSized
4.1,1.380437333811872,4.019395641894857,1.4836333686174645,10.715863720794758,10.421349278201513,MidSized
4.349712634186309,1.333443021570887,4.5657477717667385,1.6089054149330317,10.646388134642915,9.09553399848151,MidSized
4.249705872175156,1.8112226595406486,5.919298954203896,1.9802526429736718,14.487764733457361,12.719434211688627,MidSized
4.8,1.3047712597653618,7.298485062967555,1.9468239235837617,19.172828334029802,17.22463113945628,MidSized
3.6,1.0009660256201993,3.386931386693633,0.7080192243347306,10.163540491698466,8.427656675916817,MidSized
4.149698784249286,0.5593161751132127,4.5829008622350855,0.9505275338160739,11.279822926443767,10.1260509754287,MidSized
3.8987177379235853,1.5352939073419338,5.535765574317494,2.535752141789254,10.804368584085116,10.299482116329408,MidSized
4.249705872175156,2.0310939452563344,5.309231230849605,1.6909547925472297,15.674377330184647,14.286445297417986,MidSized
3.5,1.3306111809167234,5.318975174097543,2.07697225210616,8.14657887677381,6.979479955845777,MidSized
3.9496835316262997,1.999495954952678,7.181717116718598,2.7612601869748845,17.65466224079333,17.298128326139405,MidSized
2.9495762407505253,1.7317782430364406,3.678571721131074,1.969374805281925,10.394916309937635,8.486655517853862,MidSized
4.6,2.2252345172603105,7.001080265148305,2.0530483796292818,17.085207597459036,15.119647882762465,MidSized
4.9,2.304694006350096,8.059482621233263,2.4426419727276674,21.87570278716954,19.269296180537875,MidSized
3.9987498046264407,2.06545221649009,8.533916504880688,4.250512534212073,15.94676224052179,14.618189393045698,MidSized
4.1,1.5765711093600348,5.004427373921625,2.2259628983139264,12.671647626360295,11.0559221985359,MidSized
3.8496753109840314,1.7302212026252364,6.371472915061202,2.9341843318359677,14.876357610066893,11.380431355369737,MidSized
4.1,1.7295886360974049,4.123795510582291,3.0789264532289895,12.45859650629502,11.465063912146256,MidSized
3.9496835316262997,1.1845324232933736,2.700988093624893,2.179530595478929,8.453230581042792,7.427947699093688,MidSized
4.0,1.5745127980412883,6.603702590561573,1.5339115131986756,14.404723429488772,12.980034505925527,MidSized
3.6,1.4114349896586191,3.5885020598380897,0.9991418385550535,9.405144974750495,7.526533370161337,MidSized
4.09878030638384,1.9613558313455939,5.479219827106386,2.7825924330372334,10.310233218832796,9.827403677397871,MidSized
4.198809355043403,1.753160091170435,5.094178143395854,2.558532666707963,12.477575394621635,11.831892900195133,MidSized
4.298837052040936,1.884614568440811,6.21140634660354,1.9158854853416853,12.351430455895096,10.847171662762925,MidSized
4.149698784249286,2.032041684933631,6.058489480767325,2.407881987667576,11.193675792944319,8.93724726168018,MidSized
4.498888751680797,2.0460859852415956,6.981297064788073,2.0786592336220275,13.536023494263867,11.36379483319837,MidSized
3.649657518178932,1.51293921999939,4.682661799828665,1.6001054555312215,11.319042378410003,9.938655074175985,MidSized
3.5,1.5066264689761182,4.657127773579892,1.5815379223193344,11.213569104141879,9.88734946889651,MidSized
4.3,1.8365599959792787,5.455659717922804,1.3746906803038312,14.812338446225244,13.409789736158451,MidSized
4.049691346263317,1.4338079000382686,4.707979409052371,0.9714950549960918,9.786238334156742,8.314287960557989,MidSized
4.3,1.8045008085185252,4.729694622202502,1.0796464335926226,16.538772222715874,14.72848926155149,MidSized
5.0,1.9422925148057768,6.26754662534768,1.5014693574567732,15.319248949400963,12.817034644312699,MidSized
5.299056519796708,2.310312543734611,7.596631006215371,2.184255201238531,16.690254128963304,14.069576205642688,MidSized
4.9,2.5279290711479723,8.078753630553514,1.8947170594796894,16.151614466975126,14.350742620065459,MidSized
5.2,1.6415269695939445,8.227397058670144,2.193848147047051,18.315844900348267,15.482083171852304,MidSized
5.049752469181039,0.9380823344885306,6.234667548919781,1.7116325789180429,14.117856407000822,12.172647521097911,MidSized
5.3,0.900383007175797,5.9725871280836484,1.374107092908518,14.089382766155495,13.061410285527028,MidSized
4.449719092257398,1.6498994504290414,6.828030144932736,1.3199437196020278,11.608467677998105,10.288185117742728,MidSized
4.54972526643093,1.682097827845384,6.465748025999342,1.1124496110912585,12.490385940871883,11.059515664925007,MidSized
4.349712634186309,1.8588241302665518,7.090446123352555,1.2480382631498264,13.433277814601787,11.05934432493027,MidSized
4.049691346263317,2.4303564139523375,6.788368186036537,1.2983707733123808,8.24671350412516,7.112114935722303,MidSized
3.8000000000000003,2.8671585636711154,7.05577723632171,1.6142170777767268,9.94484954183368,8.224238500147571,MidSized
3.9496835316262997,2.3560985327477892,6.242148360876004,1.3155762713439372,9.234492390144176,7.486011918311822,MidSized
5.1,1.5182025119919884,6.754599091898817,1.7911479208155492,11.03547774430886,10.220168791288721,MidSized
4.7,0.9789467777173934,4.792743499478137,1.2908540608135075,16.94794858969021,14.240672079177143,MidSized
4.749736834815167,2.786098297891928,5.430571615917261,3.2498921312380045,12.680936345577443,9.920286283713988,MidSized
4.7,2.626254805410205,5.674110173610522,3.644994932797575,11.741014426224597,8.746379495188103,MidSized
4.54972526643093,4.0150743317261695,4.903471870451026,0.8352681644082832,10.970524039035958,10.509351566126195,MidSized
4.2,3.7475111981249567,4.879370678778067,0.8023533249660271,9.120912506243737,8.691596502572754,MidSized
4.249705872175156,3.4718460974779193,3.8879547153575853,0.9391898246008797,10.52542467980172,9.987847457409918,MidSized
5.0,2.2747702974890482,14.032430433699103,1.3405684687903434,25.634065677500317,22.48632751072297,MidSized
5.649778756730214,1.3199701589172799,8.292912558200715,0.7018533443323105,18.529157161529042,16.51301144527068,MidSized
5.049752469181039,1.4165902191237163,8.924930956203015,0.8353462919188747,15.241789150853425,12.951048948729376,MidSized
5.149757275833493,2.3902374668449444,8.92504480153392,1.439776353047892,17.863271958403903,17.39814773171817,MidSized
4.949747468305833,2.7387371920341392,9.74559358942654,1.8035088514780993,24.178490027306133,22.716448878134965,MidSized
5.399073994677235,2.7010802775100466,10.461586509483167,1.6496514413625938,23.188173966620102,22.292147555938964,MidSized
3.649657518178932,2.4085640100660726,4.475142275839416,1.539966897983981,12.438471163986515,10.74362503604476,MidSized
3.5496478698597698,1.8963496852323904,3.784759036955378,1.426023152328504,9.876422383223522,9.539942048659334,MidSized
3.5496478698597698,1.9946154180418654,7.077426527862077,2.2154763027068216,12.478752749324077,9.15012917015992,MidSized
5.4,2.1534638508363826,6.182742617659753,1.4799540601220695,18.136637888646618,15.719377550064475,MidSized
3.649657518178932,0.879152103164411,2.9840229142140937,0.8425867933869197,10.302505507087298,9.877015559207711,MidSized
4.347413023856832,1.4000501881100411,4.0275975794387975,1.5178311255642905,14.400062869616296,14.751540540412716,MidSized
3.5,2.6081740619954097,8.776625901064449,2.568674310043168,22.491663725084777,18.33198135358984,MidSized
3.9,1.8296458555354678,6.286665789299896,1.7710139610121167,22.7462314939498,20.14163032295972,MidSized
4.54972526643093,1.3517944057413118,4.007300981024273,1.869343629567657,13.020016812627048,12.504622801627859,MidSized
4.049691346263317,1.4969116462133691,6.498686268630652,1.513459624313104,11.034975008784587,9.681424952523667,MidSized
4.6,1.5917526193371583,4.8834561692839635,1.2039491821679569,18.402992692845146,15.518720506532134,MidSized
4.54972526643093,1.5838592788900296,9.079003682493784,2.0299302317027057,15.76051629309979,12.59952752122377,MidSized
4.449719092257398,1.6973812946673252,5.370272507421812,1.5544219030158797,12.265502891119072,10.591562636748659,MidSized
4.1,0.5616322089085231,3.8879869781768206,0.937272681671025,13.91484502641531,11.78314255749711,MidSized
3.9,1.7903288391530907,4.6196748253247755,1.5847305443370907,10.329627867950837,9.216254441759085,MidSized
3.9,1.702763464615168,6.16392213584137,1.998665650667106,17.741913583311028,15.317961886970597,MidSized
4.5,2.4237020007140675,7.88004907183685,2.475371969279773,20.682750983217986,18.771586073114435,MidSized
3.4496376621320683,1.911928977170303,4.083211569607174,2.997466090949706,9.713189161233982,7.9450162015048775,MidSized
3.5496478698597698,1.4101227240955523,3.6022346917852768,1.2873639814480793,9.897814623352396,7.270302716835787,MidSized
4.3,1.7541028359329238,5.297745047780463,2.532077106874682,14.795397728998323,12.985798990421713,MidSized
3.5,1.4414174946994462,4.086501927776287,1.3129090450687857,10.970936463757686,9.64281823515633,MidSized
4.149698784249286,1.4568721092673222,4.466837596492756,0.9447655146652706,13.47367359644579,12.448120116749212,MidSized
4.9,0.8367455840887242,4.044656104848449,0.9580284931928194,11.504941438580877,9.571019286172405,MidSized
4.7,1.639273784291411,6.3408523450030705,1.3997806272269542,9.856840715315327,8.960299388525126,MidSized
4.198809355043403,2.0989836027261464,6.325783438940572,1.5420921167023947,8.840202563378257,7.109253410977146,MidSized
5.149757275833493,1.4196749133833302,6.8378414090243425,1.6254057076233994,11.185724973346174,10.891395591109303,MidSized
4.849742261192857,2.4191103514455032,5.613121743851294,3.7024129191620125,12.217294253037176,10.115735996239364,MidSized
4.3,3.886453627294012,4.521246729809616,0.742211715638154,11.05889442491979,10.7054753268994,MidSized
5.2497618993626745,1.8830665894311194,9.643204010398522,1.2686601571599967,15.430654332946869,13.620804066579446,MidSized
4.9,2.055521059461372,7.254414959504575,1.0814594738305632,15.138196651798896,15.43423801851945,MidSized
3.9496835316262997,1.5483419902117808,5.771250561277056,1.1933792056102417,12.809815059381272,11.308122959434023,MidSized
5.5,1.760575456,4.693833289895054,1.9257193378858994,19.752301223711687,18.058021421008092,Landrace
5.5,1.779232581,4.7278697844143975,1.9634450609141914,19.653692208747543,18.064083198464527,Landrace
5.6,2.027113687,4.8033785569784415,2.364689356705316,21.815491430064256,18.88158749190705,Landrace
4.9,2.0159931810000002,4.682045040530083,2.286715375237885,20.135418089274136,17.721015133858906,Landrace
4.8,2.126493244,4.828266903953181,2.3469355306466864,20.203587607331272,17.805362567536783,Landrace
5.4,2.207042254,4.189067716013284,1.9424321833645006,18.801205663390203,17.077405587661275,Landrace
5.8,2.0692733480000003,4.920812529350618,2.6779214461451697,22.109007243153073,19.899037975137524,Landrace
5.8,2.005469001,4.801091753929262,2.650877722102516,21.956318176195666,20.01784919417609,Landrace
6.1,1.964606646,5.333329401389778,2.3980457239678814,22.922762281171913,21.241294503566646,Landrace
5.8,1.846473982,4.575123335218001,2.1540999977283146,23.508099184791135,21.00475344921978,Landrace
5.9,1.879584218,4.672909873375307,2.2096940366117206,23.602493028860533,21.20420230943007,Landrace
5.5,1.8211062409999998,4.143604122832762,1.809700343411376,19.716151266260656,16.398496188222612,Landrace
5.4,1.8007227209999999,4.136102909056885,1.8642835498686567,19.742714197474612,16.405973205603665,Landrace
5.2,1.087767783,5.21393102995226,1.8715692725108495,17.597900408581864,15.91927742614629,Landrace
5.3,0.7628477085,4.693633868607711,1.9135926857774528,20.679457430894395,17.801512030030594,Landrace
5.4,0.8209683538,4.714696387400453,1.9362921367214465,20.878837412445687,17.847538181425602,Landrace
5.5,1.3608075400000001,5.006154332915275,2.45543068112389,19.72454502071106,16.53038400222369,Landrace
5.5,1.2925155879999999,4.983761133037101,2.486790310472979,19.85259808931978,16.66363252203865,Landrace
5.5,1.016424423,6.016795967846429,1.8811049093910992,19.842633713072022,18.366812872432426,Landrace
5.3,1.8744881770000001,5.314653053692034,1.8643904096577881,18.114902756455155,16.543827916752626,Landrace
5.2,1.954500898,5.510677803559616,1.9251391644250393,18.284518016126434,16.72585142885789,Landrace
5.4,1.302814551,5.736961043469697,1.5606930251417177,21.230438371969935,20.035815361153585,Landrace
6.0,1.684513561,5.671500712580147,1.9631778756942995,21.967522623307623,21.435211892235657,Landrace
6.0,1.763041708,5.70115861793067,1.9175439752895975,21.898712467144154,21.49277692570578,Landrace
5.3,1.056607346,5.097673990294797,1.3742710763266706,19.254286735320942,18.536571649443996,Landrace
5.3,1.1148301680000001,5.141912123062444,1.3457448606895392,19.24434443985607,18.63837336412467,Landrace
6.2,1.559560661,4.656463009804411,1.5573197078380745,22.27407909274025,22.10731772604165,Landrace
5.5,2.170550507,4.61888500131834,2.322964367486972,18.924455696560276,16.52238857199769,Landrace
5.6,2.131080398,4.704439082185411,2.2270930706992256,18.805140918617155,16.602822493811306,Landrace
5.6,1.457477861,4.4197679059683095,1.8280621788278424,18.616660721639438,18.42884579895761,Landrace
6.0,2.401641873,5.647970805898925,1.9135658282387846,19.094211479310374,18.73145463148109,Landrace
4.9,1.299759411,3.089263837157723,1.8415625168895713,15.364200166161506,12.637328115910645,Landrace
4.8,1.374660443,3.01941559677329,1.7956892386146064,15.20828275881048,12.74894595339328,Landrace
5.1,1.028623303,3.2137049844065304,2.1277852242762996,20.85056663625915,17.78330747326239,Landrace
5.6,2.676962879,5.166590979712237,2.451548056312024,19.730975411042657,17.165190834033524,Landrace
5.6,2.548916572,4.996436271995308,2.3940628915344933,19.71325417211113,17.335413707260482,Landrace
6.0,2.36280418,4.887605465057131,1.8275339523031724,18.524720180855205,17.439308646566342,Landrace
6.0,2.3638996850000003,5.031427478900238,1.8428239612806494,18.601781826474422,17.661700587059592,Landrace
5.1,1.594817817,3.340453452844668,1.7866958095507997,16.76134024562183,14.885864695934304,Landrace
4.6,2.027119764,3.7252848538950762,1.6696216198291662,15.32402317963552,12.535481045139429,Landrace
5.5,1.125904295,3.212654073176155,1.6831027822406919,19.90221341713507,19.549576569653755,Landrace
5.5,1.14805688,3.2627327099310737,1.7390382204344745,19.72138345573618,19.585757680226003,Landrace
5.9,1.605145987,5.53849632715711,2.6997773844578465,22.553482703519823,21.65571343203927,Landrace
4.9,1.052821569,3.4208110978243407,1.266514744439134,15.289361778560105,12.910097993731362,Landrace
4.9,1.45522773,3.771285700980861,1.6760658712714505,17.661809889728353,16.347720467850444,Landrace
5.0,1.353938832,3.720785405397953,1.63294492994494,17.6306548902581,16.37707557629893,Landrace
5.7,1.245611944,3.4143586801147916,1.950617294475477,19.34733232732627,18.361471506942102,Landrace
5.8,1.163340198,3.408048110753406,1.9082958683624238,19.360228495196633,18.46321478465339,Landrace
4.9,1.339441014,4.306536878888326,2.607296873486516,17.69290441010328,16.2025755009159,Landrace
4.9,1.362074644,4.440094556086688,2.6338294687552066,17.856665563289663,16.228993051845702,Landrace
4.9,1.24337673,3.757634532111357,2.549618064719075,17.39450307927927,14.963233049347831,Landrace
4.6,0.8865080733,2.849128543997647,1.6474076852798525,15.292952540175818,13.215407068270832,Landrace
4.7,0.8692273473000001,2.834482394621601,1.6192755393711584,15.426483003810947,13.358994135812111,Landrace
5.1,0.7220575773,5.001512276474959,0.9201725306382681,18.18764140355748,16.043412593757886,Landrace
5.6,0.7827826953,4.3593067721703225,1.1212905486816784,20.375704935715188,19.533702802995805,Landrace
5.5,0.7991457828,4.325372510531414,1.13556630398441,20.44603205251979,19.68108824632848,Landrace
5.9,0.8338601060999999,4.992138106201804,1.429784907322345,21.49606009617595,19.95683943084898,Landrace
5.6,1.17195408,5.1479989834061906,1.2231414252575683,22.7998665651386,21.78780623327548,Landrace
5.5,1.163640947,4.9686903542582606,1.2615014361174726,22.952939056857435,21.817741502510522,Landrace
5.8,1.7773670190000002,3.970857055402286,1.8890120580768257,20.481530129719534,18.795841656990714,Landrace
5.6,1.789234874,3.8524487044213926,1.9180668278175055,20.57437141099436,18.890039933989943,Landrace
5.5,2.0174880809999998,4.378395930252756,2.0467925866335923,18.163831254947084,16.52400978174968,Landrace
5.8,2.147743641,4.640309247823537,2.668994784562055,22.38757324512148,21.11033321566712,Landrace
5.8,2.1161500369999997,4.641035584188168,2.6930816359233787,22.54483844561868,21.320273801656054,Landrace
5.3,2.148124833,4.658353303549962,2.884463401845053,20.891149973393663,19.564627724184113,Landrace
5.3,2.187913257,4.707319385673887,2.8812742250139065,20.933681216345867,19.738055436811152,Landrace
5.6,2.046361848,4.842976781037073,2.357895404381823,21.968139606307144,18.70492283656508,Landrace
5.3,2.221953033,4.3270896918443835,2.026975161319441,18.71424292547551,17.254314377328985,Landrace
6.1,2.0392119930000003,5.195674363107662,2.3601384754423935,22.94873823783244,21.274834306730778,Landrace
5.1,1.086681474,5.259203528060186,1.8066512696841182,17.556810138297422,15.962736680236365,Landrace
5.5,0.9615820385,6.119825593842294,1.8890543009127316,19.87570742303196,18.329330736542282,Landrace
5.4,1.3851808740000002,5.892602437152537,1.5741768004764638,21.200831865554605,20.18694960902966,Landrace
6.2,1.5182529439999999,4.499281281561264,1.4692359742351229,22.154353498436407,21.864130837793077,Landrace
5.6,1.616012609,4.442204808464493,1.8795110300374147,18.582917179811922,18.231951196350458,Landrace
4.2,1.327015872,3.599788151697116,2.1426856571689727,13.922775499729493,11.133876497239143,Landrace
5.0,1.11154082,3.134641831142669,2.076012007700694,20.779351275905242,17.800556267973544,Landrace
5.1,1.628837946,3.5120365597689966,1.7209861101340058,16.732009689741652,14.885056646422177,Landrace
4.5,2.090089829,3.881912710215494,1.6781887762480272,15.359659461005544,12.645600715385806,Landrace
6.0,1.701765418,5.601233732469635,2.652614800577758,22.532476703299594,21.66731484977691,Landrace
4.9,1.079212564,3.4311174666260498,1.245339714893961,15.447532890038637,12.741492471407609,Landrace
4.9,1.257055778,3.6562317868196486,2.502688506796686,17.21128907117889,14.926527320340075,Landrace
5.1,0.8202722378,4.984866741369811,0.9334725322131798,18.114033216836443,16.225228253177967,Landrace
5.8,0.8486834069,4.9605313424759165,1.461748447260399,21.212602146910022,20.18597615489041,Landrace
5.5,1.9883106140000002,4.283841288315807,1.9608565318254465,18.075458655807978,16.63554573890649,Landrace
5.9,2.210986723,5.721841155720598,1.9043277127348197,19.091397895961386,18.942585756988013,Landrace
4.3,1.239272878,3.4603888165057377,2.089572062485424,13.849086426849034,11.024758718479843,Landrace
5.0,1.378505912,3.043440355681122,1.8674573747579413,14.435272406183453,12.342895093105826,Landrace
4.9,1.3058937839999998,3.08940491590591,1.8178403963090808,14.52543695265595,12.462969192799159,Landrace
