group,n,corr_far,corr_near,ks_far,ks_near,coverage_far,coverage_near,coverage_far_conf,coverage_near_conf,disagreement_far,disagreement_near
0,37.0,0.5173684920295661,0.9618657742816523,0.11650875410205759,0.12896216216216214,0.9603000100832614,1.0,0.84446507119199,0.918918918918919,0.12048524557367137,0.07609778712421185
1,48.0,0.5299491225202654,0.5115783690927617,0.11675753324156861,0.12943333333333334,0.9881380839111937,1.0,0.820659112634085,0.9125,0.11551239772016543,0.060167538427490355
2,46.0,0.5838135093029762,0.8098086939227807,0.11086632774345684,0.12274782608695653,0.9886132796314687,1.0,0.820021813200935,0.9130434782608695,0.11948473743767928,0.09308386732768434
3,48.0,0.4648782752664715,0.5910658731162939,0.12850454777674952,0.15436666666666668,0.9837710795503591,1.0,0.8575653314861447,0.9166666666666666,0.11274644187108078,0.04726411750928387
4,45.0,0.5828405632304516,0.6847333980929768,0.1119369247803336,0.12763333333333332,0.9884562518158795,1.0,0.8162160770063444,0.9155555555555555,0.11261379741858993,0.0731769788564675
5,38.0,0.5849924227976826,0.7173776587452665,0.10245530764432995,0.13890526315789473,0.9913020557017809,1.0,0.8368729171748813,0.9263157894736842,0.12291735459600243,0.07610181016068804
6,47.0,0.421666789672789,0.5001706590209579,0.1039891324648757,0.13220425531914892,0.991438320586545,1.0,0.8719680310474521,0.9106382978723404,0.10662808004586645,0.04989952933728281
7,45.0,0.4767957787685102,0.607638724452458,0.09692836185574831,0.11815555555555557,0.9944506275537016,1.0,0.8501507576318643,0.9111111111111111,0.11133810175899797,0.07656833452835103
MEAN,,0.5202881191985891,0.6730298938406435,0.11099336120114,0.1315510494518814,0.9858087136042737,1.0,0.839739888921712,0.9155937272323933,0.1152157695527567,0.06904499540893247
