Glucose,Fructose,MalicAcid,TartaricAcid,Potassium,Magnesium,Calcium
344.1829,333.06775,72.356186,78.03253,178.80215,5.1860676,4.701761
417.76334,414.5746,28.257004,74.84264,224.50494,7.663783,6.2010336
520.4633,480.54022,13.545105,104.08006,109.574615,7.658252,8.586125
279.86398,239.53645,180.47313,133.12125,52.785202,2.81757,4.045946
204.23453,180.66144,135.63875,134.87717,196.00555,12.464675,11.454758
643.63043,607.6686,44.7213,71.69061,83.23144,3.7284617,2.0748153
78.69417,35.347748,204.40219,182.66118,139.85973,11.844392,28.488256
340.4193,257.32535,241.38376,207.07896,52.442764,1.7724167,3.0044556
233.94318,168.20226,237.64777,239.36223,41.141747,7.6563616,8.516101
114.60405,75.66855,260.88287,184.46703,64.27341,5.815366,18.81106
265.59106,243.15538,69.98284,100.504654,121.07005,7.536298,10.167777
410.41696,389.6241,35.799072,112.69352,197.0155,11.474568,12.642482
394.06882,363.0091,141.32767,163.44266,140.86772,13.2853,15.930761
318.08472,264.03638,142.67413,137.42676,50.28515,3.6349409,5.1181297
373.8919,332.56168,19.484238,79.69719,72.51865,6.968359,12.000607
383.20816,357.1701,67.66719,97.02531,164.81429,7.63328,5.89682
436.1639,425.19995,76.18023,79.59127,56.66384,1.7863655,1.6474652
264.2309,273.9806,108.60361,51.700844,62.28858,1.6814777,1.6142743
87.96037,90.591354,284.89496,130.27303,187.97516,3.9215918,4.4687176
17.545532,-20.57605,248.91153,238.29103,172.91367,17.074116,32.44523
177.97162,134.3818,365.55615,186.32718,49.20099,3.1146555,4.5532384
106.499344,62.75554,183.4851,232.04712,169.01945,19.29839,55.259224
122.63556,94.4332,82.19104,107.17154,102.72471,6.5649934,11.019522
305.25848,301.76135,58.358955,73.25166,192.47603,6.7686076,7.325247
603.7337,576.6767,38.89914,72.30794,47.22058,2.1058135,2.489214
538.035,529.1129,7.092514,72.66669,134.1357,6.047288,5.1285944
96.476685,65.70772,225.70529,146.26297,157.63553,8.3144,21.965143
97.48276,51.61499,339.17908,184.63133,42.644897,3.0417624,5.9524927
227.92233,199.94017,99.7207,113.24738,129.90709,8.185419,15.366148
111.63118,51.358414,359.22534,192.27208,41.685966,1.2542021,3.3751276
438.25653,401.81906,104.81851,126.14211,57.82121,2.00575,2.737898
95.417816,67.0134,176.51048,113.01227,136.51456,6.331268,12.260809
121.01297,90.03163,170.49596,162.71736,138.00208,11.585573,20.56369
76.187225,53.009964,206.12091,163.8577,181.54272,11.457345,23.260817
480.42657,465.87018,17.27156,85.223236,219.35103,9.915556,7.914833
399.56766,345.53333,154.59085,145.73975,56.503067,2.356101,2.6498005
162.72713,148.15324,168.85194,153.70183,199.30557,12.321695,21.357615
220.67282,192.8303,161.2378,110.71373,49.352345,2.0316994,3.710414
386.8949,392.4631,73.05957,69.95886,223.45212,5.7091327,2.6758423
732.6657,673.2645,43.059334,81.41269,52.78089,3.2978475,2.6136112
313.99405,308.24155,55.60829,57.934685,202.30466,5.0001116,3.5755587
463.37674,391.86237,25.624039,133.84605,99.87215,10.390354,24.41723
366.19147,314.97937,79.82822,151.88232,50.282394,4.5233126,5.8575506
83.04245,33.667755,442.56738,219.14014,40.787487,2.513639,10.89273
399.4673,385.56415,32.127625,67.285706,88.88171,3.6522613,3.7486253
523.02814,490.69305,50.9076,104.513275,56.90235,2.8056202,2.8264086
335.6084,341.01813,145.4713,77.79726,179.52783,4.5996137,3.3926473
23.520844,20.659485,436.81055,169.10468,168.38809,6.937662,12.422418
241.65338,228.10342,87.98177,92.7048,194.51973,9.664861,9.548956
152.40045,127.382416,390.8064,208.77815,92.77814,8.688381,6.0658464
64.535736,17.049377,279.30267,183.71848,93.84162,5.9185,9.051901
75.94702,43.746567,156.04219,192.49261,117.32333,10.62376,22.722965
431.1878,363.36865,144.79272,157.12372,53.35099,2.160676,2.7146413
67.789734,18.337463,449.851,250.80344,42.66116,3.905424,6.1521187
396.92233,391.74548,128.22928,89.06082,78.023155,2.637385,3.9585414
494.63678,472.00388,15.918381,87.43264,185.97984,8.05603,6.761012
668.1548,612.71387,45.525085,124.61224,60.055164,3.7317717,3.5980575
30.071991,-11.191315,274.2951,182.76675,162.16953,9.510761,13.429005
586.9289,546.2868,24.586136,78.1403,100.999535,8.506005,10.109344
85.133484,40.674255,516.21716,254.5028,34.86412,2.8086746,4.864779
74.16098,23.677979,457.0758,246.18532,41.547768,3.0452447,5.30608
312.58847,284.62274,23.217575,78.11982,84.46598,7.1335845,13.430828
495.9676,425.86734,148.80598,170.08896,51.880737,2.7332401,2.8577802
159.96835,170.85257,394.0099,115.36422,131.74684,2.8752754,3.2413301
64.03223,45.117783,404.3376,155.48462,81.33686,4.3420014,8.18223
307.9405,283.1106,79.66882,119.35422,175.15512,10.500167,13.494858
111.69656,48.289276,355.48776,231.55066,40.505913,3.5651739,5.8539753
587.53033,536.1834,101.46106,125.56817,58.074112,3.6096158,2.2296047
293.7035,302.63605,38.73996,51.741463,124.14771,3.1641111,3.2907517
642.2593,608.7411,50.621536,90.097305,61.87739,2.6358473,2.4980304
107.694565,74.06357,229.97443,218.08388,37.85543,4.6216908,6.4821086
150.06555,124.75354,193.89227,130.46394,166.42581,8.685195,11.204952
671.91455,629.7632,38.268692,94.27476,73.47259,4.5135527,4.099245
84.74255,64.65056,457.41217,208.61383,109.52806,7.837914,6.3926353
97.71823,43.134354,294.71942,232.21701,40.825848,3.9568763,7.1455255
111.330185,60.311905,226.17363,229.36493,38.038483,3.8358877,6.066634
497.72375,446.71643,122.30187,151.04353,57.67377,3.392953,3.599361
337.7452,271.7291,134.70804,160.28514,54.730965,2.9496114,3.7474556
536.3388,508.7589,15.539627,98.81828,116.409164,6.039366,7.6007648
425.0008,407.69846,10.458954,95.8564,182.07133,9.53406,13.459433
262.52582,229.78537,315.28998,186.12624,56.086338,4.437171,3.8905187
558.6164,541.0775,-24.902267,88.569885,227.46481,9.931185,10.433853
79.26248,16.374268,208.50665,182.45036,103.3599,8.066236,36.219414
269.47488,188.20645,199.405,173.43045,56.122375,4.0862956,9.519625
621.3932,563.9816,92.2943,97.050095,97.78084,5.7520556,2.387015
338.3144,337.88614,46.42044,36.06166,116.223816,5.99199,4.6971126
558.0221,515.9739,-19.894424,93.509834,131.3839,8.2601185,16.48172
31.026794,-8.787018,234.73889,184.24867,140.12636,7.615542,14.484692
317.73553,289.84418,47.31983,41.971947,73.84813,7.716243,9.145533
82.39322,32.819794,235.00296,167.16016,130.94345,8.924761,28.599205
391.7779,346.85205,26.3181,133.91696,172.01294,14.077392,25.84598
348.96866,366.7501,21.716553,44.772026,173.99596,4.053049,2.5607476
367.39883,375.33267,64.19173,61.61004,123.79283,2.9228637,2.2397122
315.29007,275.56982,82.23203,104.92508,102.18602,5.645099,6.1388006
547.84625,491.19507,76.07825,141.27141,52.450806,2.9787455,2.9956663
174.70084,151.37419,267.95953,83.12808,55.722565,0.8051467,1.812191
82.20924,32.926056,376.92044,197.60335,40.63598,1.8861108,4.0792313
162.75461,118.962265,220.27666,172.35492,55.96672,5.240314,11.547396
412.79144,327.72656,143.3381,202.99956,64.48241,5.5763316,9.589093
387.30453,354.3784,30.17781,104.52396,158.43341,10.913036,15.823145
376.8534,381.98795,39.302826,65.65901,209.4375,6.4862413,4.483149
18.852997,-3.2164001,370.88416,169.34221,173.81958,5.5283155,9.103563
121.52063,88.632416,355.586,142.20078,56.28826,2.1672776,4.2039266
54.273804,21.572845,251.92484,151.81534,177.68146,9.316349,12.944555
254.92644,206.57343,234.42725,109.546844,51.057503,1.8081175,2.5476005
511.19513,453.11926,121.720146,130.59833,86.72823,7.725511,4.934636
238.1167,191.29987,267.199,127.542465,51.20777,2.0466104,3.3062766
378.70404,368.16547,46.476807,56.309174,168.89844,7.9082766,6.3596582
281.1201,265.85748,28.442017,69.851715,135.76164,7.3165483,8.649819
480.49884,438.8761,72.70792,131.03815,63.475777,5.325519,5.098704
396.43506,356.58136,123.67775,129.87167,40.645824,5.4090815,10.47727
163.3679,120.66354,193.88704,191.21075,88.40643,8.746535,19.701412
736.67004,674.7711,35.34192,100.06426,73.72745,5.444862,4.19114
56.01886,18.895538,182.95857,181.33972,119.78551,9.316309,18.52157
347.1656,286.22192,240.26562,166.791,48.962387,2.0221124,3.060855
210.34074,162.9886,340.58585,199.63861,48.4041,3.708286,5.211114
339.30884,327.1293,99.231026,73.835846,155.1795,4.3933916,4.8589087
305.32755,232.78412,230.56754,205.1142,55.04798,4.172322,8.1786995
468.34167,428.13794,85.775276,126.274765,60.625824,3.1393728,2.7971616
163.79462,129.07547,224.5613,145.99353,119.92455,7.406234,9.259594
106.933136,90.280014,344.50366,143.76553,126.15622,5.933843,8.264596
519.65594,449.12024,121.1303,167.10558,51.5051,2.889611,2.695113
419.263,366.27655,101.398895,141.17375,95.50245,8.890545,7.7919755
362.42944,342.86246,33.589645,41.977783,68.78118,5.730175,5.9421606
675.04535,622.6715,70.03763,163.99242,69.094955,5.739998,9.578995
446.10773,432.9522,49.70732,83.519104,249.83626,10.555872,5.9770117
29.596832,-5.9331055,330.14868,219.06381,137.50598,11.187102,28.954435
318.33173,282.14413,275.1693,168.96075,61.535816,4.600989,4.540162
256.68008,267.3304,39.489594,34.898544,128.01866,4.1473246,3.9685597
355.93842,352.90762,13.880585,50.335564,119.02858,4.7867994,4.8634834
450.2223,423.24103,34.91162,89.169586,172.89252,7.9280753,6.9039707
554.8971,517.0796,64.225395,124.634766,56.63031,4.181834,4.8242664
197.72397,141.66237,275.0052,166.53766,44.62629,2.2144113,3.848267
103.89728,36.898804,365.21814,249.03108,38.100292,2.3914666,4.8670154
404.98938,370.08398,56.54454,85.61925,167.11795,9.929383,7.0899973
264.72928,219.05565,190.32866,162.66759,58.751106,3.6708746,4.186286
134.4099,68.45155,157.5993,202.43097,139.5843,15.906877,51.920242
489.76318,463.83176,6.6016693,71.83484,140.74004,7.337303,7.331275
85.3871,29.630035,341.4613,239.92172,38.042515,4.02952,5.8298655
42.104095,-3.8657837,288.82748,199.44232,122.440674,9.34888,15.149937
293.59222,278.33615,129.61258,80.84187,48.695637,1.7625648,1.8913858
300.967,275.36618,130.122,98.155685,142.3382,5.6804166,6.6032557
598.63336,581.1708,74.825745,84.86548,67.22744,2.3506367,1.4252241
299.36993,286.72833,92.34824,87.32102,187.80008,6.638424,8.0817995
104.73802,49.002335,241.09175,230.12833,35.780388,3.4919853,6.081564
539.9685,499.73788,82.1266,134.90683,56.537,7.4052534,6.4293137
170.76476,144.32384,209.46487,101.224915,45.37736,1.6573575,3.1159756
350.50253,344.56223,125.45219,72.226746,70.13791,1.6307371,1.5539088
438.89728,423.99792,47.34623,51.999542,150.33316,8.135587,5.5968103
119.74841,95.00789,73.50455,111.66699,84.310684,5.468365,9.538177
256.02765,191.10016,176.29332,228.16306,47.346695,9.016012,23.638601
775.33716,720.2278,54.954872,124.021255,51.11965,4.5883193,5.9932766
223.29999,198.93633,93.09556,127.86448,146.83281,13.264347,18.10244
118.092896,65.47655,301.34375,201.08212,40.599075,3.2545695,6.0524645
471.9195,439.97266,44.006775,83.29297,69.88124,5.9666014,7.0745487
397.98325,348.27206,165.27191,121.21319,51.42839,1.8004628,2.3434644
322.56488,311.0726,84.34896,81.37131,220.82666,9.711889,8.031388
151.11131,105.980835,419.5679,173.36365,44.046387,1.7857257,4.0542145
533.3727,481.09598,2.966629,117.61964,91.449875,8.458821,17.913258
188.64043,156.22147,179.4823,147.01427,47.909317,1.9923004,3.5808456
51.441956,14.701508,296.56516,167.10364,118.923134,6.7829514,19.26839
331.3839,318.6663,147.08469,86.8599,98.02739,2.3317726,2.0825462
207.15381,169.16322,271.3924,130.41595,66.93473,2.5827909,4.076455
197.6136,184.66568,136.58507,117.05099,187.8742,9.003879,11.669094
443.35138,447.14407,20.9684,67.58464,214.95964,6.9008656,4.815368
423.8981,375.7414,75.493126,150.02068,87.76517,9.365701,11.601191
297.62958,263.5752,84.8723,98.856674,118.46861,6.210596,7.3520865
362.5273,342.3851,30.70047,107.94946,182.8165,11.027849,19.0378
77.59491,41.27527,242.39215,190.88123,126.48065,10.896769,19.15338
104.281525,62.037186,130.73236,213.73013,125.15953,15.126071,38.10572
537.11707,501.26703,84.84649,96.859505,58.727234,1.9359722,1.7844276
211.0958,143.64049,436.7425,197.68304,44.09314,0.6923053,3.499117
499.7433,489.6197,101.72148,95.698524,104.5904,3.9303849,2.3290954
292.98718,235.62663,209.31087,196.25363,43.807487,5.8201227,5.24921
71.599304,57.29889,248.44957,175.7619,196.85135,12.934329,19.356194
444.49582,382.15125,141.70576,197.35703,53.268993,8.026033,7.8532557
474.76056,453.69385,53.465202,71.16227,41.99983,3.0743427,2.8316805
427.09003,426.6711,16.853928,58.05506,111.533485,4.399582,4.2829003
69.87512,30.5224,237.06465,192.8638,152.51071,12.311142,33.107765
51.081604,26.57904,325.38232,134.58348,97.21356,2.9445446,6.7091255
90.91742,58.978867,156.73091,180.26779,33.861797,3.050588,5.7078395
386.76938,354.73303,56.534294,98.1393,87.36895,5.607424,6.840748
96.11235,44.14505,98.00393,199.05582,106.944885,17.721275,51.369244
51.109802,23.448364,285.27942,206.16641,162.47379,14.138953,14.899113
76.58615,31.680206,183.61058,202.35818,140.13217,13.772446,33.48223
114.1351,66.82796,262.37784,203.28778,36.958057,2.648389,4.504612
193.89748,158.98105,188.58586,134.65129,46.75378,1.7978437,3.4802399
585.48,551.11066,59.04548,117.45074,59.125492,3.8755383,3.9817648
219.37173,217.11322,210.55515,128.42105,225.75285,7.8855224,4.691724
551.18567,509.89038,-12.525879,100.53962,170.42879,10.853967,17.520947
305.6579,299.96732,46.830627,56.92552,192.5968,4.384858,3.737443
391.7751,374.6883,82.88034,93.97409,51.538162,2.2028217,2.3239138
343.79422,326.8945,34.30104,93.02446,47.750694,4.251133,4.358929
428.6939,396.49973,21.926468,73.19885,153.97556,8.993584,8.62428
648.6908,596.3656,93.58651,125.069984,58.135864,2.1802897,2.1852467
324.70016,266.90216,129.56357,149.01508,53.8721,2.9473825,3.77005
459.8037,409.2938,8.182785,123.936874,182.62804,14.270026,25.574574
162.23734,159.13002,15.774124,30.174393,66.417336,3.6250327,6.56585
86.52086,54.7072,243.18332,139.08058,83.5336,4.314402,8.1164665
25.677032,-17.151062,341.22723,211.88579,148.93126,7.291747,10.998138
325.8405,320.24496,18.53247,46.402596,107.944916,4.2782736,4.6656594
427.71274,431.9204,25.192429,55.065254,108.07144,2.9547696,2.4556394
217.54475,184.9338,359.06516,176.03128,58.027367,3.11967,3.4876986
87.31435,38.49814,341.05267,198.40985,37.722782,1.4514954,3.6613832
319.1719,257.60596,183.90382,193.13333,47.36289,5.1803055,4.9067545
46.407166,11.36438,254.55066,150.11598,183.11661,7.6068463,13.376833
311.14517,306.86118,11.935974,50.65647,127.64935,5.2390447,6.766081
100.70015,55.248978,280.11,140.99086,38.14928,2.4475145,5.14305
554.7363,523.8099,114.53314,122.95856,87.75261,5.441456,5.0403976
52.88144,4.877075,260.75253,182.86487,157.44646,10.621609,25.38739
71.247894,17.643341,441.41333,265.1599,37.359306,4.771837,5.503144
79.30162,38.166046,426.3085,158.50288,42.509254,2.0213072,4.77375
319.4892,301.63837,48.34397,74.99617,171.68407,6.172717,6.4480743
192.90544,137.49466,154.99797,188.74187,42.298386,5.3771734,9.606498
52.09018,7.8662415,309.0243,181.58507,104.79532,6.789613,10.5842
46.806335,28.188416,305.58917,167.92892,190.38403,8.879938,18.032612
43.147675,8.571472,332.1286,152.59706,144.85889,4.736787,11.504863
80.54727,48.52455,166.3635,135.75697,117.078964,7.3556957,13.611261
580.58826,539.7975,52.51245,137.39246,86.90414,8.344113,8.538983
464.92862,422.08975,79.17961,147.23483,53.66004,5.6966257,5.8789344
562.5985,515.08154,167.90887,120.58531,58.513706,1.3605309,2.0500762
118.57005,86.87361,165.20233,166.88734,140.31331,11.547138,16.726084
381.3446,351.70996,143.60947,106.773994,87.72653,3.7288208,3.589268
560.3542,549.72906,70.78733,66.83644,59.201927,1.875543,1.8851073
212.10828,150.51636,251.89845,176.92166,45.364403,2.4156766,3.991756
160.09418,154.18208,121.02701,69.62495,55.468086,1.4243627,2.86635
76.99927,45.612778,203.27763,177.45102,164.6492,13.556113,24.90738
349.04776,301.25174,178.74785,161.33801,56.153893,2.4656389,2.9894927
410.72507,397.14868,1.270935,63.23121,146.15746,6.149008,6.348931
539.76324,486.04044,83.449615,157.91599,63.100864,5.6620045,5.1541038
52.4657,22.077362,300.32666,135.33514,178.49817,4.9412355,11.839424
193.21382,165.75934,90.18924,78.792854,124.48435,4.9404254,7.8698487
37.882996,-0.5142212,194.03969,146.1721,144.07948,9.379097,15.322662
50.536743,6.599701,333.7398,164.21356,111.494606,5.222491,8.789416
30.781738,25.764069,461.41656,157.49457,134.31023,4.714039,9.85659
75.34671,36.549988,257.45355,174.85052,36.796734,1.6039696,4.053872
384.20764,374.18857,51.28071,37.638786,114.150986,5.8455877,3.9702592
143.5604,101.29846,62.487373,102.773056,75.45838,6.8062935,20.80017
225.59576,208.68434,62.417435,76.036316,148.61043,5.885791,7.314726
143.24445,128.54805,267.317,95.09163,56.94023,0.9241035,2.592791
74.43231,42.96068,364.09497,282.17706,34.28817,11.258034,14.127054
578.0668,531.03064,102.939064,148.07706,67.66337,4.4292245,6.1315165
31.624329,1.8272095,347.0976,165.64624,165.2922,6.9515424,13.288523
196.65341,155.16682,329.5407,235.51752,41.97567,8.947685,11.791861
513.7403,457.27087,14.295486,101.52451,130.27692,11.632648,16.663618
141.95381,93.728,298.01636,177.60785,42.87957,2.169519,4.05058
709.39514,672.5603,58.36548,96.6826,54.379314,3.1619072,2.8667033
53.89392,25.242554,404.73035,180.72377,46.74171,1.4813852,4.659298
82.41513,29.021149,437.0031,269.3518,32.857227,5.139427,5.8621535
389.37723,370.21753,14.753098,67.97876,151.64795,8.018643,8.182062
387.81232,377.8726,20.326935,53.838272,123.027145,6.551553,6.3386874
171.07507,144.16727,123.25795,112.05139,146.35785,8.217073,11.047646
583.0024,520.3677,128.81923,165.82417,60.06867,3.0407307,3.8103776
203.65117,156.96646,252.05219,191.93472,66.591194,7.522967,7.4856052
183.68382,167.92633,147.15341,151.31197,203.43199,14.246768,15.087414
218.34113,177.49992,215.08559,144.19,49.47529,2.3937922,3.8182926
55.210785,21.275513,207.18536,147.84402,181.3211,11.962284,14.035736
78.476364,28.200989,461.42468,196.60085,41.264965,1.9885527,5.035049
275.35214,267.4882,46.71511,51.115433,129.53947,3.4811904,4.1359305
91.538605,36.62732,323.44138,231.2619,36.697086,2.205783,4.7323427
290.9092,243.21413,209.5983,161.77396,74.6672,6.257168,9.285354
182.97282,157.74382,117.84698,105.441536,103.16977,2.658827,3.758089
400.10446,402.83835,39.839996,59.08355,216.93289,7.0797606,3.6934686
345.99368,322.24155,91.68939,115.58464,53.917564,1.623683,3.0477655
431.3671,356.52982,186.80263,211.87119,50.077698,6.4521046,5.6610985
87.66484,48.325684,344.3416,230.30502,38.608444,5.4337196,14.495064
280.90164,266.92883,39.914658,82.83261,147.22972,9.099006,10.685686
89.6945,30.657074,430.95654,281.89868,33.112743,4.098871,4.84728
130.3613,114.46907,218.78497,109.86014,185.11462,5.4022913,8.27895
421.4806,376.37848,117.24553,138.04869,58.091385,2.3289886,2.5644045
303.34067,281.1478,49.67885,70.09511,101.15825,4.2878823,5.568895
63.987457,20.12854,280.65738,177.5021,103.65639,6.4227953,27.359068
252.92545,215.30968,328.02112,147.78868,59.52337,2.986587,4.3735
47.258514,12.899689,392.31824,165.54556,89.56239,4.2155643,7.534057
129.2208,74.7038,250.56834,215.79575,37.205265,3.559333,5.3011713
331.16254,297.7747,3.7782135,58.882713,50.522224,7.112923,15.949657
428.505,433.64542,36.273926,57.971893,196.93542,6.807152,3.103018
233.18742,193.90387,411.62888,188.64873,50.48803,2.754028,3.6438794
59.20526,19.810577,316.75208,195.69693,71.0078,4.9802904,8.425244
198.87769,195.88142,390.0658,178.92903,103.18658,10.03472,10.361775
467.16504,419.42325,5.109024,114.96605,172.24326,13.048548,21.78895
37.35367,25.025513,102.31726,184.22162,84.50873,9.174032,14.025139
554.86536,510.14874,59.51423,124.85805,49.15955,4.0185614,3.222744
359.45496,305.58804,251.25806,148.46648,49.8879,1.5904205,2.8812952
289.63193,245.44708,121.19647,150.4129,53.071865,2.5670962,3.189864
76.60373,33.036743,289.46915,181.22437,98.107864,7.2499886,9.796183
431.26654,374.79675,16.638016,120.69467,125.05464,11.8810625,26.614798
254.64404,206.43083,203.09956,173.27757,72.489235,8.194756,6.9955845
281.35156,213.24792,158.96379,168.60263,52.40064,5.424452,13.381062
85.836716,52.330963,457.23914,213.17815,61.764053,5.103936,5.2899647
285.91458,274.3494,64.34466,76.86264,55.83927,1.9319333,3.0483122
436.56445,410.4956,43.444862,88.61922,50.82553,2.0524979,2.2715008
311.04938,241.52473,159.40488,174.2711,55.376656,2.767736,3.5601552
134.78522,85.53285,368.7117,206.00327,48.051758,2.342554,5.9213853
74.02255,41.203857,351.1383,182.51237,86.92034,7.0783806,9.990163
270.46146,212.26851,149.12695,206.76413,47.38017,4.070715,4.94543
326.46793,275.72925,182.86407,139.89723,53.799393,2.2537603,2.8202834
473.96506,429.42017,50.63732,132.31877,135.70149,11.071928,11.132528
135.92267,98.091644,177.33148,204.37553,130.62276,13.182022,29.753412
429.52643,417.12546,75.105,96.62142,67.4683,2.5075464,2.6493406
150.45651,87.416565,268.23355,218.39166,44.676662,4.032347,7.9702616
59.85977,36.4469,433.0221,204.2921,50.80938,3.0349202,11.300848
123.32933,83.48479,381.3446,210.3642,46.95858,4.7723103,5.4835205
85.13724,34.843567,393.8337,246.19745,38.509197,6.220001,7.17784
64.95325,26.158997,485.27887,227.1116,47.549557,5.0159016,5.95242
609.7781,570.93964,-24.93251,95.60368,208.32043,12.469697,12.867192
390.34088,345.63232,172.0958,143.9458,60.26665,3.6826663,3.9260945
78.45796,31.87793,494.9001,175.72725,43.745815,0.9403777,4.928592
367.53912,320.97058,24.56372,130.90092,132.79312,13.669851,39.10062
38.84967,-2.697052,418.62183,202.79596,103.81659,7.4599895,9.778075
60.05063,30.245117,308.44775,177.26813,48.992382,2.858325,7.6219225
152.51704,123.20009,360.10004,143.11147,62.196457,2.719059,4.2286406
701.30896,667.4054,52.612442,90.47868,72.21532,3.0552473,1.9293914
91.17154,74.40854,205.76166,151.06787,198.33167,10.224628,21.05563
126.44365,96.81299,116.93152,175.54956,109.60974,13.320001,35.07726
247.9274,223.20087,285.41656,91.055954,52.33101,0.8217335,1.5145087
42.57596,19.501678,343.15973,157.34305,164.92645,5.776764,14.632978
537.18475,503.7965,62.34082,104.484474,67.98028,3.4428961,2.9476798
326.01733,275.79498,93.44894,145.84335,139.46742,10.501007,22.802683
79.27234,24.4646,184.78069,142.27434,129.45619,8.791993,22.447525
208.33282,179.04062,269.26495,120.47201,69.48851,2.675217,4.709194
210.58871,174.40407,112.77707,87.30615,75.13447,3.7114842,6.286773
534.25604,521.75073,76.114,80.79389,66.717354,2.1835065,1.498945
86.786545,48.851624,294.74072,243.47485,39.56211,7.174136,15.304319
431.44617,440.0646,8.432968,55.920776,144.31995,4.9275513,3.586526
54.10504,62.686615,408.22992,171.79262,183.23578,4.8139563,3.903212
242.8701,203.20508,333.94034,163.23404,57.552803,3.2415757,4.414666
360.12692,364.6221,23.638306,53.970947,185.57924,4.4740996,3.584399
262.7937,243.59123,51.58216,78.52615,74.44345,3.5851922,4.822817
174.94518,117.2715,299.32867,196.95523,45.741776,3.5707827,5.6951203
177.32355,169.15099,84.43904,105.41312,149.02835,10.788467,18.166582
114.88306,66.51561,424.3756,257.19,29.54018,6.5710034,7.112316
341.099,345.5637,219.07426,104.06608,164.0448,4.918147,1.9869227
256.42502,203.36176,195.50496,110.347115,51.52868,2.2352948,2.6402054
99.555466,79.380356,181.46548,194.0446,62.74277,7.571815,9.569758
360.11798,346.0086,25.596558,71.462555,153.18723,6.2373514,8.199046
485.46698,460.08517,31.464203,92.0379,91.431564,5.02153,5.2222204
270.7818,201.53854,233.23053,120.09479,55.781807,1.9713964,2.0456052
102.67224,64.75214,161.49104,195.50064,136.0554,14.880213,29.022062
495.4621,476.43738,18.081177,84.99129,240.26266,10.551506,6.752452
88.30609,34.637177,208.23985,171.88153,139.03598,11.270906,34.0518
147.466,133.73325,179.91502,145.4127,204.67436,12.343741,10.868469
225.6667,167.79126,234.1812,215.6102,45.90824,7.2464714,9.591872
498.3023,497.75348,67.47338,60.118332,63.549324,1.8051069,1.6643426
299.16678,280.45868,27.26973,70.23949,126.373535,5.9765544,6.7404375
708.87885,666.265,-1.4877167,86.31628,118.1889,8.7786,7.9215755
27.399994,13.972626,271.02505,126.70903,139.79329,2.76441,7.048478
45.837067,6.9392395,195.58269,171.66693,151.52328,12.951449,14.826704
311.14893,313.40115,116.318985,81.418335,215.59557,5.1547575,10.416092
36.32431,-1.5478821,269.29718,165.93945,194.13647,9.575004,14.753332
171.3149,136.11691,327.50104,209.1424,119.55818,8.605856,5.1929183
305.5878,313.96497,104.057495,117.493385,255.37209,12.489356,10.6305485
93.99069,56.980362,180.37222,199.10944,185.5196,20.730968,32.686886
189.69751,162.44054,153.82152,179.10733,51.326073,6.204438,8.006475
472.20703,453.82544,-5.8256073,78.55003,164.54318,7.625141,10.151096
664.55164,613.6345,95.65406,107.22446,52.928955,1.8629676,3.2356353
634.4631,575.3246,65.56747,134.35689,54.054863,5.345521,3.8452692
228.44617,178.24863,147.25438,191.30347,53.111908,7.5506926,16.572248
324.0904,276.62723,121.03801,125.33528,51.286068,2.5943694,2.7399125
42.12448,4.0014954,261.56345,181.1326,117.61421,6.350298,11.668851
300.69467,284.40195,149.67134,84.57385,86.152985,2.007425,2.3574648
80.71187,38.491913,295.93625,200.4863,37.632862,3.3109133,6.767852
396.1828,382.48523,17.041779,57.90338,135.48666,6.7907887,6.506977
299.7277,272.51343,76.47031,87.724815,167.65079,9.262059,6.9155188
510.24023,490.90094,83.53215,82.89505,59.764145,1.8115741,1.7363558
418.06128,392.97116,8.954514,59.45729,118.61303,6.6050425,7.085207
208.1015,167.85178,275.24744,213.26686,59.908028,9.673922,10.635824
158.49986,148.73586,86.47223,60.423943,180.63171,3.2024653,4.6186514
202.21545,123.45334,307.6775,230.92126,42.10495,3.0584774,5.2340565
689.74194,633.6184,42.54538,120.27057,56.758842,3.1859648,3.2157826
667.424,613.99866,44.938683,108.86624,56.70499,3.7024374,2.7386487
266.88687,210.02933,423.7553,167.59303,45.971817,0.7987952,3.2931066
581.52264,542.09595,48.128075,117.622185,59.34611,3.5609004,3.26119
359.7041,325.48227,59.351334,100.58862,155.8426,11.117584,10.430296
232.15662,222.12312,127.0863,72.41763,46.77861,1.5504811,1.8541048
1.1625366,-40.739624,254.4667,222.53276,166.79059,13.695547,17.585384
114.47827,46.49089,156.06317,170.40948,129.49109,12.651355,47.29268
277.21313,238.74037,157.78392,163.85953,56.90671,4.8865676,4.5957685
140.23636,86.94676,385.64584,252.17447,32.212482,5.9728975,6.9444103
328.9908,315.12634,58.89042,81.95308,178.32149,6.802742,8.282573
194.9935,169.21278,323.31326,131.63124,68.39839,2.7689016,4.177797
71.72757,50.95604,419.04504,147.62392,52.7783,2.611836,6.387125
168.93214,116.950134,245.2268,236.56424,51.47052,8.28967,29.697866
531.9515,495.97546,54.16413,112.12621,59.382385,3.150376,3.1041858
99.72412,44.290527,294.57385,236.53473,36.03819,3.7051861,5.619525
475.15887,439.90417,-12.149521,105.94771,159.37384,10.471224,24.66623
183.8184,138.91501,299.6473,146.18088,47.645134,2.0327232,3.718101
379.00055,385.51147,58.546936,57.39917,235.26889,4.72647,2.855168
136.92258,100.57832,170.90877,156.05171,134.41818,10.240246,21.025723
72.67554,46.716095,215.16806,120.053314,159.54492,6.3682213,11.888191
712.9098,660.55164,37.086,107.37278,62.317734,3.289153,3.040503
657.7603,597.9236,155.7441,168.41489,50.871628,6.0750523,5.9583015
98.32442,62.094666,152.35674,165.80037,130.60922,13.601593,31.72049
586.0652,547.37085,33.771667,90.26114,157.78578,7.0122433,4.644102
345.4343,278.6236,213.36746,213.80359,48.304436,6.2397327,6.0946217
485.27313,465.6133,82.268654,97.31282,87.57875,3.7798257,3.6943593
144.83615,140.63068,210.17719,92.640915,57.1596,0.86635566,2.9467177
441.90692,373.14142,173.08838,171.38794,63.641003,4.220215,8.225505
265.82874,226.665,296.58252,219.77509,53.552795,8.841813,14.159044
322.49524,309.86548,44.609116,48.729103,49.144974,3.7265348,3.9130232
703.7295,639.10425,41.44507,138.50824,60.85367,3.8898535,4.0540466
193.42049,162.29471,113.03787,123.052216,91.69011,5.4133463,7.9756136
610.7705,557.4424,7.956772,107.210304,107.1359,10.357302,16.432467
256.50815,192.21246,314.39783,222.10033,41.284092,4.3759,5.612625
282.9315,230.86328,180.90054,115.288666,52.954094,1.9801089,2.011442
599.8989,553.5292,65.1377,96.29648,54.103615,1.9240134,1.8891308
423.4908,376.41766,173.88411,145.65164,56.47818,2.7974503,3.506092
108.254654,70.985855,452.37262,209.27715,47.67836,2.6681802,4.4568872
95.95343,83.52667,211.69962,158.9113,187.38266,11.453652,20.423311
73.25574,28.661285,307.58545,176.5769,39.469543,1.3103442,3.7578697
99.623215,47.20752,387.20206,234.99908,39.568012,4.6146717,5.952485
103.5621,55.60034,385.9146,176.10667,45.849052,1.1413088,3.3388412
69.08948,19.917145,244.82452,128.89691,143.20132,5.5110264,15.525446
58.41568,20.04065,202.60776,175.82611,142.6456,10.856923,16.128984
323.6122,296.21957,105.25121,120.17203,51.361053,2.0876732,2.5709734
51.793243,14.928192,200.18645,144.38562,170.52444,10.084404,12.169769
419.52237,412.5558,45.740532,49.320724,169.854,7.596277,4.5410748
227.59074,181.30435,248.18332,173.80692,52.231987,3.8642786,4.635335
327.1933,312.6054,6.9219055,54.306107,99.10737,5.449467,6.3473268
188.34753,159.23232,370.751,148.76234,67.67399,3.1639464,4.2364535
364.867,372.26398,25.156555,48.943016,123.247086,3.3584757,3.07859
466.18512,459.64868,66.01619,77.18471,72.754524,2.3638787,2.056695
241.83304,222.38416,48.08676,67.3393,125.24501,5.7535143,8.220464
679.3209,631.4086,45.290962,90.66437,55.07524,3.1487844,3.0576537
52.361725,20.619202,223.69514,173.76733,179.64069,13.628983,13.57115
86.032486,55.733612,321.97104,223.33942,55.515316,7.4213963,15.635765
141.82568,102.18437,54.74312,39.71502,71.88472,2.2824636,6.1550827
244.0018,239.90985,80.253235,58.99347,133.34839,2.9293637,3.4189014
76.12259,54.966827,335.1842,129.65259,84.62499,3.127342,6.259333
65.6467,22.495453,434.003,166.54271,42.976616,1.9711763,4.460551
562.1078,529.9281,55.8377,93.879036,61.634094,3.3032818,2.1989393
232.3118,204.98894,78.71414,125.311775,97.635376,7.942167,13.462072
586.8535,554.4895,45.362793,98.475204,58.401062,2.9718914,2.5558693
139.91936,112.023026,426.02432,227.22191,42.56572,7.452673,10.360809
288.5086,268.35565,72.242,128.11101,184.03165,11.625377,21.447447
292.8183,270.09305,38.845352,86.29483,88.431366,7.2377834,9.479645
830.13293,739.77014,54.28669,112.675735,67.832306,7.300847,3.8205438
412.14862,406.30307,83.32979,76.42207,59.921814,1.7234164,1.8656049
156.06111,91.45976,361.89966,257.5216,36.02369,5.358098,6.993985
543.9866,494.0153,21.168335,158.38908,106.94038,10.730858,22.743517
233.20192,228.0441,114.82817,76.60654,207.67757,3.7604012,3.6479878
448.29395,396.43518,108.282135,168.26187,52.161263,7.53579,8.6195965
69.57861,34.79779,217.96811,188.87732,155.89716,13.158105,21.829588
197.13338,158.29973,198.45747,144.03046,48.453403,1.9899077,3.4922266
599.20935,574.62506,54.797318,87.92436,63.042725,2.61793,2.2456636
8.984283,-28.879059,268.96722,243.26308,183.10866,17.533913,32.074654
630.3323,580.72986,24.82338,89.71402,142.68454,7.5330048,5.2382536
424.00375,398.72635,-5.6311035,72.97574,133.80621,7.366129,9.812525
305.9824,298.24973,93.14198,75.08894,51.95216,1.427299,2.3760214
144.0348,135.142,269.84674,85.60841,87.82264,1.9415923,3.3282313
98.50101,80.16498,180.24239,139.699,187.24797,10.9328575,14.691866
149.95018,99.778915,202.1779,152.359,173.58289,9.5161915,41.59968
481.4544,501.83325,149.30576,65.11389,95.48192,1.8624375,0.7638922
98.91356,52.09175,187.68423,135.07663,140.65965,7.8838277,23.420765
260.93692,237.81924,265.99695,167.49867,102.59734,8.726688,11.782983
305.1951,272.96503,252.7446,117.59012,64.35043,2.086769,2.8743901
428.98462,420.5775,7.693695,75.23164,174.63501,6.993721,8.137636
418.096,410.08347,9.079849,67.164986,157.63416,6.499342,5.7906866
227.62804,221.2205,164.55704,108.53556,209.34723,7.5000687,8.505646
83.25412,29.947113,388.30585,220.0926,41.97386,2.9366605,5.31552
509.80017,447.04303,173.19418,186.75598,71.77348,5.6722927,13.808258
549.6113,519.32623,24.636322,80.583405,104.43031,5.527728,5.177175
45.62149,6.4595337,198.52808,186.5007,139.13684,11.244213,15.550735
332.7735,320.07092,32.545624,55.83558,71.277794,4.035625,4.443883
381.67813,325.79752,155.77869,191.17986,52.949833,7.0311494,7.135452
303.50015,300.36786,12.156418,49.344543,124.415924,4.4660335,4.999364
628.0462,584.53235,53.402245,113.21759,66.2804,3.7985976,3.0417118
319.10852,306.36725,103.852196,75.22124,53.363007,1.625561,2.1379972
419.09357,401.83185,95.57387,91.74336,62.645573,2.630695,2.7458813
522.4887,483.22424,64.41495,107.880745,53.055626,2.1253562,2.1292756
583.3998,511.0285,154.82031,169.44806,43.757675,7.763004,5.1092687
276.85352,251.40576,94.79683,78.56215,145.14163,4.964009,6.503852
604.591,553.44946,-30.471039,112.84171,169.3782,10.892397,17.672604
100.47862,73.734955,185.42314,229.9809,188.25833,21.080166,50.676693
78.30855,32.993958,385.40305,225.94196,40.748356,3.6444948,7.1956024
116.051636,77.92128,270.32617,192.13747,51.787827,5.36479,9.011368
458.23376,413.40756,98.81359,129.85738,49.616413,2.4059339,2.7118359
476.63785,457.41864,17.314178,73.955215,139.12222,5.7436934,5.06421
167.32788,134.68132,341.59265,198.02286,74.25294,7.8047037,6.487476
561.8296,507.8919,76.32853,127.33309,51.222137,2.151514,2.1516535
400.04248,362.12878,119.23006,119.852615,54.35952,2.1735659,2.2375681
361.433,380.5266,71.62393,55.6521,65.80901,1.3839364,0.969944
122.08531,114.4193,309.7001,89.12222,60.84173,0.7809,2.1874907
106.74606,103.439575,320.10086,152.62741,139.33086,7.7081614,14.850807
342.7234,343.1126,88.61566,70.85039,249.9011,5.958085,3.6127043
359.01462,352.81885,77.38928,85.04938,254.08014,8.742251,6.0186434
508.20862,469.52972,5.547653,86.9911,153.22908,9.510964,13.416395
775.982,717.448,20.1846,97.74576,44.642082,2.4420733,3.1427858
237.5674,203.21222,275.86154,139.60515,63.34131,2.7354813,3.8399076
273.86496,237.54495,88.06042,133.53568,109.45896,9.176025,9.247877
137.55489,107.979385,145.52066,129.89157,46.327847,2.3203359,3.3327909
106.15602,75.20126,195.06117,167.68643,36.484444,3.386282,5.772026
385.52765,370.24026,70.86125,74.09655,48.973816,2.5735898,2.266973
332.94904,310.54678,106.40457,111.39409,163.06488,7.97625,11.209319
413.1839,434.19904,21.542267,50.996025,154.62204,3.3309171,2.3386261
177.93045,152.96634,317.42184,127.903824,62.156616,2.2496455,3.7394118
73.618195,35.044586,285.63928,260.6097,29.841076,4.2086153,6.397253
111.740585,85.79956,153.72815,135.27637,169.59827,10.881738,22.73227
440.40424,396.43857,5.001465,141.71043,217.9585,15.161716,35.93572
366.33606,364.15045,43.220764,64.62632,217.05252,5.1924877,4.2962146
416.5504,418.04446,48.16542,70.15463,121.00604,3.4223964,3.1939874
436.72525,420.9348,78.10409,85.719864,56.309532,1.8613219,1.7005558
305.19595,284.2498,19.498322,40.71801,85.96574,6.146269,6.8667254
44.68625,11.127594,378.1192,223.30652,76.805405,5.7827625,14.463655
247.4996,183.9203,238.23349,176.70638,44.917377,2.7233062,4.109106
389.45966,349.1317,43.611153,134.05344,165.37474,14.216199,20.44178
502.1546,471.9799,8.013748,86.50534,171.67203,8.282843,7.4735184
455.2427,406.78824,119.75342,138.64037,59.95864,3.7516484,3.8571486
465.2054,422.74725,178.89949,120.52914,57.073265,1.527163,2.0298672
40.119568,19.494263,507.59045,168.51495,42.921223,1.9699512,4.8502517
375.5119,369.51996,80.11646,85.16807,249.87543,9.188759,5.11226
231.58371,219.97174,40.326035,58.60723,115.932434,3.3214052,4.4504642
409.8156,389.7352,151.93556,103.4776,74.39276,2.147138,1.824743
182.08405,133.65723,286.86273,207.64561,47.760895,4.408546,4.8940134
706.8003,679.407,53.28579,91.796486,68.467155,2.8393507,1.876528
346.8336,329.72272,172.99612,76.93137,55.127853,1.1417079,1.5326569
206.81128,188.66283,38.712036,52.706306,113.8288,3.6974137,5.4048862
56.06021,34.06198,226.4968,112.10946,194.86378,5.5841656,9.961068
-7.0346985,-48.584473,283.71988,233.97208,168.66434,13.178713,18.072037
320.18338,325.03577,42.94448,58.371407,180.47626,5.7781677,6.0651193
553.84576,538.7076,72.93258,90.71358,118.159096,4.424951,2.929078
89.39198,84.46721,391.9015,177.46309,146.45139,4.1619115,2.9592245
112.124374,69.09296,237.76459,218.21364,120.8172,12.436879,41.31547
155.05406,80.17293,315.33728,256.31622,39.008915,5.0938435,6.0200663
201.95178,183.22076,66.54873,101.719894,104.74174,10.1078,21.700188
358.09045,281.2058,133.45392,230.48941,49.65195,10.321775,18.084951
660.17865,625.3465,55.20871,92.88325,64.620804,2.8055162,2.0728726
161.31252,129.85147,136.32614,212.0958,66.158745,10.800854,24.135862
568.18506,523.24316,-28.513077,112.29814,193.77063,11.379019,20.410942
464.9482,467.03442,62.442924,75.70895,164.24542,5.09334,3.2814345
585.4054,539.2873,56.887054,106.15614,51.46883,2.1177442,2.1786804
160.65929,90.36282,241.09583,236.63928,42.680847,5.947495,14.180855
200.71852,189.83296,116.408104,98.30586,165.32507,6.502944,12.782707
108.7975,60.260162,340.18707,163.37833,42.649693,2.4257398,4.7136664
360.57416,328.1449,107.64412,129.66362,51.80088,2.445365,2.876879
83.91972,29.192078,249.02786,257.09747,30.729885,2.5035362,4.6995115
32.177673,31.669159,432.76044,133.49394,130.444,3.034947,7.3804703
120.0612,43.195633,235.74136,114.89407,160.9914,3.122365,25.419712
368.40857,378.5434,42.30722,57.77446,204.56223,4.8204794,3.7813065
48.206696,14.847992,367.48416,173.10086,100.16005,3.6622663,11.285236
129.42284,99.58913,154.78828,129.07968,137.70383,8.195694,25.16273
315.13788,266.57303,233.44115,125.86278,49.585754,1.6248331,2.6100032
44.954956,14.120636,232.73006,177.54619,182.13766,13.831565,14.908436
150.8142,109.33249,285.68707,106.41283,47.16478,1.5553188,2.3466682
598.13245,601.84015,24.085434,82.28145,125.26372,4.6919174,5.001882
137.90898,77.18611,269.48154,224.88266,42.17941,4.6031656,8.053445
294.48633,229.5169,232.26248,175.3703,51.178993,2.5395327,4.007019
286.71262,259.85538,66.78247,102.16269,157.22864,11.462125,11.985924
381.90268,346.33063,18.691101,75.94112,95.5598,7.7545834,9.61273
189.95703,151.49783,253.2136,159.73224,87.79134,6.3399096,9.734053
233.89047,218.31987,25.85051,59.54866,94.944664,6.826945,8.87123
576.5056,534.2347,56.316124,133.89368,113.59834,7.862383,15.810385
298.3252,294.55368,96.898674,105.159355,219.00865,8.918179,9.983309
87.123795,29.776733,392.82822,248.24341,38.52963,2.9436095,5.007662
175.01772,147.01646,1.9897614,52.456657,10.210709,5.440792,16.75822
390.72958,347.0163,111.41548,147.6839,56.319443,5.675933,6.218722
381.8022,380.02307,19.223694,62.63182,185.55884,5.9004354,5.1713543
137.67604,100.7296,158.09671,152.42374,127.058464,9.936136,21.404411
402.46378,343.96967,127.45938,168.4485,51.702835,4.6336455,3.8043225
62.141937,18.53128,271.30426,112.371666,141.7104,3.671427,10.448487
303.49768,247.50183,110.43341,127.82408,52.195953,3.1536357,3.7027297
78.6694,39.00815,476.88354,247.62245,37.287,2.843146,4.9416122
572.9153,499.0172,134.26347,165.35422,49.91696,5.3798046,3.8903458
83.65715,35.537445,395.33356,191.09619,41.071518,1.467138,3.7807052
349.57013,325.55157,22.773636,101.2325,145.87846,10.419006,20.379168
369.01108,364.43433,25.034943,46.43473,94.56643,4.732944,4.571316
199.59955,148.9895,188.27396,186.06961,46.88523,2.5724328,3.673083
165.8953,126.2157,281.22034,186.02823,109.42947,8.653708,7.2517624
41.479523,-6.2261353,183.25188,141.56152,108.89322,6.4166965,14.898546
141.45305,112.64917,123.6716,103.94464,98.36933,4.7150245,8.4772
153.64331,98.061676,301.57874,204.77582,45.309143,4.388223,6.34429
575.88837,574.6509,68.08559,77.66728,106.39237,3.2697556,0.873024
142.61272,105.26329,290.6981,146.32065,53.782597,3.179706,5.7421865
497.1374,479.71326,82.37516,93.32321,134.97075,5.31812,3.918831
741.6166,691.0193,17.60817,122.195015,97.43543,6.74127,9.8081455
356.29337,276.39398,161.4201,164.85812,61.360672,3.4306645,5.4514422
100.67154,51.10472,368.2869,250.58829,35.443607,6.437372,9.156555
443.64636,416.9731,132.80746,113.370804,73.09157,2.9187548,2.5996552
205.31714,170.36218,103.02879,169.81772,121.44474,16.657383,38.249557
57.56082,24.342346,212.12872,116.40648,161.75598,5.4718504,10.669706
50.32077,14.249207,264.47253,187.10643,86.72171,5.602049,10.07891
358.22556,322.9473,109.42306,130.32727,56.006817,2.1304343,3.0095673
194.54167,134.41714,321.38568,233.59048,40.94289,5.4992123,8.802399
117.75833,104.1349,171.28961,261.62494,32.099464,7.0379934,7.8985186
258.25195,234.2875,106.013054,112.2645,184.0325,8.9254,8.651915
132.22028,107.36081,187.56871,95.60663,170.12762,4.6622825,8.7923
303.04742,254.85834,243.83754,124.85753,48.346233,1.5042393,2.6689012
266.58078,242.14638,151.6086,91.75719,58.28,3.0191698,4.040151
334.05148,326.07117,38.09221,97.41983,38.40005,3.6195729,4.4764357
93.942184,47.291946,398.83206,162.0386,44.17566,1.5852628,3.7881963
173.82213,137.32025,167.30127,150.02348,160.80658,11.025774,14.074949
240.5184,158.63824,242.67133,209.94467,61.926456,4.6454296,14.463165
511.77173,441.7674,141.01227,205.78438,65.0918,9.593754,31.156332
556.30786,519.33057,93.18529,96.21634,59.68586,2.1530008,2.2475638
43.999176,19.86325,293.22034,155.68251,173.38632,8.581905,12.30953
672.59644,635.9787,132.7615,122.43536,88.726494,5.6349277,11.7175865
166.35631,127.6602,168.5173,185.2282,109.91049,10.079088,21.016478
584.18854,551.4675,52.665833,95.49965,63.20495,3.2017434,2.6123078
466.94897,459.77264,13.485352,68.65439,185.16286,6.8260765,5.579962
235.86017,203.32281,187.26285,95.04934,68.71714,2.705716,3.9903708
596.1641,537.5619,12.648605,110.51314,153.33957,14.351541,22.434448
340.64276,329.16922,8.905548,49.492966,109.19181,5.3660097,6.0481687
475.82098,444.12067,203.28981,96.934944,60.98138,1.129003,1.3204174
351.9805,359.00546,211.05873,102.53109,178.92143,6.2655463,4.010983
153.01625,118.018524,252.79938,186.68304,145.09833,12.49762,8.923849
264.27774,204.02603,171.67322,135.66702,62.561966,4.4803004,9.427193
31.516663,-7.968567,220.9295,213.0716,155.63596,16.024014,22.513002
490.64484,437.1789,22.34494,122.61715,129.79465,12.0659075,17.473927
328.72778,292.16425,254.58203,139.0166,62.5905,2.4286356,2.874459
39.388947,3.2504883,303.2306,155.86993,126.12332,6.584545,11.280987
87.935,55.256485,200.27106,192.36699,63.99749,6.580291,9.810303
326.16333,302.459,93.261856,136.99748,56.351784,6.633416,6.083585
477.56512,439.768,215.68329,154.33661,63.45358,5.2600536,3.3979735
87.10742,47.150513,336.13202,219.44711,38.601875,4.6223917,13.02396
149.26834,120.99541,98.70645,89.03206,131.987,5.629028,9.263819
132.09149,72.73883,470.28784,207.89511,42.738174,0.94793177,3.72979
534.1117,491.08044,10.524246,83.46762,128.45044,9.559465,10.82608
453.9121,424.04004,82.17084,108.039505,92.9699,5.3425756,4.3267956
857.1619,782.69135,33.273132,136.51349,67.06542,3.7333498,4.573447
271.34607,235.92802,344.01944,190.93938,52.903603,5.778331,8.125737
484.6557,480.5841,32.834595,71.47162,88.7288,4.0458164,4.030897
94.28551,52.1904,184.66321,198.41008,156.74615,16.98204,40.1559
331.02457,303.6763,41.149536,109.074455,130.04355,10.311483,11.5739975
102.572235,68.46687,179.583,172.72902,134.29338,11.87684,24.85389
122.45116,75.87105,461.1245,221.34634,40.518364,2.9828923,5.0971665
655.69543,614.9243,51.192726,116.92146,58.512962,4.223533,3.970953
90.35359,19.716858,182.9441,157.76039,112.99312,8.650885,28.048195
499.65662,496.58362,115.11171,74.58815,75.23711,1.8690231,0.94345665
435.2319,419.76978,23.327026,85.07663,32.900284,3.2302928,3.6975856
161.84828,89.115204,400.4904,213.25974,42.456146,1.3053794,3.824163
565.15125,516.7454,-6.1197357,102.2097,165.34955,11.457409,15.128689
428.39462,353.9817,101.55223,171.49518,59.755844,4.3698907,5.754964
279.67072,241.16916,158.27188,172.48566,54.873222,6.934951,6.4126377
410.01492,356.59378,136.73358,173.31816,56.288902,6.489789,6.101463
386.38052,390.16367,41.31363,56.252274,201.40533,7.6374197,4.432428
298.4751,238.01268,241.38162,162.48389,57.336487,2.8436947,5.0494823
368.7637,306.28232,178.02173,131.32318,51.916946,4.3217516,8.717175
208.97049,168.67368,411.69928,135.34128,54.279324,1.7350025,3.9056172
251.26208,224.81262,127.7565,150.41411,168.95169,13.516474,11.941294
245.50899,228.34288,93.06428,82.57396,144.11372,5.4114823,9.941055
307.33194,239.6068,124.46542,172.63771,54.775524,4.4561644,6.8456163
73.720856,54.805786,245.34982,180.58432,178.4282,13.199581,21.684963
491.13483,465.49982,26.733383,83.6174,213.73923,10.59128,7.226006
451.9945,433.13397,121.7596,109.40826,78.2,2.291046,2.2770004
203.69754,177.81667,83.093414,80.64473,129.76651,5.6237297,8.682474
201.64282,183.14442,82.77487,139.293,92.209145,11.738381,15.660618
471.80328,415.855,196.10077,174.72173,71.22276,4.9714165,12.495132
307.98804,240.99353,242.41075,163.92487,56.184486,1.5766957,2.4724948
442.1439,404.5335,70.48448,117.8304,55.667866,2.7974072,3.0792053
383.75403,407.55597,24.821487,41.594368,150.21066,4.3876452,2.35694
180.22292,148.59676,87.89081,78.80954,119.072334,5.3324623,9.065179
61.82657,48.467834,220.98679,123.1819,205.5671,6.6851497,9.089489
71.7399,43.19551,212.04727,195.48181,30.948994,3.284106,7.0294065
359.9973,339.95316,96.500916,92.207794,53.12182,2.4621658,2.6964355
260.88342,219.48874,120.03523,111.39554,140.22787,6.9286184,22.00177
110.06839,76.88277,230.36932,137.61151,104.16183,5.3093452,9.185585
95.58705,54.462357,375.37152,244.75064,36.747925,6.653846,10.384911
373.44894,326.33167,233.5247,195.95435,53.91101,6.284192,9.555877
62.16028,16.314606,166.76468,160.15813,123.72574,10.534026,20.816969
297.1554,259.82727,200.0263,135.97395,52.87196,1.8823216,3.2513003
321.83035,290.96005,180.98418,103.61833,78.571754,2.7087069,3.237319
715.14716,648.81494,37.454605,121.41916,56.63803,3.5312247,3.7126067
52.474854,11.073883,489.0746,214.5352,43.87111,3.4447172,5.7524047
593.10626,535.4621,70.83288,132.84767,56.26897,3.905795,2.922808
481.13138,440.9568,58.991425,148.58122,50.076645,6.050294,8.134251
468.87207,442.9262,88.680176,92.70311,59.53468,1.8308372,1.9456813
213.08167,188.3695,127.74112,136.65173,160.89124,10.642834,20.439016
317.9202,306.3138,40.89328,66.4305,175.91559,6.215594,6.120389
569.06396,525.9971,65.12483,148.62927,57.035316,5.810176,6.681025
143.85945,89.69299,250.33774,241.47241,37.868443,7.167226,12.657221
96.498505,64.51666,151.67876,76.09575,159.32605,3.725,7.5790577
277.67786,236.12767,237.32733,181.43741,68.35664,7.360427,9.558686
613.2351,546.274,-26.920486,119.84118,127.241776,10.613821,33.595776
112.082504,79.08002,173.66725,159.07242,131.53622,10.976753,22.970823
224.81067,155.23982,236.03207,187.71132,48.746635,3.579971,6.5608974
119.52965,84.50386,242.52344,217.45337,40.15415,6.196814,7.075041
27.821686,-14.774689,300.80228,225.72447,135.59544,10.832943,22.695051
591.8585,544.33826,55.784225,113.498436,55.87417,2.797496,2.6867313
518.2836,470.248,85.406715,148.48912,58.8859,4.559566,5.0735717
219.25072,161.67279,364.13586,220.66376,40.590237,3.4538403,5.250078
67.07565,16.447235,351.2578,311.9929,24.496544,5.0553966,5.8439164
406.40826,347.3702,215.04346,164.11295,53.8257,2.0108626,3.2362182
140.56438,96.49504,329.67395,255.96683,47.30471,9.627026,29.53662
439.7589,427.83963,27.678696,77.5269,187.3764,7.098472,5.470138
498.8777,495.65656,10.852783,58.54505,122.49115,4.1649137,3.0941896
249.38882,195.39542,57.78232,111.84102,50.49248,2.992046,2.7899876
200.07777,140.38197,184.46057,177.31831,43.55899,3.5171409,5.370926
621.8975,559.45435,75.881676,131.8609,56.138878,4.663333,3.1116138
177.29887,137.48108,271.9589,171.77281,115.83392,7.4638414,6.829952
447.96774,445.0433,4.5234528,66.84978,188.4816,6.50994,5.4378448
506.5407,482.11465,-0.5087738,78.9106,149.84528,6.6668415,6.567085
307.28015,302.94525,96.663216,103.65558,239.94746,10.433131,8.070575
358.4576,364.529,61.225838,62.52797,50.6584,1.3702912,2.3922782
367.62527,291.88406,75.73648,172.9451,71.22141,3.5074856,4.0890656
90.776794,37.001923,336.36365,228.37868,43.13638,4.6663527,7.2375383
47.41098,3.4365845,355.90182,185.52711,110.50855,7.476015,10.96253
91.947296,60.27913,397.12964,154.04906,53.174282,2.047871,4.124033
558.6649,486.5994,179.74886,183.70328,66.552185,3.1762228,4.5862646
463.3676,399.28464,165.78714,182.66049,53.18438,4.95418,5.1172667
50.365143,14.047791,325.2289,201.79636,74.653694,4.8609548,12.691931
729.25903,667.2091,47.467384,80.14758,63.66446,5.012179,3.367454
528.6014,471.20956,78.55652,170.73926,109.857834,10.002838,29.528238
353.584,322.7353,133.7031,112.90064,56.29545,1.6733148,2.7150984
53.31259,9.639313,507.67584,185.91779,38.963417,0.90302277,3.5885248
555.8826,531.0986,31.094467,98.9415,108.170654,5.046052,4.71095
457.14014,414.30118,134.77126,117.67351,151.5445,8.132104,3.6697736
390.8529,378.73624,4.350403,57.991516,142.83025,5.094755,6.1791677
270.4196,264.7632,8.6306305,45.049255,104.87773,4.766271,5.6900835
137.11658,128.16992,44.83172,122.1881,68.01975,6.4946537,9.118345
2.9707336,-48.6929,383.69995,255.2189,213.27533,9.958715,15.075182
161.73648,117.33783,389.02618,150.03264,48.093536,1.5988076,3.6848116
61.65207,2.8693848,242.66397,154.06935,129.74828,5.7281923,16.407856
176.43953,131.11658,191.6499,184.16377,124.08261,12.058495,14.711361
566.70306,516.0341,98.14521,127.85899,57.512695,2.3602436,2.115397
300.46625,239.77637,314.90845,211.48532,42.309494,4.1043973,5.4831896
695.2726,645.85205,62.93274,158.75632,83.457306,7.911794,16.743914
676.8115,635.62463,50.786964,99.28164,60.590572,3.2609336,2.870179
355.20953,335.62274,42.850983,72.75734,160.66284,9.169302,9.724636
405.23746,370.95947,48.12681,94.38905,185.01297,11.903454,13.566891
247.50089,252.07823,68.79094,57.42733,171.82495,5.49111,6.4852185
103.48065,69.268555,492.45825,226.7064,43.369,3.5902991,4.806269
109.326004,85.58305,89.300125,135.38983,105.42175,8.222467,12.193974
313.08536,295.67297,15.549042,64.13581,78.322655,6.2940397,7.528308
503.05096,504.85016,60.8832,60.799286,116.242905,2.7226346,1.2314534
266.3289,180.98444,319.8999,278.763,40.433575,6.0092354,5.769591
474.12122,454.87357,52.904686,88.77699,105.80268,4.4051523,4.336143
203.8135,190.84904,283.13782,139.17937,132.54547,7.262906,9.658628
312.93964,291.827,74.28364,93.124466,160.85115,7.0957747,10.060953
69.28,28.384247,392.1922,191.2266,42.69241,3.048575,5.9455595
359.2866,293.7392,99.47125,168.07764,57.178223,3.5967863,4.5145535
229.66907,173.96628,323.78598,189.50687,61.69173,2.7882614,8.633871
643.48425,568.4034,90.00703,161.57585,56.66344,5.1953907,4.2221713
215.4508,171.22409,185.77615,172.04277,77.605606,6.9877396,9.57692
481.35803,468.2555,59.0402,77.246475,109.52719,3.6488247,2.8591723
364.58255,351.7806,35.84781,77.18951,181.74889,7.1360235,7.6585703
374.06964,330.95505,14.70636,85.26428,105.85766,9.331346,15.050632
69.588715,32.18225,336.98914,214.11002,38.341896,2.905467,5.8595033
149.64104,102.42769,134.3525,98.80641,111.29953,5.133226,14.939957
234.44753,222.92633,65.93514,72.491806,153.13461,8.8815975,9.657949
179.23459,150.46248,155.39641,106.43934,145.46468,6.142205,10.314558
368.07227,388.972,31.96495,47.359116,220.60173,3.631851,1.4773147
468.4566,437.5857,40.804947,78.03566,160.39984,8.713014,5.937695
48.941315,21.804657,264.78427,278.24362,30.866161,5.0633807,7.3595715
388.62082,339.943,92.110634,138.58282,114.78413,11.744595,10.726052
111.91005,97.29466,287.11536,114.69801,119.305405,3.9373538,7.0702477
231.02484,180.18927,337.94214,178.92473,52.08551,2.199586,4.1984487
446.75626,421.86084,42.127045,61.35939,153.73459,8.367039,6.855379
185.92772,126.118454,191.305,160.61203,42.736584,4.372973,11.352548
76.22809,33.91989,401.7636,212.87256,39.187607,4.084853,24.00948
522.5988,491.92822,130.0013,118.89019,90.88551,5.309022,4.0213127
361.67682,287.8883,192.37073,198.73553,51.71828,3.0189993,3.342111
610.4429,568.00836,52.866455,89.38228,72.92571,3.8343651,3.0370607
66.882965,34.3114,311.2042,168.6142,49.491077,3.289583,8.512898
440.9916,378.71854,124.776276,166.47968,53.88734,6.0320644,10.7361355
48.28824,1.2492371,467.31165,206.20789,39.94764,1.4213285,4.0684714
266.3434,244.17729,71.430626,87.4586,76.830536,3.8795629,5.171185
154.08496,124.00377,287.4973,118.89495,58.09043,2.0657225,4.0569506
143.4364,114.69449,333.6502,143.96165,81.11472,3.9091227,5.6357393
112.9097,43.596268,351.4007,309.28796,37.286423,3.603676,4.902575
354.51965,285.83008,123.282455,180.0534,54.038002,6.1732664,10.074648
75.486786,31.96228,196.62946,209.77063,130.65585,12.122214,39.626553
396.0346,351.91272,152.43814,174.24866,70.89328,9.458866,8.588863
72.17511,34.45636,387.5724,260.7888,36.288433,2.9627254,6.4455833
659.3157,650.6416,83.21434,87.345215,77.631386,2.989299,3.0089965
375.30856,381.22034,38.602448,59.460457,214.77716,4.952089,3.6075296
533.399,463.21268,152.3064,171.2536,49.5314,5.1144795,3.8232594
387.9652,399.45468,28.015488,43.67302,125.26152,4.809085,2.909523
313.00333,274.5937,212.75809,143.43694,86.300804,5.551131,7.8556542
360.97086,332.168,96.40806,141.35735,55.962563,6.75617,6.1979713
406.0353,404.49353,12.124512,71.537994,180.14375,6.0870905,9.561804
133.348,96.70328,257.16003,261.7793,34.04451,9.552937,9.999535
307.6249,274.753,80.41256,101.208015,147.73079,8.763695,6.726555
43.70169,10.299042,207.28082,138.65045,175.09615,9.751768,14.457718
62.03189,40.820618,465.80292,208.82047,42.398315,5.5970707,15.008141
44.113464,6.7423706,218.96426,214.6687,163.15802,15.86713,28.302872
465.09683,394.17657,167.32494,175.30199,44.233166,6.6830893,4.1815
122.95697,60.53354,160.32932,176.98807,123.36547,12.707939,42.802334
164.59088,141.372,89.438896,125.6985,98.2614,5.7790446,7.9100885
218.7714,156.32906,309.6256,218.14384,42.943012,2.7784624,4.0233827
254.10884,179.67285,242.28232,205.36893,53.175533,4.1594534,9.08946
225.07231,180.48935,185.81529,168.76503,107.045555,9.071593,10.83181
453.59436,433.0171,86.40421,89.46245,57.085808,1.8609331,1.7446156
133.79633,102.658264,227.4371,118.44165,163.83766,5.6148605,20.25479
92.23804,32.83554,299.58127,259.07892,35.323048,3.3923483,6.0184155
100.73393,52.85939,247.72348,210.84038,39.874054,2.9783032,5.01796
302.03305,251.11818,143.66005,223.40971,44.78696,7.6617503,7.1900134
63.790283,33.77475,265.21222,122.93654,79.45469,2.9217086,7.627344
666.7374,618.4368,49.858055,104.13908,67.13751,3.4758618,2.488797
195.54913,167.36792,94.13506,88.68726,124.034615,5.7328005,8.932637
305.5317,316.2471,18.716629,40.150826,108.97644,3.0863113,2.7867253
316.55038,303.76776,68.188866,75.486725,179.12167,5.58706,7.6221895
74.491455,34.972015,199.56668,210.40002,146.78177,14.032537,35.284386
55.4393,24.10263,253.63034,147.07701,160.90527,7.5540004,16.656485
244.07393,189.71692,214.67409,176.59715,51.105064,2.540451,3.3664722
218.4666,184.35368,127.056625,137.15572,72.45636,4.1361394,5.2883267
78.99402,35.79303,212.81577,258.32245,39.598763,3.9285243,6.0046177
177.97762,154.91571,362.67023,173.06494,74.66463,6.50509,8.792434
548.4531,519.90894,37.592087,84.36615,84.17239,4.596759,4.109048
641.7859,613.29456,11.460358,88.20647,114.40811,4.609909,3.9488146
410.7955,374.49432,274.62894,170.6008,55.881306,5.520213,3.6879325
305.89752,265.2021,132.75272,119.60332,58.96443,2.7096157,3.6767435
58.032806,16.037598,515.22736,220.00423,43.075996,3.335244,5.762355
168.71886,138.38165,172.02574,153.05595,167.63054,10.815687,28.913992
444.44427,422.60767,73.98026,97.644424,62.76284,2.7571528,2.6571925
480.04413,439.15155,87.17225,105.094986,144.02806,7.5371466,4.642421
117.98518,123.9176,280.847,125.609924,205.00111,6.385098,6.4846134
706.7488,656.4487,58.900032,98.27568,45.324795,1.9535083,2.9844418
337.18225,312.94534,76.53416,81.49559,151.55145,5.400173,7.8755517
374.92133,355.3625,0.2374115,54.389008,106.24178,5.293391,6.8083363
549.31067,521.93335,49.61081,85.04935,66.76227,3.5548859,2.90202
347.68436,325.30795,44.926712,91.50058,167.98227,8.783955,9.555231
652.6957,610.6154,4.490921,87.2502,125.40956,8.909708,7.829664
107.045364,72.72177,432.57556,200.26086,48.32084,3.5431752,4.8673344
41.786987,3.113922,283.37082,212.4567,103.20708,6.2082543,12.3797655
290.2556,287.62506,22.93631,52.96708,137.51552,4.9165463,6.7294974
241.72112,226.0172,117.50485,85.810486,205.75093,5.157821,5.67474
185.44977,142.2154,200.82912,149.00607,52.695248,1.3479195,2.4111984
78.51375,46.21118,212.53181,195.15063,98.03573,8.554581,27.317144
73.98337,50.992874,274.49512,102.92318,111.56712,2.903034,6.6906753
51.1687,58.02664,429.35364,147.14458,103.88449,4.1813745,13.561703
350.28107,292.56668,85.614426,163.93024,49.3356,6.755492,10.474203
157.83066,133.4015,145.91351,141.41374,148.5972,10.645685,20.72302
536.439,507.6332,14.444336,87.83685,199.53975,11.037484,8.984092
579.00323,563.37415,62.32885,84.018555,71.52289,2.798507,1.6992364
199.30327,135.6578,143.02486,192.90662,129.54146,13.809163,42.963215
171.93893,111.49429,275.15707,230.59233,38.835506,4.5221553,5.0459604
264.84167,217.2149,164.36362,110.68435,49.373695,2.117431,2.5627344
187.12122,120.28575,235.18839,216.87671,39.642963,4.598768,6.136749
440.27698,389.49036,225.93343,179.19016,48.685654,5.1830173,3.5942125
273.51886,238.11443,66.57365,94.0641,95.05415,3.620934,4.5968666
505.66492,442.75092,145.43231,207.9957,60.550766,9.0987835,15.388428
349.49612,340.93073,24.314285,57.982185,99.34681,4.1246667,3.9667678
318.0451,303.9095,79.763115,84.411194,43.166607,2.8506463,3.0903738
80.99422,49.472885,217.1968,112.009995,89.31368,3.480432,7.9028363
170.493,119.2153,162.5342,205.45967,47.05926,3.7231426,5.3989296
598.3163,546.53906,-38.23439,125.731224,209.84303,13.807017,27.339281
73.93927,41.75241,349.9348,157.70755,125.21044,5.199843,6.9614286
89.12923,32.049683,434.14197,250.23444,35.46494,4.457397,6.335182
91.20598,37.548798,436.74567,223.8765,44.51724,1.6271172,3.950582
140.77457,87.999084,230.33763,253.21994,47.07646,8.846973,32.25941
89.433304,72.0253,184.80428,105.68696,180.86551,4.728985,7.9500227
352.80002,294.15585,146.17043,173.4733,54.43476,2.5299118,2.7120643
557.58813,524.9248,71.39919,101.76451,73.62681,3.6450956,2.7186542
54.36563,-3.8335876,390.99725,219.03558,89.48801,5.401548,7.474088
287.49576,272.74274,82.97762,97.42647,201.40135,9.158731,8.368126
71.10657,45.8618,243.69377,115.8916,171.60394,4.9994383,10.777383
292.70102,288.4084,185.41403,101.815414,171.52982,5.84079,4.894801
388.10718,338.52524,232.1839,132.93138,58.496353,2.083752,3.3516898
481.67453,456.44675,205.6997,106.04217,73.916695,2.0164084,1.406421
163.20384,137.9272,325.98322,93.90563,53.882393,1.3008075,1.6196549
451.894,379.42786,15.864929,140.89674,146.87396,11.691744,43.116417
94.03726,44.88887,383.29886,279.69446,36.93218,8.938977,24.389122
56.805206,35.817474,221.13257,212.74661,27.18301,3.5391622,9.450523
353.831,310.337,104.05423,146.99237,62.662804,6.449888,8.804073
485.10815,424.0157,120.71483,162.445,53.401512,4.8409696,3.6186714
537.8428,489.8778,62.41604,140.57945,58.055977,3.7972457,3.5810332
234.69687,234.14294,133.20107,55.696312,57.23313,1.9051124,1.9499114
104.98772,77.89615,388.11765,110.29043,49.35283,1.3704736,2.610636
532.9243,474.52002,109.35318,167.80663,62.57379,4.9982324,5.437539
164.32872,178.25665,285.8788,85.58229,172.00458,3.1363673,8.571978
533.3312,526.90686,70.135605,73.22742,61.233112,2.5114214,2.3983471
215.16226,152.9556,300.0824,240.39737,47.05227,7.0392632,19.28042
96.808014,42.53772,365.58194,240.31003,52.015907,6.0419674,6.472488
82.77232,29.669556,390.112,212.40332,40.586807,1.7716186,3.8600368
159.60059,137.86462,109.38818,197.89963,42.658337,3.6632004,5.311156
319.58096,305.4919,200.06456,108.976654,112.17479,3.2799652,2.5572736
685.8459,658.2335,-0.5653076,100.60951,117.97046,5.8324833,8.603954
45.44461,-16.125793,298.98938,192.09512,177.17023,9.335995,19.804716
80.07933,41.886353,323.02917,170.16841,46.90543,2.6303315,5.3556795
41.644928,-2.6037292,330.537,207.19098,111.913345,6.4117393,15.308493
429.91693,403.86884,39.648514,79.21297,56.104675,3.767953,3.795598
591.16077,540.8622,63.264717,93.2876,149.64828,7.6020966,3.7832165
339.12778,297.73535,262.14188,144.715,58.96332,2.2324042,2.8536625
492.67465,486.69952,27.342072,54.327034,192.6547,7.4067335,3.8492901
137.38464,93.74864,166.52193,211.97157,44.153786,4.1934166,6.3351073
163.66602,80.450745,336.16846,247.9276,40.654892,1.9883215,3.8820877
599.84546,554.324,1.0356293,111.78375,128.87561,8.585697,9.772992
175.45847,157.51039,85.38515,77.703445,143.84198,10.179977,11.471144
318.47736,290.84094,141.23863,98.64209,49.879723,1.8438534,2.4240615
275.99274,233.92325,87.51022,144.29382,150.82196,13.305293,28.232334
154.83598,135.92361,116.75459,96.576065,145.29114,7.358341,11.42347
81.69147,44.592163,193.15686,223.53839,34.570007,1.8029318,4.1865554
480.33426,454.0077,55.088852,108.62413,50.59414,3.7332544,3.8845327
569.21716,536.1035,68.88275,100.106514,63.56086,2.8918269,2.3549483
193.40019,211.2551,70.86874,75.979576,50.42093,1.566201,3.4137254
178.22977,144.58208,227.49002,124.50739,44.379967,2.109604,3.9015465
90.51863,62.396698,136.44278,180.77017,121.94994,16.670044,36.185043
26.239075,-14.6285095,339.19336,252.09148,127.40347,16.360176,21.912228
141.9973,111.9156,111.59113,135.96677,123.828384,9.294027,13.238447
124.27141,100.1942,370.71976,167.34782,69.35728,5.085736,16.1936
347.983,301.0634,45.622,112.57141,111.78616,13.096789,24.043718
747.66675,682.08685,40.63748,110.43619,61.48018,3.6278598,3.1566644
645.5032,603.19763,62.249863,102.682076,73.1483,3.6038446,2.4070206
66.49249,27.878876,416.13403,178.90929,43.816715,3.016962,5.7735653
368.96664,360.9438,21.957306,41.85578,98.36533,4.6644096,3.8316984
102.36073,62.40428,287.19745,240.53738,35.65369,6.777402,7.3145366
243.2948,180.11633,152.54216,119.2003,45.44005,4.123858,8.916775
136.91905,68.22557,239.75943,155.33423,46.720127,3.8738139,12.138758
62.8407,43.076218,466.76306,172.85097,46.435658,1.0717072,5.5041547
477.82947,442.43945,104.03301,125.604126,78.5976,4.757162,3.3810582
78.20598,41.725952,262.9931,173.01393,106.154785,7.582412,11.795181
355.1031,307.29065,236.16418,135.09291,57.95152,2.1637645,3.2435126
543.91815,513.8869,63.313927,108.699,53.056007,4.081757,4.0335746
512.53674,505.92316,106.39034,82.29734,93.792366,2.6074922,0.97606325
313.87534,293.95908,45.403725,70.37608,130.71951,8.546846,8.488075
56.25763,26.854706,494.5099,160.33081,40.825714,2.044097,8.22858
94.252365,49.056305,419.7616,248.45132,36.333763,4.808612,5.534795
728.3258,650.0884,50.760155,113.15134,60.860107,6.9123063,4.382154
351.138,296.74002,185.975,188.14091,47.212444,8.5478,6.209654
488.87793,467.26532,67.53796,86.19777,57.06163,2.0243926,1.9012356
285.94623,312.39124,47.337807,47.554985,132.3609,2.5870655,2.054108
99.900894,54.576294,456.44128,256.51538,34.495007,6.4958315,22.718319
111.9704,78.957306,241.47444,103.44938,100.8594,3.0645146,8.504173
248.87973,223.45898,123.57454,116.756325,168.64981,7.7620516,20.10004
101.871124,56.00287,288.59918,191.94647,35.77915,2.2312012,4.382837
358.0984,305.91956,238.21248,251.95987,55.616837,12.464054,37.734184
454.01215,420.92084,103.48072,113.12083,61.947285,2.1712065,2.4789917
91.87599,59.17482,276.12823,204.46857,102.343765,10.538977,17.82258
71.267426,27.92453,233.40341,109.58434,136.99097,4.39758,10.844101
420.34665,428.35602,59.61084,57.893303,197.01495,4.4691787,3.920266
144.00677,151.2108,188.87593,71.09814,234.26587,2.4784238,1.795469
393.61862,364.9061,49.041985,88.678375,151.86507,6.8621745,7.5028524
106.62685,120.172775,254.30455,152.83105,238.1056,10.707216,17.258442
442.40137,391.0782,118.95862,165.45346,60.662643,6.555224,6.35222
561.71326,514.9485,69.32937,127.327805,58.570946,3.551569,3.4378362
68.92233,76.14792,460.33868,200.0799,88.48713,8.825637,20.550272
580.7856,554.40063,57.36818,55.89753,110.24562,9.0012455,8.305613
368.92538,320.013,61.947304,119.51439,91.265396,8.185165,17.402338
364.01782,329.1325,41.1295,54.482468,101.68764,8.790295,10.907892
177.89497,150.28279,56.23095,75.99321,64.56952,3.9426682,5.8949795
143.34148,100.16222,407.703,216.48448,44.577965,4.583203,5.901958
79.576096,24.875702,320.02368,269.5625,30.428463,4.6644993,5.949956
68.70004,56.892548,274.82626,167.5437,189.70544,10.574585,19.345455
462.12393,450.00793,23.571823,60.367104,149.34927,6.8208723,5.0684032
407.3885,405.42047,80.22847,76.53084,70.18834,1.9404491,1.8405485
510.5244,463.8471,77.9083,158.25435,61.604755,5.093276,6.7355533
283.6695,236.11859,96.085846,102.42629,63.00853,5.092391,15.608858
306.24954,265.58173,259.90714,195.23753,51.043835,7.2112937,4.8111
597.8168,605.2689,-27.63527,70.2361,169.25677,5.384324,3.89927
131.70721,67.6073,354.53232,285.19858,34.60502,4.670953,5.0273676
100.80417,71.930115,155.99991,115.99877,150.47961,7.2646885,10.963133
108.391464,88.03621,74.55183,125.355576,101.01805,8.33546,13.377995
428.43817,404.08105,15.176636,80.189896,147.92163,7.239111,7.352972
553.5651,518.5454,48.692062,103.542404,55.720856,2.6144783,2.6693585
429.73984,376.31805,126.41023,179.06255,57.579033,8.12159,12.97567
277.44745,268.77634,89.27439,85.55681,203.40656,7.036991,7.1797037
103.38101,67.95773,430.9436,269.77402,32.642914,10.527279,9.333147
283.1794,251.5892,360.05292,165.86276,60.100628,4.0350323,3.7199552
179.19582,127.40904,185.85765,141.39368,51.433777,2.4458756,2.6087837
473.08347,447.1651,-8.590958,112.78181,223.63773,12.441655,23.909628
475.03098,451.2221,119.60689,108.49195,64.286224,2.9437416,3.0683055
314.9781,277.0454,190.34727,121.833206,56.125187,2.7802577,3.9722972
404.45557,373.2646,43.40728,91.164604,148.27875,7.3608885,7.4174995
226.31085,202.53839,132.50209,139.43991,188.59042,12.353728,10.566331
273.1168,265.6643,71.27061,100.53241,195.31897,9.182432,11.103712
97.76454,39.955627,427.0758,231.9134,44.539013,1.3488424,3.774002
436.8418,390.47375,180.64337,157.46538,64.86771,5.010009,8.26049
95.3217,39.72995,156.88405,148.34236,98.66049,7.1830688,23.245007
181.5061,177.82132,35.264526,47.078392,109.864044,5.025668,7.918927
206.31622,185.41605,61.62919,74.045425,119.07298,3.8213084,5.795101
248.81339,227.5643,344.03983,100.935936,58.800224,1.0922208,1.9216712
211.9193,170.22131,167.49496,112.921585,86.344894,3.6772773,5.5734134
47.65625,11.370117,238.04874,178.21745,162.85913,11.950532,13.760859
40.706146,10.939667,464.98688,187.95067,94.62351,3.658373,8.180179
59.319214,27.18637,273.1428,147.54965,69.60913,3.6992638,10.38948
151.1731,146.97003,20.047363,36.496292,69.5741,2.9915466,4.2570515
283.20703,235.4974,246.81306,184.1318,47.389584,3.797489,4.056887
76.39044,29.919922,432.19055,250.26067,43.30399,6.5847845,6.930869
177.5676,155.82498,157.16553,194.4772,45.41111,6.943059,8.676079
95.5421,65.79837,181.60605,125.90726,42.34144,1.4714661,3.2977383
552.22327,541.98676,176.41263,109.29999,89.30026,2.3530478,0.4760604
389.0847,382.39807,44.49588,86.24574,52.84588,1.9591972,2.8483157
246.72754,223.08789,63.08223,79.24691,127.84552,6.377627,9.026412
607.0458,576.5266,54.339546,87.194275,65.83062,3.0656545,2.5967524
172.47089,154.35588,261.71924,91.41948,56.12079,0.9387245,2.409349
443.05743,409.3607,216.78813,149.40076,66.939095,4.483815,3.306632
208.5872,175.00638,302.55902,194.42749,97.57762,9.752852,23.109562
303.38358,262.50024,235.83038,119.26866,51.119568,1.4890313,2.356355
234.41905,224.64418,121.64384,112.91696,221.24057,10.337671,10.076995
373.4016,378.83435,20.041336,56.58821,175.62685,5.804173,4.334832
502.11383,476.81363,23.399323,81.35301,200.14764,10.025696,7.510121
437.2302,415.13043,48.85856,86.104195,48.07403,3.1689725,3.2205696
73.322784,27.736206,381.94464,196.76761,42.815617,2.8498921,5.473303
444.44443,413.75952,44.482994,82.680756,104.49129,8.64155,8.393175
188.66417,164.1723,202.60307,105.930725,147.81065,4.602181,6.2585025
47.96753,7.583557,260.05164,147.77808,167.94339,6.94965,13.768259
273.07593,260.5611,101.13958,62.72323,91.63523,2.5527544,3.851183
473.146,431.76318,83.63492,120.220764,52.801865,2.255578,2.4220316
35.658844,-1.284668,124.31651,146.98851,88.009636,6.3255014,13.401007
129.81857,108.81592,166.62987,152.38568,183.84857,12.669894,20.237854
361.17654,343.8512,138.94833,106.58011,61.692596,1.4756155,2.6162891
395.51587,381.6563,13.466141,51.563263,106.305176,5.323298,5.396445
27.686737,-1.1915283,227.37637,223.96024,100.23874,8.192753,12.370734
460.3484,442.79346,46.609726,81.64882,75.90405,3.6077304,3.5228915
129.56036,64.43059,249.24878,257.6707,40.001225,4.9884005,6.803054
539.0477,515.432,-27.177307,93.31311,190.2814,9.703488,17.19071
326.3572,268.57407,244.96585,206.09528,42.59284,4.8682017,4.578661
316.4046,291.80594,183.10309,100.8299,54.969997,1.8411181,2.620912
99.36806,59.685608,248.8707,218.4712,88.3358,13.696655,13.205492
291.25082,226.48099,211.61418,227.30634,38.389565,8.862567,7.113524
