SSC,Malic,Citric,Glutamic,Fructose,Glucose
4.6489906,1.8548329,3.99157,0.6390734,16.10845,13.406413
4.2973166,1.978488,7.988888,2.2854266,16.345835,13.447935
4.36481,0.7562588,3.1369798,1.291651,12.194397,11.193391
6.6766963,1.7062502,5.7378654,4.459209,26.168587,23.82626
5.4745393,0.92696965,5.8819323,2.6978455,19.735504,17.830173
3.34207,2.0964336,3.4345922,1.6126552,8.857982,7.2687516
5.234267,0.8319347,5.9813027,2.352182,12.299145,12.993038
5.0821943,1.9059706,4.1188955,0.9680162,17.462397,15.770569
3.9423738,1.486022,3.7305665,1.9079149,9.73336,8.709623
4.9897,2.4509022,7.1752024,2.6289215,23.46487,21.99673
4.297718,2.7288861,6.933264,2.679078,21.162386,19.967337
4.5748954,1.0669525,4.291618,0.87878567,20.10433,18.137125
4.3023176,1.4113226,3.2134771,1.62046,17.113285,15.717737
5.489663,0.8963281,5.6436543,1.2796867,13.165178,14.283816
4.8209443,1.762825,2.9961085,0.5080658,15.177071,13.288309
4.249782,1.830981,6.37447,2.562531,20.627106,18.901781
4.481774,0.59512675,2.54985,0.74867564,10.077642,10.726353
5.04482,1.8034399,6.0943966,1.0249848,17.877523,15.797397
5.133038,2.4127078,11.274061,2.251803,17.46278,14.571247
5.498472,3.4690766,3.295089,0.21758735,14.0442295,12.050661
6.1379876,2.3702698,7.3407135,1.9963793,22.326998,20.767189
3.7197108,1.4361223,3.9318638,0.9843506,8.061314,6.6482835
5.794614,1.3400393,10.138103,2.1924157,20.515856,17.412766
5.230043,1.3872011,8.885631,0.54473114,26.604204,22.20031
4.683427,0.79120135,5.494326,1.5742296,12.442587,11.984302
4.663022,1.1617146,6.4867454,0.77039593,13.34986,11.805436
4.040463,1.1563457,7.2679415,0.68383145,14.191875,10.34063
4.655666,1.7715285,3.8257437,0.783963,15.353155,13.547876
4.448855,0.666279,2.853258,0.9894984,9.103122,9.794154
5.0176234,1.7751648,5.673646,2.084649,14.163141,12.797414
5.344509,2.301733,9.180005,0.6264809,12.711433,11.836416
2.82061,1.976517,5.4529634,1.6018689,12.327422,11.144262
5.138519,1.5667087,3.4731207,0.70272225,18.84062,17.593374
4.116093,1.0710425,3.9620605,1.9986155,16.014507,14.287725
5.029294,2.0024824,8.725036,3.1496747,24.10815,21.167429
4.789091,0.94671077,5.0623956,2.4483106,10.47324,10.7385
5.5337105,1.5060676,3.3979084,1.3442875,17.2647,16.760296
6.1196365,1.1997373,8.028237,1.0340949,24.510784,22.471195
4.2361026,1.3992469,3.112413,1.7548543,16.451439,15.008928
5.8148785,1.3459164,8.017165,1.0208144,15.286466,15.605276
3.979403,1.2951128,5.376191,2.2528884,13.355818,11.55082
4.1229386,1.089231,3.0973482,1.2337792,13.332602,12.227677
4.2487836,1.5491498,4.173873,0.9171137,16.030313,14.50834
4.0494475,1.1360252,4.750078,1.6024804,12.52436,11.086006
5.604538,0.9818511,4.1791053,3.0256073,14.8841505,13.064849
6.77088,2.4937017,5.168042,2.0358224,24.068237,22.559048
4.9186726,1.0457623,8.248434,1.0526593,16.93427,13.925711
5.3468046,1.1848218,7.5696363,1.1257615,20.78268,18.571434
4.7635756,2.6615582,9.656653,3.0768483,18.52598,15.814694
5.266472,1.6881729,4.3377743,0.66591656,17.439775,16.24774
4.6814485,1.3251449,2.896869,0.90655047,13.797919,13.325637
4.7295685,1.3520055,5.5050883,1.929538,21.412775,19.512392
4.386615,1.1943597,3.7772014,1.8259289,11.559746,10.801216
4.5961,1.3428577,4.691031,2.8966744,12.173487,10.947418
5.4286947,2.5711553,6.4124217,1.9775952,13.28479,12.17937
4.8426557,1.886248,4.0796037,2.8552964,13.730083,11.302968
5.7180624,2.3223639,5.0528083,2.393479,23.55208,22.877268
4.8390164,0.9920939,6.1883416,0.857063,15.858405,14.487504
5.5881763,1.872837,4.872708,2.4482894,19.359795,17.545877
4.969798,1.7226003,3.0340343,0.99512386,15.703749,13.499447
5.1197586,0.8602803,5.379786,1.9151158,14.821366,14.3276415
3.5397527,2.410838,4.3375506,3.2549915,9.371109,8.372583
4.7828164,1.794126,5.8803816,2.147767,14.287107,12.605696
5.208397,2.1236367,5.457258,1.6007876,17.595112,16.09524
3.8441198,1.8801079,3.9471185,1.5540891,10.022785,8.547466
5.290641,1.061135,7.364459,1.2889721,13.199787,13.140587
4.596573,2.1737323,6.8592887,1.7555667,11.360144,9.845104
4.9743185,1.9843111,7.314081,1.0517516,16.639418,14.470235
4.559949,1.5791391,2.889955,1.2211003,14.928159,13.023416
5.278646,0.8237139,4.94142,1.3706392,11.2750225,12.79377
5.8296847,1.5671382,11.702072,0.84202045,27.748875,23.342995
4.5405807,2.8030963,7.78276,1.2474182,9.925987,8.916161
5.9713683,1.1122926,6.203429,1.1843674,26.00375,23.252777
4.02335,0.82059604,4.043401,1.5356135,12.115115,11.178789
4.136352,1.9932032,4.7835937,1.0238583,13.542082,11.499774
5.22075,1.8723943,3.6320324,0.79190564,17.601534,15.853926
4.8470426,1.089579,9.724607,0.49606442,18.151987,12.897052
5.0834317,0.8038746,3.7818668,1.2174282,17.485,16.54443
4.7454753,1.0234199,4.1606727,1.6176171,16.75923,15.421528
4.4066315,1.6158332,7.508505,1.9642241,19.57455,16.80093
4.5908937,1.487124,2.748655,1.1530097,15.692239,13.714405
6.0754905,2.5600705,7.15304,1.2876489,16.90262,16.810854
5.2441373,1.9139987,9.068676,1.9432505,19.719244,16.856697
3.9742067,1.1395684,7.1939325,0.80604905,13.534335,9.775061
4.6450973,2.5467052,8.240043,-0.44790816,16.060936,13.370959
4.6949825,1.7637148,6.9264774,0.7095632,14.844392,12.494924
5.1296477,1.6613998,4.204843,1.7110908,20.085217,18.90697
7.248669,1.9287784,9.805374,2.5916758,31.084309,29.154772
5.698149,2.0245295,4.479227,1.8515923,22.703964,21.273346
5.042736,1.2525603,5.6792927,2.7067492,19.531773,17.183815
5.0031185,2.050179,8.927265,1.8382465,15.662021,13.142628
5.4015536,1.5591552,5.7078924,1.2203649,19.01693,17.904415
6.6511555,1.2600514,6.053447,3.5797791,28.332073,26.050676
5.876236,2.291397,6.888813,1.1924148,24.894466,23.087387
4.232399,1.2888458,6.1685195,2.0835972,10.264137,8.739748
4.792603,2.3367527,5.45545,2.2346528,17.611292,15.767581
6.176778,1.5111647,5.1145244,1.6288044,21.051125,20.83241
5.0252004,1.0730087,3.0868073,1.7893769,14.253587,12.75637
4.756964,2.2662642,5.8226748,1.3799933,16.735668,14.984897
4.868963,2.2580857,3.3029604,1.4638637,16.764643,15.28007
5.8979783,1.4887911,8.591824,2.2847075,13.370851,13.568999
4.365252,1.283834,6.795489,1.4746906,12.771631,10.470911
4.9170923,0.8019527,2.8416567,0.6478599,14.312063,14.473678
3.6159825,1.5287944,8.011057,1.7225506,18.684654,15.285941
4.2309313,1.2361238,5.211838,1.7018138,19.384888,17.488083
6.3277955,1.2074789,7.190303,0.95275664,29.724625,26.20891
3.4298902,1.06363,6.321094,0.75513184,9.346359,5.8651485
4.732593,1.9182694,3.624754,1.831204,17.94102,16.981728
4.0177937,2.079468,7.2021775,2.0198798,21.124557,19.48119
5.985992,1.2387364,5.7098413,0.95816475,24.003948,22.073185
4.81744,1.7308309,3.159759,2.1981938,16.669275,14.28699
3.6990943,0.8240815,3.8465502,1.8036534,11.045658,10.003038
3.4635634,1.2982262,4.2300105,1.8039078,10.177248,9.208345
5.522587,1.0101638,7.3772726,2.3463259,16.319027,15.35132
4.981436,1.941529,5.022468,1.0514625,14.36739,13.628096
5.087542,1.2457926,3.559208,0.6901545,17.923082,17.412914
4.135147,1.7322481,5.0642943,2.1969075,9.558748,8.3441305
5.7708163,1.55896,10.547586,1.3961086,16.671957,14.282829
5.2907896,1.3287946,6.321409,1.8193061,12.698114,12.857988
4.734864,0.84087145,3.514882,1.0567781,12.936146,13.083829
4.5156245,1.5834494,7.687791,1.8980896,17.376997,14.374808
5.4370985,0.90954965,6.380464,1.5027993,11.008328,12.601013
2.7224882,2.018779,5.0738974,2.0624616,11.102221,10.327366
4.633746,1.4472259,3.2475553,1.1339872,15.570828,14.511366
4.580454,2.7139373,7.754676,2.581431,21.336279,19.709057
5.118317,1.1360066,9.16891,1.3853776,11.987631,10.267101
4.0871797,0.90026695,3.0248868,1.0854746,9.902575,9.581061
5.714516,1.7679616,9.496927,1.6987052,23.752758,21.054058
4.618528,1.1923223,7.8077507,0.42007673,13.719315,10.641115
5.0776863,1.7419684,5.561187,1.3322818,23.7044,21.793236
4.6983647,2.7258458,6.8563256,1.4670973,12.803117,11.734825
5.0618134,1.6586688,8.578041,1.9022826,12.029461,10.095246
4.651758,1.1105663,6.8997645,2.1038694,15.224796,12.60374
5.4158216,2.0600133,9.015366,1.1941953,19.904282,17.399876
5.100888,1.1192839,11.288137,0.5036696,19.149693,13.162167
4.0114474,1.1097456,6.5816364,0.5819418,13.719127,10.184526
4.129081,1.2347757,4.776284,1.9546232,12.511255,11.189694
3.757762,1.7704192,4.307695,1.8298675,11.5252695,10.120918
3.880076,1.9673283,5.285668,2.1057487,15.619628,14.36809
4.552263,0.791208,5.4312387,1.5454245,13.286106,12.124341
3.543013,0.8979763,4.32993,0.7429345,10.397026,8.5938225
4.2034745,1.6253121,3.335609,1.628063,12.1238785,10.336251
4.170106,1.9771701,3.754668,0.9151524,12.943696,10.973158
8.172309,2.5648212,7.760129,3.67245,36.7743,35.750362
7.976497,1.4001456,7.5249496,2.0620918,31.095528,30.611053
5.623948,1.3646431,4.252722,1.46101,20.609438,19.626738
5.8480673,2.0405743,5.956874,1.9994588,19.498484,18.410301
4.731104,1.3747135,8.504271,0.77294976,22.140919,18.059975
4.8812,1.5021496,8.035693,1.76375,15.053813,12.421516
4.5517282,1.354102,8.942226,1.5186317,18.841084,14.715242
5.0661497,1.6439458,4.54739,0.911291,16.87,15.831482
4.997981,1.8820182,5.282792,2.096753,18.754045,17.088148
4.412406,1.4574622,3.0629134,0.70289564,14.761766,13.586844
6.0970483,1.1619275,5.9287553,2.725683,21.254189,19.999552
6.0863576,2.1813626,7.660508,1.1965994,19.13034,18.34765
4.7723365,1.8300116,5.0414248,2.60181,21.500544,20.689503
4.484713,0.54459125,3.1916413,1.4337835,6.895797,7.6036987
3.9526443,1.1377988,3.735674,0.9200843,17.805265,16.266092
4.8777823,1.9332423,4.15957,0.79601896,16.684986,14.429137
5.6279087,1.7262475,5.096292,2.739283,17.480976,15.662533
6.12282,1.4143153,5.3509173,2.9385371,25.023903,23.01584
3.8132672,1.7874594,4.7216153,0.4909444,12.159478,9.723907
5.017412,1.8777213,3.1263022,0.9061124,17.55087,15.513982
6.9750643,1.8690162,5.8742414,3.0838697,23.786957,22.942465
4.3106923,0.7812331,4.2710805,0.6791565,14.263435,13.36854
5.8180323,2.2711253,7.7483835,1.4323705,16.584366,15.711729
5.2252393,1.0016003,2.5542257,0.5424721,11.370382,12.325319
6.019288,0.8542129,3.3493738,0.68592024,19.936005,19.643711
3.8356028,1.6145561,5.642743,0.7371453,15.536463,13.175024
4.476222,0.6930497,3.8052268,1.5824411,9.06077,9.899612
5.1598344,1.8237666,7.718116,0.46933532,21.394001,18.220455
5.9950533,1.1853997,5.208169,3.2510607,17.387865,16.482796
5.043903,3.1328921,5.0667005,1.3650229,14.53894,13.0407095
5.583542,1.425738,8.457792,2.8811092,19.918648,16.983845
5.683039,1.6306398,11.564901,1.0073205,19.965982,16.460346
3.1579123,1.2507464,4.5371785,1.5274298,12.126865,10.922628
4.581805,3.3692925,3.741772,0.58356214,13.495307,11.979922
5.3607197,3.115007,3.6576078,1.4689553,15.643609,12.591209
7.5250764,2.2084446,6.9429426,4.0597134,30.47639,29.657387
6.082755,2.1037643,11.291424,2.066778,15.487449,13.763883
5.756986,0.47392946,3.8020673,0.91391313,10.535952,12.519487
5.9433928,1.8914466,6.8616476,2.661881,20.763338,19.00581
4.7620173,1.9021751,4.264058,2.2248187,16.71174,14.730869
3.937827,1.4564534,5.068187,1.1012695,11.047241,9.500757
4.469571,1.3761711,5.388336,1.2309227,9.489502,9.008587
4.6111746,1.4950486,7.401574,1.467391,13.871085,11.531962
4.6380925,1.6725458,4.039768,0.8132233,12.50736,11.929575
4.397763,2.685265,5.552743,1.096482,11.207809,10.0983095
5.5798826,0.81322324,2.7178233,1.3976951,17.50769,15.809398
5.3135314,0.7827591,5.4625115,2.8076034,17.270638,15.83113
6.4247375,1.2696625,10.221755,1.0181725,20.689617,20.167383
5.945754,1.4773906,9.910973,0.67960304,21.734701,19.381357
5.0912156,0.6524913,3.3720975,1.4679359,15.647675,14.225744
5.91222,1.4658136,6.8925548,0.9900091,14.414189,15.847366
5.2793245,2.4195678,13.776864,1.366879,28.159649,24.857904
4.4429517,1.3664972,2.7620885,0.41004944,9.86051,9.24525
5.0214367,2.4373364,8.588541,1.2580807,12.5224495,11.154747
4.3323703,0.96950555,3.3175702,0.92082953,13.845549,13.41846
5.9758263,1.7347872,5.628979,1.0511587,19.05489,18.96505
3.9220474,0.6754309,6.6517944,0.3661356,12.7058525,9.407138
5.7204933,1.4617913,10.095268,1.7970879,22.024868,18.727978
4.580257,0.8967828,3.7677565,1.2176086,17.335417,15.835804
4.5728717,1.1833798,5.6433134,0.40735483,19.295725,16.464298
6.0376205,1.5580978,3.671111,1.8323765,20.275394,19.34832
5.4839616,1.7959843,10.676626,1.2972763,15.578083,12.91191
6.7778397,1.3019371,5.327972,2.1441152,24.821419,24.425323
4.250123,0.94901973,5.8347363,0.92435807,13.253216,11.501475
5.529437,1.6700578,8.139666,1.1339011,20.8148,18.250206
4.070492,1.1758399,4.4569554,1.2172968,18.751173,17.097452
6.423494,1.0232329,6.79533,1.1400304,26.055794,23.919296
5.3687463,1.7624507,3.7140498,0.9829156,20.141003,18.505363
4.2390337,1.9193635,5.597505,2.0644386,15.6689415,14.07196
5.7141848,1.7986717,3.7536466,1.95201,20.234024,18.36821
5.5105343,1.6120183,3.3034496,1.6263728,19.620253,17.304438
4.4931498,1.5355697,3.598836,1.6488289,13.571172,12.305481
4.450906,2.3252292,6.4895854,1.3312466,9.751968,8.653421
4.7774143,1.4795878,7.306571,2.7288923,14.335145,12.086949
4.86092,0.78642046,4.554921,2.0062687,11.948034,12.126325
5.588758,1.1177574,4.994999,2.591707,20.71042,18.797724
4.7607665,1.2820803,5.290982,1.6292561,19.94379,18.3668
3.6458015,1.3905205,3.7366679,2.3540294,12.0982,10.951578
5.0208745,1.0074668,7.593732,1.7895988,14.113079,12.686514
4.4734797,1.452217,3.2225037,1.5702673,14.190379,12.745171
5.025854,3.3373284,8.275062,1.842613,16.608585,15.571963
4.9470844,1.2694074,7.9238877,1.930867,13.667165,11.673098
5.018158,0.89288574,5.360985,1.1994793,18.80603,17.036697
4.580521,1.6969225,8.594276,0.8152904,21.532558,18.104198
5.1114135,2.2245874,3.7670295,0.5532771,17.945904,16.08949
4.1427197,1.8016361,4.8092937,2.0831854,17.657179,16.70153
3.5074599,1.4059533,3.642265,1.2457551,11.338931,9.932793
3.9750345,1.4165727,7.805094,1.1818877,12.869685,9.244122
6.1320653,1.4908295,4.587278,2.6582994,23.014719,21.271494
5.1905656,2.1174312,6.2166004,2.2774267,13.964869,12.318966
5.8178844,0.99477553,6.357664,1.2273281,17.677765,17.914322
5.2146626,1.0458214,8.089927,1.583774,12.5186825,11.971745
5.1267757,2.2132463,8.755639,2.5002356,19.806423,17.116148
4.419814,0.8896456,4.0700626,1.4464056,16.347172,15.005951
5.5402584,1.7611196,10.01256,1.5102857,26.0388,22.815365
6.1319137,1.9857867,5.377374,1.6742241,21.943136,20.839104
4.9778895,1.3134145,8.64625,2.0987859,16.493551,13.191533
6.5049615,1.4698942,4.1889095,2.3128188,23.510674,22.385553
4.0245004,1.3746177,3.8697662,1.0534058,11.830372,10.564061
5.458584,1.0511143,5.3240557,1.5341005,22.680407,20.641441
6.3746295,2.064413,4.779671,1.9292725,22.19764,20.696775
4.1387935,1.1918163,6.754591,0.9315808,19.592453,16.240044
4.3729525,2.1792011,5.3832912,2.4560108,18.642702,17.519184
5.7854676,2.4755573,4.1104116,1.3069061,19.56762,17.518446
4.1650515,1.0845444,6.4095435,1.592374,14.439037,11.614117
4.0844235,1.0634159,4.524667,0.7063717,16.174603,14.179067
5.5423512,1.6510074,4.2091875,3.416359,17.876686,15.0948715
4.786788,0.70324457,2.8091204,0.9460527,7.767831,9.173941
3.4428296,1.4692653,3.751615,2.2112632,6.0170765,5.412718
5.4432316,1.1254953,7.9160423,2.5066755,15.02137,14.049173
4.3397455,2.9610908,4.9631805,0.9786634,11.124306,9.873577
4.4676642,2.0502715,6.409695,3.3038921,16.787374,14.415427
5.046904,1.107896,7.066461,1.8937664,9.925497,10.096759
4.677269,1.7536365,8.042236,2.2321925,24.975597,21.8791
5.0629926,1.4661305,5.87402,2.3899546,16.605621,14.674437
5.2585692,1.4998238,5.611661,1.0706311,23.09207,21.026735
7.7547975,1.889357,6.9471664,4.4449196,30.457815,29.06247
4.599756,1.5160174,7.044573,2.29861,11.611306,9.952106
4.867121,1.0348078,3.970689,0.97712946,16.117355,15.80922
3.8606362,0.8352531,3.429658,1.0920401,12.944363,11.917766
5.064694,1.1787338,9.34404,1.3071688,16.694324,12.925877
4.919435,1.1843964,3.5246375,2.2520926,16.351286,13.384049
5.3655343,1.1748114,6.6787825,1.9802573,18.94533,17.12835
3.8828604,1.7011888,5.881644,2.779202,18.171005,16.749279
5.5339127,1.5287971,6.399169,3.0887785,20.136665,18.05608
3.921103,1.4562203,5.0665135,2.734655,12.91735,11.370501
4.9625106,1.1110644,7.84991,2.262994,15.591603,13.179067
4.217628,1.8236035,6.211783,1.4800323,19.383722,18.099669
4.774853,0.9910598,2.8049614,0.65879637,10.889517,11.385894
5.111609,2.1348224,6.4521837,1.4347489,14.115493,13.2309265
7.3882055,3.089516,6.941453,2.9276738,24.549587,23.768854
4.367666,0.98129714,4.8509793,2.5223567,15.645796,13.758641
6.097671,2.003547,10.892868,1.9709711,14.660103,13.56535
4.546323,2.0429344,4.2048216,0.89508086,14.620979,12.524584
4.344965,2.8968492,5.7927914,0.6813453,15.460287,14.340358
4.110285,1.7659543,3.586248,2.2906923,9.97906,8.0219145
5.625948,0.6725799,3.6029024,1.6676776,14.347551,14.096813
5.132164,2.1295512,8.630432,1.7053412,15.077854,13.09572
4.8443866,0.81498396,4.5791483,1.5535332,14.780697,14.207735
4.5019994,0.8462365,4.4498625,1.9708751,16.40383,14.634538
4.5284233,2.4968657,6.552458,1.5373204,12.74921,11.46798
6.0938544,2.105656,11.291823,1.8168684,15.929878,14.458117
4.8499923,1.2437457,8.026017,0.81776494,23.770557,19.09562
5.936473,1.971138,6.9045377,2.6524954,19.869946,18.168795
5.7212086,0.9833969,6.7369146,2.153368,11.113417,13.0314865
7.339312,1.3126695,7.217771,1.4780185,26.127583,26.53476
3.6441145,2.7634373,4.294013,0.93891335,7.796287,6.2014256
5.160693,1.442919,9.461229,1.7892942,14.258404,11.323823
4.2767086,2.3452122,6.5955124,2.334414,13.799401,11.819162
5.5442066,1.5701666,5.297719,2.6188188,22.020235,20.323034
6.1852393,2.1511805,5.3365364,1.800284,20.522333,19.863918
4.541495,0.96184576,3.6268046,2.0577588,10.425859,9.594321
6.3953867,1.8567107,4.5032725,2.5696092,23.804398,22.24877
5.0211234,2.3306527,7.546793,1.2806915,18.804737,17.001793
4.8072267,2.1597433,4.3633037,2.0991142,18.227808,17.110186
3.8112805,1.0945244,4.613049,1.7797219,12.736249,11.133017
3.471415,1.7169816,4.235732,1.4717923,8.260315,7.1146936
4.8529243,2.5463343,4.964569,1.5461043,14.874145,13.210928
5.2822046,2.061836,6.292313,0.6907676,21.797657,19.53503
5.957961,0.7496904,7.021188,2.1727974,17.74024,17.374456
3.5302005,1.112753,4.934547,1.2694896,11.447058,9.576049
5.40414,1.4356241,9.974003,1.4591062,18.79236,15.427995
3.9287333,1.7197034,5.815511,2.9301178,16.464092,14.934719
5.0757594,0.9467349,8.0805235,1.0635698,16.294924,14.011697
4.3370676,1.196273,3.487083,0.3838253,8.881442,8.785623
3.89966,2.5577705,5.1976013,1.5239031,9.025218,7.617499
4.9455557,2.1868849,3.6809783,1.7383325,16.075186,14.08819
4.354628,1.5689476,6.5117545,3.2610812,17.782928,15.445768
5.4287486,1.8039434,4.805724,2.34843,17.95425,16.215645
6.6148944,1.8286657,10.910469,2.1777062,19.938091,18.296719
3.623265,1.0332453,3.237555,0.82201314,12.63128,11.171827
4.762446,2.2923884,4.947444,1.1013985,16.028011,14.117559
4.9608707,2.0422246,6.54365,1.3355465,20.586296,18.547647
3.6186342,1.7449462,4.2207484,2.01835,14.571954,13.481047
5.7558665,2.390869,4.4808354,1.3340117,18.98577,17.50901
6.944269,1.7885998,7.8264046,1.4068363,26.113213,25.178728
5.931234,1.1455486,9.211318,1.0095532,15.3178625,15.456718
5.7236547,0.9483885,3.6503944,2.0886905,19.880503,18.513533
4.383732,1.4781919,9.0249,1.6975958,15.514553,11.682574
4.1445417,0.9047812,3.4892945,1.2735895,8.021074,8.454661
5.0555325,1.1294677,2.900024,1.6926634,14.949723,12.812329
5.142366,2.7058136,7.5152545,2.2947783,12.477143,10.415186
5.5329633,1.0510306,8.590458,0.8087697,21.151905,18.004375
5.7424097,1.3721962,14.310261,0.46664608,27.92546,19.814941
3.940568,1.7062151,4.3296223,2.3605626,11.932999,10.234053
5.105003,2.2319899,5.342232,2.318184,19.646975,17.952589
5.560054,1.2194567,8.609102,0.9633797,24.673107,21.245953
4.896221,1.0700903,6.9850397,0.8884291,21.763853,18.388193
5.72578,2.0037596,4.2278414,1.6935649,18.421799,16.965174
5.187237,0.7396167,4.619926,1.963983,15.782071,14.98385
5.45659,2.688134,7.8542957,1.7668167,16.528822,15.116506
5.432963,0.9046767,4.2905426,1.4360847,20.667866,19.040392
4.592226,1.4731195,5.3364186,1.9981054,12.823845,11.472153
4.844561,1.4201909,3.631641,2.153134,13.205496,10.767457
5.5082417,1.1556842,5.011914,3.0052197,16.954058,15.499971
5.1670027,1.0821551,3.6476266,0.8891095,16.644236,16.568987
4.298655,2.6053133,5.3044214,2.728081,16.615122,15.131353
5.6317234,1.1410125,9.446597,1.6556205,14.205336,13.451319
4.7818117,1.1635416,3.4081793,0.83855253,14.234256,14.152752
6.483623,2.1043262,3.7093804,1.1719856,21.565554,19.666515
5.626322,1.4254878,7.127676,1.4778252,22.813774,20.909061
3.870131,1.7614226,4.5997214,3.473071,11.583458,9.8521
5.175324,2.0431056,10.989382,1.6440959,27.664322,23.971024
4.0023427,0.9830418,3.9967537,0.3634125,18.031166,15.5769205
5.878478,1.6957567,4.3681545,2.9599347,21.739906,19.743526
4.901746,1.4608787,5.523568,2.85398,18.066229,16.063374
4.6896462,1.3361938,5.961378,2.8541794,14.753464,12.807405
6.9711294,1.26532,3.7435691,2.8341672,22.030857,21.230444
4.116924,2.0958724,6.0052605,2.7610075,18.486965,17.101114
4.1556005,1.7239857,3.4158757,1.4552238,13.524302,12.017825
4.5102634,1.0979497,4.2560387,1.3561691,11.744474,11.638436
6.458778,0.72795326,5.88907,2.015645,16.919666,18.29811
5.1544604,2.2176447,5.5896497,1.611067,15.722899,14.571095
4.7167773,0.6841984,2.7567303,1.0706968,8.77561,8.852351
7.014744,1.6336694,7.402069,1.9887713,25.721218,25.395607
4.44345,1.188907,4.3043513,0.89076334,19.017553,17.373495
4.5287695,1.3439747,4.7828913,2.2167115,14.80723,13.115923
4.219084,1.6590513,6.058603,2.5070941,11.714301,10.024913
5.1001844,1.2273936,5.0431094,1.4184736,22.006105,20.199902
3.822885,0.92292774,3.1077507,1.0984492,12.970266,11.722888
6.4496746,1.917889,6.405467,1.3261123,20.887192,20.993874
4.287413,2.6957908,9.0023985,2.230298,20.709732,18.989586
4.4295287,1.0689291,3.7987885,0.97863394,12.346682,12.246931
4.756696,2.060068,9.580916,1.2186339,12.8185425,10.200102
4.0070763,1.3500341,6.0676694,1.6280186,12.408428,10.420854
4.6882663,0.8328396,3.188827,1.2781667,12.629921,11.932186
6.5473247,2.1199265,7.9654884,4.3882117,29.480255,27.832317
5.826372,2.008994,5.8840103,2.320637,23.60334,22.315704
3.724637,1.4660931,4.723236,1.116969,10.939926,9.240444
4.445726,1.3854498,4.2188,2.4904826,12.955074,11.458448
4.467718,0.9726535,3.648686,1.4691805,16.842419,15.181783
5.989958,1.1972908,4.019806,0.55586404,18.225428,18.973274
5.3022575,1.2339072,10.826596,0.64034456,23.176376,17.46728
5.336738,2.0375261,7.72447,1.9201839,12.205858,11.44343
5.0658135,1.1504581,3.4586153,1.7418727,15.3502655,14.456234
4.951552,1.1702158,3.8979714,1.401554,18.861956,17.619663
6.0360975,1.0905353,8.777921,2.0931096,21.617971,19.58989
4.773744,0.6614693,3.139254,1.4075023,11.017315,10.421427
4.9238143,0.84662366,6.626653,1.4058975,11.923241,11.678111
4.35337,1.6509709,5.107914,1.5976708,13.349454,12.021872
5.387496,1.2675954,4.2663546,2.4973783,20.649637,18.50288
4.5301895,1.3108363,8.735678,0.70916545,17.965845,13.254285
4.567083,1.5732026,4.8032627,1.1429204,15.887548,14.389331
5.498514,3.780618,7.478713,1.0180192,17.864094,17.18452
5.0561476,0.8855233,3.466635,1.4220785,13.244981,12.866137
6.2166834,2.3582242,7.707086,3.521504,28.68734,27.46502
5.210547,2.394496,7.506894,1.3226181,20.46603,18.777351
3.7331543,1.6300821,4.64717,2.5688143,12.205612,10.952651
3.3654253,1.6228101,3.1908884,0.9949986,7.2394037,5.63875
3.317896,1.6697689,3.3008242,2.2208261,9.053089,7.655445
5.443163,1.574942,7.049532,0.62015444,18.106247,16.203255
5.4331913,1.6316915,6.055083,2.3582308,23.66703,21.887428
5.491466,1.4019941,5.507949,3.410692,19.161695,17.1502
4.0099936,1.3939414,5.271252,1.4066478,8.366415,7.28069
6.202907,1.3880223,5.218712,1.6962458,23.500105,22.381163
5.5417767,2.5397403,9.166311,0.9772313,16.074337,14.847792
4.40016,0.945673,2.936474,1.2697773,13.836588,12.401213
6.7612433,1.0456526,7.667359,0.6436456,19.845934,21.377178
3.322537,1.0875912,3.5346243,1.2689241,14.6073265,14.107926
5.90479,1.510602,9.469221,1.9456617,27.986397,24.686312
5.6807747,0.9025214,6.3437605,2.6600518,15.068831,15.328511
4.764349,1.413701,6.046424,0.87132907,13.320124,12.218028
4.131135,1.2203795,5.6470904,2.9360752,9.417934,8.718515
6.056528,2.2626274,4.5600924,1.5422543,20.69715,18.7902
4.5681906,1.6218143,6.55518,1.0527773,13.880461,11.95912
4.404502,1.0862794,5.5466666,2.4111872,9.346441,8.641733
4.0623026,0.8199689,3.3076816,1.2392621,11.60954,10.97551
4.3375244,1.1774793,3.4676723,1.3858697,9.487103,9.044298
4.063929,0.7206709,3.6188178,0.71409667,13.207861,12.471311
5.3588433,2.0697913,4.836596,2.3010325,21.311775,20.423985
4.736326,1.5908904,12.288195,0.7700995,23.599272,18.02081
3.690268,1.1929514,3.3456726,1.1457345,9.620402,8.347919
5.3945684,3.2531695,7.0758758,2.0424335,17.398706,16.163975
4.4090147,0.87575626,3.5178409,1.3207377,14.324945,13.19973
4.3711324,0.8912325,4.733042,1.8922211,13.278821,12.02302
3.722083,1.94819,4.446594,1.7995889,9.486028,8.119689
3.8884342,1.088209,4.2331777,1.2465955,17.506409,16.195389
7.111128,1.702423,10.191107,1.1329669,27.443787,26.296862
4.9666348,1.2638283,8.164877,2.3887153,17.128397,14.100059
5.363927,1.4261162,10.210335,0.62018657,14.061545,11.672274
4.9260225,2.2904506,6.4425497,1.5016255,14.560171,13.175732
5.0516214,1.1105074,6.0681744,0.28472614,17.805407,16.111443
5.625922,1.1617669,4.607646,0.758592,18.51061,18.508184
6.8787384,2.5697398,5.0668807,3.6367154,25.685253,23.841877
5.0944414,1.4937005,9.805977,0.48496652,17.53583,13.798302
4.098572,2.997474,4.7645364,1.5806785,10.307741,8.653343
6.681141,0.92462176,5.8806133,2.4828649,17.904501,19.139801
4.6425014,1.5840553,4.0508323,0.65622437,19.143564,17.305712
5.8253727,1.9110745,3.8335981,0.8092503,21.68954,19.913063
7.7756014,2.4422197,6.746406,3.5043793,27.579067,26.86477
4.3956985,3.2438054,4.853326,0.8258025,13.123611,12.178635
5.5055933,0.8695135,6.606662,1.2776101,19.076443,17.602787
6.411574,0.6428924,4.6228504,2.2554512,17.19773,18.130161
5.996468,1.3922061,4.04648,2.3591752,19.581322,18.59155
5.1920815,0.88856137,4.1785827,1.4095736,20.371845,18.375248
6.936428,1.48772,9.723263,0.8826127,27.775066,26.078146
3.8959055,2.1799355,5.23679,1.6667062,16.932861,16.521343
4.7864165,1.0720725,3.1103897,1.6306618,14.084045,12.762404
3.4965312,1.5093818,7.2741613,1.7388109,18.18447,15.453002
5.1843643,1.8075451,3.6858966,2.1339831,19.249586,17.6378
4.972543,1.8242652,8.87105,1.8129041,13.3459015,10.641332
3.8948705,1.1031919,4.187104,1.4165444,17.56493,16.122826
6.4808145,3.0210323,5.1731057,1.6936295,22.046944,21.397234
3.5651407,1.8229792,6.1324644,2.0823944,18.521336,17.43049
6.7581873,0.851526,8.769667,1.1087161,17.391317,18.851303
6.8842735,1.4342016,7.1481285,2.908824,22.274178,22.003164
5.331297,1.0526984,3.4434838,0.7906993,15.464016,15.798386
4.0046444,1.1710117,7.281333,0.43929124,19.23657,14.828601
4.5312624,0.99463505,4.1450863,1.4508158,16.853004,15.517965
5.3636518,2.2260823,6.6727743,2.8471913,22.472317,20.674763
6.915242,1.6613758,5.3633165,2.9504035,22.708904,22.408215
5.597786,1.9979353,8.928492,2.7718012,16.90039,14.2586355
4.2740245,0.9850021,4.406351,0.5940995,16.28031,14.639346
5.366705,1.8464677,9.844964,2.3920536,16.288086,13.131056
4.9431953,1.2295811,4.1378984,1.40539,15.398738,14.919304
6.12057,2.2498653,4.8091345,0.95157504,23.81083,22.36076
5.448469,1.8532603,3.6146917,1.5098199,18.920319,17.094183
6.5000343,1.690176,4.379848,2.195183,21.82661,21.261919
5.36967,1.6277269,7.605209,2.5894928,10.60573,10.343073
6.1074314,2.3402376,6.582268,2.587461,25.880226,24.681723
5.694725,1.4742062,7.638241,1.9440503,11.638588,12.926975
5.6414766,2.492236,6.1194153,1.5867813,22.03693,20.693462
6.10872,1.5813274,9.486334,2.1703033,24.729494,21.964037
5.752886,1.6732804,9.260027,0.66614324,17.287727,16.164627
6.112953,1.9743075,4.373429,1.6555611,21.145206,19.656334
3.9483736,1.1727575,3.912703,2.1213117,15.833119,14.576375
5.3092084,1.3416537,7.847722,1.6059784,14.667896,13.583889
4.098496,1.4272068,7.8665924,1.7801812,16.099518,12.7662115
5.2835693,0.61938196,4.0947447,1.0889847,12.434137,13.271921
5.291047,1.4985971,3.074593,0.35955334,18.149086,17.48308
5.9621816,2.4838948,4.710138,1.788681,21.347836,19.942268
4.453657,1.5842028,6.117504,0.5698991,17.34161,14.031591
4.444539,0.95951337,7.536648,1.0101777,11.5873375,9.064388
4.3048034,1.6699154,5.2333064,3.6702075,15.2786665,13.4508
5.1554184,2.3777952,5.617861,2.7416434,15.726492,13.120409
4.110482,2.9356415,6.598877,2.742515,15.099862,13.638811
3.7912827,1.1439402,2.636651,1.4252089,11.162512,9.3073635
4.904024,0.87293494,3.7212229,1.4938024,12.323394,12.134752
3.850334,1.4242809,5.3051567,0.38585413,13.674167,10.557725
3.7909698,2.126665,5.3479834,1.923452,9.906928,8.551821
6.478189,1.996624,6.480286,2.8520267,17.93943,17.841045
4.880512,2.1178586,4.4042363,2.7374644,15.048345,12.593644
5.327974,1.291809,3.0958753,1.7833266,17.986193,16.045433
4.650355,1.7932127,3.5285738,0.7702104,16.993526,15.219866
4.670337,2.2216513,4.1597404,2.065508,15.662378,13.756964
3.7375224,1.2536765,6.4466763,1.6310456,16.492306,14.081947
5.567447,0.7649488,4.2094517,0.75913066,16.620802,16.954195
3.8880868,1.9595052,6.1764493,2.7512498,13.167274,11.096598
6.0396457,1.4565856,9.878921,0.96821505,26.255386,23.325493
7.093979,0.6103149,5.626006,3.3348012,21.207003,21.887688
5.7612243,0.88147396,5.621814,1.4879495,18.895048,18.444187
5.6258,0.8312766,4.698436,0.8161707,12.121197,13.807238
4.4858885,1.791138,4.342288,2.1688337,19.721008,19.279354
4.2728987,1.5680823,5.0468197,3.3693023,15.059993,13.350862
5.880425,1.8685668,5.208096,1.402093,18.04288,18.197096
4.946548,1.2607994,8.138371,0.51211953,18.97734,15.192886
4.626167,1.387528,3.2167456,1.7533609,14.155459,12.304086
6.369298,2.942833,5.086831,1.9983296,20.76453,19.148096
4.5541096,2.98798,4.944226,1.2733654,10.13971,9.08372
4.61692,2.0322075,5.6091084,2.4851131,16.443903,14.233448
5.198378,1.0325338,3.7415009,1.8454697,12.064631,11.437048
5.0266085,1.5148789,3.5749974,1.8902441,15.29388,13.850109
4.9286475,1.8214434,6.238143,1.3696572,20.3692,18.464634
4.77604,3.3830276,6.359614,0.95003086,14.716902,13.770846
4.1896753,1.1742204,5.2737594,2.1215029,9.286531,8.221658
4.7655663,2.1403441,3.87045,1.3710136,12.505031,11.336513
5.6819715,2.214825,5.0443587,1.7804711,21.699892,20.344475
4.412188,0.68950033,4.3502774,2.2811813,10.775232,10.731686
4.226734,0.93222463,3.9841413,1.9047573,11.144541,10.344703
4.8281555,1.6011252,3.3859258,1.7182679,17.352839,15.7983
4.8690066,1.2076108,9.846868,0.6298734,17.558714,12.468716
4.6081805,0.60849386,3.5486498,1.3194175,12.125021,12.181725
6.543567,1.1151371,8.33766,2.907302,18.626148,18.43686
5.8829594,1.7188084,4.598047,2.2221951,17.806543,17.143496
4.1266384,0.8439849,4.976533,0.7965222,13.363664,11.700939
5.6473856,1.1167164,3.5051596,1.8933642,19.822557,18.538038
5.2620525,1.1550707,4.2177463,1.0658679,17.603703,17.30825
6.0091333,1.6528776,5.795178,2.1362379,17.56061,17.668978
4.611375,1.0469106,6.4869328,1.7330722,17.91705,15.127627
5.2363935,1.6173277,5.6440597,2.3448966,16.893438,15.1723
6.7431583,1.2350322,6.782769,3.6748424,26.196697,24.383127
6.5478506,1.27702,9.733791,0.96034795,24.996235,23.6979
5.266749,1.9009795,10.589024,2.3421006,21.509708,17.730534
4.3155828,2.0020041,4.730088,1.0654466,12.358434,10.952336
4.533437,0.94773483,4.0284,1.8193717,16.17253,14.473084
5.220068,1.3951082,3.804087,2.3824995,19.270761,16.80279
6.5970154,1.7480295,6.0058417,2.269372,25.789204,24.689373
4.7400217,1.8554184,9.913259,1.1136647,15.130656,12.029234
5.861481,2.9472628,4.020529,1.5350852,19.33958,16.577023
5.567095,4.1122847,5.617158,2.9112623,17.465755,15.48273
4.419616,1.4215633,6.322956,1.1427759,12.886687,11.154399
3.942241,1.6585612,4.4108667,1.9703153,12.64698,11.056727
5.9095597,1.3045729,9.081385,0.9440325,16.14641,15.946105
4.616988,0.9515724,4.8167324,2.1984065,14.961553,13.230113
4.3589206,1.046219,2.9063816,1.3649166,14.150664,12.557612
6.445403,1.5861793,5.746602,3.4853914,19.593716,18.402802
4.305277,0.66865516,3.2840033,1.1476462,9.348551,9.96525
5.6791625,2.1626956,8.890909,1.8327484,22.070759,19.864151
6.107873,0.803663,5.4863353,2.140786,19.341467,19.305347
4.074758,1.9620535,6.169158,1.6317115,19.427633,18.471998
3.1842337,1.694813,6.676506,2.0532405,17.292011,15.640612
4.0536118,1.2615718,2.7360075,1.5209774,14.980796,13.299007
7.0105267,1.9276303,4.144303,3.189538,24.694893,21.274467
6.0226846,0.753727,5.674291,2.5508814,16.18158,16.689089
4.927838,2.9698296,3.7194154,0.7735566,15.045965,13.06391
4.988929,1.0623976,9.861526,0.6087675,19.638847,14.478871
5.506157,1.3156339,4.540386,1.7582825,19.358892,18.398119
5.120274,3.0441794,4.8976536,1.56776,15.655851,14.168795
6.4822845,1.3825262,9.136482,1.4178858,13.338631,16.131208
4.8303843,0.9364766,5.2283554,2.6691873,17.182167,15.381323
5.0078607,0.8040867,4.6976247,1.8233721,12.359611,12.76801
5.579717,1.3865733,5.726304,2.3015792,23.310776,21.529297
3.9914906,0.9812557,4.41049,1.7181243,7.735203,7.431691
3.7390862,1.5866551,7.213334,2.0173163,15.906298,13.186005
4.9877505,1.5702432,3.074839,0.71026856,17.36322,16.210123
6.875127,2.1512644,6.495759,2.9108965,30.889288,29.587477
4.7964168,2.2563457,7.42463,2.7130153,13.040438,10.573694
5.2952147,1.1055361,4.9515057,1.5676689,12.371269,13.323217
5.1979795,1.1574209,4.991179,1.9038926,15.863058,15.154545
5.1307716,1.0790459,4.5236897,0.7092222,16.507574,16.553421
5.5715623,2.0376265,8.789529,1.358462,11.912455,11.829887
4.8187513,1.937898,3.3409395,1.8538121,18.099651,16.752003
3.8292863,2.0219903,6.742001,2.1906753,20.69027,19.483437
4.796521,1.568377,3.3790045,2.263179,14.125525,10.414972
3.295156,1.7730662,6.7813926,1.9128718,18.619177,16.912758
4.391444,1.622257,5.847638,2.4952984,14.165156,12.097188
4.9041667,1.1671239,3.9786532,0.79945743,17.746305,16.916958
5.7211494,0.68645847,5.3681808,2.6326945,16.72961,16.30277
3.9736629,2.1144977,9.119483,1.4078559,19.16776,16.504389
5.516744,2.0403266,4.8906746,1.9651036,18.445713,16.975885
5.1704745,2.261743,3.9261332,1.4663539,13.252502,12.164238
5.0160975,0.90991294,4.6859317,1.3417598,11.289906,12.32031
3.7847793,1.181619,4.1245813,2.1320658,13.31452,12.253927
4.787932,0.81977284,3.2963367,0.8499079,10.900772,11.812308
4.70102,2.1485217,6.005096,2.6190166,22.38607,21.765177
4.744206,1.4313569,4.8536625,2.729187,16.496567,14.630444
3.7247791,1.8443367,2.9808705,1.0901868,12.195357,10.539784
4.718158,1.8001812,9.480667,1.5047425,12.860113,9.821648
3.153366,1.2608179,5.407906,0.997564,15.218303,13.059265
4.0777736,1.2098718,4.6883492,1.8875949,7.376794,6.96475
6.972741,2.3171787,6.6329985,2.6447535,24.04744,23.429325
4.3970847,1.7715354,4.8593817,2.7072434,15.938616,14.050151
6.398328,0.790591,6.187107,2.377197,19.591232,19.83216
4.593281,0.6180012,3.7608128,1.6776505,10.131094,10.414695
3.8097622,1.1476443,5.2787194,1.306967,10.6474285,8.838468
3.9863493,1.3810956,2.634841,1.0106438,14.2454605,13.165216
4.0703897,1.2245094,4.1662626,1.8654346,15.6730385,14.204504
5.0302353,1.0542877,3.6670032,1.0488739,14.855629,14.791812
4.8283725,1.2306488,4.111801,2.8702838,16.360596,13.628437
4.7374825,0.7241658,3.5844233,1.8330133,15.05628,13.104726
5.856003,1.2105616,9.473318,2.1844428,14.584818,14.143403
6.452583,3.191731,4.6110945,3.4535336,21.722408,18.916183
4.418026,1.2049167,8.758038,1.0941896,18.215078,13.4562435
4.315486,1.1604255,5.152425,2.4128318,14.947223,12.876421
4.661954,1.7387102,3.1139288,1.3181453,15.615495,13.972879
5.8211207,1.2232531,7.2305226,1.0556602,10.400579,13.261314
5.0238323,1.3968304,3.3574905,1.3904976,18.303822,16.904333
5.523011,1.2063407,3.1665487,1.2355368,20.092588,18.795464
3.3600092,1.4641123,4.6655693,1.9863636,15.486445,15.090292
3.340495,1.1088594,4.1169963,1.4881579,14.391737,13.494428
3.9162974,4.320989,5.2873473,0.792619,8.779246,8.997639
5.7126746,2.772264,6.458683,1.4394908,19.323925,18.177908
4.0455036,0.9664629,4.2123785,1.5798936,12.121199,10.9589205
4.3407187,1.7854571,11.691464,1.7402606,24.984627,19.578274
6.5016594,1.0386498,5.638913,3.9021997,24.235153,22.069328
4.9907713,1.7284012,9.384636,0.91305155,13.904542,11.465875
5.411614,1.0544068,5.7609653,1.087865,20.98472,19.398228
5.7828684,1.054398,6.235277,1.8463829,16.618355,16.820501
4.8213983,0.9464122,10.173296,0.4337443,17.904346,12.41808
7.071062,1.9928992,9.778364,2.6111007,29.20721,27.167002
4.6913123,0.63861376,3.8067589,1.0545156,9.064598,10.192173
5.589076,1.1125308,3.9292483,0.77100974,15.810761,16.360624
3.7213788,0.940734,2.9218187,1.4751322,10.103701,8.931088
5.8732786,0.87032235,6.5306244,0.62562644,16.212694,16.875069
5.3980403,1.7806102,3.1222343,1.2215325,17.997576,15.231651
4.6514993,1.4309162,4.666885,2.1331978,19.597443,18.186728
4.0352683,0.99437785,3.779146,1.0819278,15.953233,14.688447
5.518589,1.1887363,7.099728,1.4273226,10.638052,12.267545
4.870738,1.2224156,3.640614,0.7677607,14.066819,14.04769
3.6645813,1.338072,2.6397448,1.1110729,4.720111,3.796464
6.444582,1.6996747,5.3450456,1.3982157,22.068785,21.953518
5.174816,0.5939518,4.254629,2.397336,12.5113125,12.008581
8.139531,2.0452619,7.584566,3.2605982,33.89765,33.028736
3.7588272,1.3019423,4.5401845,2.414314,15.655943,14.711607
6.8088317,2.448992,6.378579,4.0561905,18.055063,16.982018
6.4386306,0.9947543,5.9353313,0.7625242,27.723969,24.7823
4.874883,1.594672,11.467749,0.9229942,21.882925,17.251354
6.2854004,2.4306035,10.497784,1.2579916,16.635456,16.268314
5.578749,1.352003,3.6498084,2.2173693,19.75859,17.545794
5.813239,2.0511675,8.734173,1.6238511,26.428078,23.995989
4.7133737,1.2436249,5.0343385,0.49112594,15.661087,14.271217
4.139374,2.2460504,5.846587,1.9274845,9.802574,8.327656
5.0185184,1.4651355,4.957669,3.1081524,15.991613,13.899406
5.4235573,1.2612501,9.401089,0.7742462,22.705853,18.89563
5.126241,2.6539698,8.679317,1.1785274,14.418315,13.006238
4.4021688,1.6719663,3.9104362,2.0458498,16.943996,15.721228
4.9076643,1.1878997,4.1945977,0.5047023,16.750687,16.188255
6.0884867,2.1584706,6.9623256,2.9408045,29.995697,28.614988
5.227164,1.0558267,5.2186627,1.9161786,15.213587,14.765675
7.4553714,1.67811,4.7045474,3.245099,28.035435,26.486832
4.1568775,1.8952737,10.611223,1.1622537,25.1069,20.97543
6.056705,1.2399983,9.767501,0.3331623,27.697096,23.25296
5.996119,0.91564703,6.28753,2.3873878,22.94032,20.716173
4.1460586,1.2324524,8.838954,1.3850794,15.364117,10.7432
4.2496386,1.6644686,5.7650514,1.9433055,8.670189,7.718891
5.417001,1.1695945,6.9733257,0.20541024,27.447062,23.469257
4.13556,0.9129683,3.7805748,1.0823066,15.93617,14.711419
4.473584,2.4922676,5.5964093,0.6126505,15.765467,13.992378
4.9931884,1.0081019,6.9248724,2.3006377,16.10794,14.096753
5.624093,2.4531388,6.9336395,2.2002153,17.644623,15.90082
3.850491,2.055269,5.0079727,2.3183324,11.229604,9.77032
3.3507047,0.9477651,2.7797987,0.9439704,12.246232,10.96319
6.052913,1.2715862,6.3491817,0.9375401,17.75407,18.528803
5.414155,1.3493594,10.100748,0.14997494,29.155025,23.38195
4.4235744,0.8621865,4.301277,1.7177384,11.692745,11.313198
5.7879825,1.7514254,9.304564,2.5215616,14.8488455,13.182691
5.3009324,1.3702826,8.9883795,1.7752395,16.327055,13.67165
5.186583,0.87258065,5.009047,2.0565603,12.357474,12.827863
5.281865,2.058405,6.168588,3.3219159,23.472923,22.17379
4.471831,1.2065403,6.986884,0.15608108,20.544891,16.162176
4.4041634,1.6344625,5.2743807,1.0636244,14.271112,12.6635685
5.5748086,1.9478269,3.7593555,0.84342587,19.207079,17.483305
4.799464,2.0853627,3.6560314,2.0089023,11.055052,8.770868
4.891999,1.3146366,9.954483,1.4074122,20.83848,15.946584
6.637733,2.7477717,8.1265745,3.2428966,32.23315,31.35395
4.298779,1.5131661,4.5676827,2.5376816,14.859719,13.004335
3.8168907,1.3394461,4.8562474,1.5988293,17.485077,16.188198
6.8500214,1.6503495,7.1721563,3.340407,29.814589,28.058346
6.053692,1.0862958,5.0813565,3.5402513,21.692429,19.258617
4.5726542,1.4976923,5.0995026,1.1464291,19.001038,17.407772
5.6065497,1.5209647,8.310617,2.1242576,26.141949,23.311321
5.161034,1.8908895,3.9907372,2.4584508,17.61828,15.6464815
4.809817,1.7558651,8.7034235,1.8692342,14.495294,11.5328665
4.238473,1.4960533,4.323675,1.649244,15.113221,13.750344
6.5494614,1.6322193,6.3995275,2.8692236,23.89069,22.709019
4.9197326,1.8401935,7.5146427,1.714752,14.966412,13.042645
4.3949037,1.6610436,4.485704,2.262173,12.895477,11.119841
6.15803,2.3981056,7.259345,2.0805793,20.751987,19.548532
4.257175,1.259288,5.58491,1.275375,14.164759,12.335802
5.049178,2.1884716,8.538784,3.5343008,22.044142,19.048588
4.8075233,1.7294838,10.453226,1.9291703,25.965874,20.987257
5.022714,0.9673201,3.8887725,1.7360506,15.110316,14.276436
4.9672103,0.62208605,3.6991835,1.2628355,10.650491,11.609856
5.2816358,2.3588657,3.9874105,1.129155,17.044855,15.284448
4.155025,1.1659908,5.1342444,2.0249214,11.218209,9.880927
4.4900618,0.56751424,3.7826753,1.7793261,7.0936728,8.478409
3.6275198,1.6495261,4.2812943,2.3625402,12.143976,10.882255
4.1669064,1.8044949,2.4895313,0.5986064,13.745325,11.853204
4.39915,1.8467399,4.1157136,1.397423,16.040867,14.901102
4.8213305,1.4235857,3.0239,0.92078924,16.21328,15.363818
3.4140534,0.9716972,3.4627583,1.4482923,7.6626773,6.6993217
4.313636,1.9120765,4.297566,2.8501804,12.084917,9.92041
5.3653164,2.0005517,6.0013657,1.5251051,16.010225,15.064925
4.818288,1.6279104,5.174777,2.9220555,16.983181,14.892131
4.49474,1.9353611,3.6832943,1.4624823,14.449273,12.777134
5.7397327,1.5717226,4.8831425,2.071526,22.530115,21.170147
4.839029,1.4709435,8.455973,0.8528575,15.6264105,12.414376
4.0022697,1.9707096,6.9443493,1.5102756,15.319462,13.137543
3.949796,1.9671004,4.657936,2.7382898,16.878765,16.104513
3.9421391,1.1612889,5.2420135,2.385204,14.197088,12.398272
4.7227077,2.2139432,7.892741,1.862325,14.189788,12.228807
5.4064827,1.3622332,3.1992779,1.7359874,15.817742,14.859712
3.984386,0.8814231,3.7994878,1.9496711,11.667645,10.609427
3.6907744,1.8059142,6.282931,2.2398462,15.68818,13.599235
6.642981,1.4931393,4.112897,2.779216,24.358303,22.57706
6.3018503,2.6232781,10.590967,1.9935164,21.413052,19.934807
5.8942065,1.3852158,6.4890122,0.78094435,23.357624,21.306278
4.4649706,1.6330764,4.0361185,2.1132581,15.864549,14.06857
5.251218,3.2305002,6.0189214,1.1120503,16.64667,15.688024
5.292478,1.4079896,5.6319447,2.8138626,21.239374,19.138008
6.62014,1.3917897,9.509417,0.08249676,28.759232,25.881649
4.8234057,1.3785766,3.3867574,0.6134688,17.149574,16.260323
5.306353,0.9938978,4.7058845,1.7968259,20.910149,19.065102
5.2928805,1.5436504,5.460344,2.3202972,21.047813,19.291828
5.414779,1.1839845,8.831755,0.4285165,22.586962,18.663494
3.6530044,1.5747387,7.975814,1.7911265,19.601034,16.331259
4.959399,0.6823295,4.217975,1.7950917,16.178423,14.854578
5.1901054,0.44695395,4.2184386,1.9722512,7.799711,9.921039
5.1212387,2.1551893,6.0110903,2.7909474,16.889566,14.498464
5.4760637,0.7585821,5.650012,1.8817649,13.984925,14.60019
5.5188546,1.5967968,3.0413873,0.93814635,19.994,18.23029
4.1261067,1.3337805,6.210199,2.2637832,19.557686,16.534832
4.6949673,2.5104258,6.287925,2.623219,20.509787,19.032938
4.2059803,1.9897323,4.1378727,2.016984,17.308,16.70649
5.0334272,4.5122323,4.5091696,1.1249808,12.728041,12.229414
6.2920895,3.0951238,7.7939034,2.9020848,20.219463,18.369904
5.792319,2.4252214,9.322643,0.6076767,20.107174,18.57867
4.2755055,1.6361108,5.076632,0.5368877,10.583937,9.212919
5.0731907,3.7539744,3.4484553,1.5397698,14.621132,12.678904
4.8666525,0.76840657,5.305578,0.46589708,12.489089,12.506266
4.249255,1.5850465,8.034723,1.3623645,14.03,10.78442
5.4368196,1.1026521,6.9989634,1.926901,13.127129,13.395313
5.1170254,0.7454304,4.8680243,2.720432,15.181318,14.092248
5.382893,2.136498,5.3139086,1.7182479,17.922865,16.572588
5.0438347,1.1617749,7.1119223,2.9438438,15.789485,14.000305
5.9396067,1.4302545,4.0028324,1.8100865,19.250391,18.8083
4.8656654,1.7309124,6.4988275,2.4826386,21.513212,19.574024
5.7442193,1.5571629,7.479908,2.2750738,18.720638,16.858595
8.19277,2.3301659,6.3984027,3.5908308,32.96734,31.633095
3.9110901,1.5409552,6.1434216,0.920879,10.582998,8.600548
5.0557265,2.8414564,7.306312,0.26084077,14.886728,13.460281
3.0026624,1.7033249,7.8705673,2.013478,16.278593,13.768736
5.148293,1.4876058,5.3420606,1.6468744,10.905163,11.726484
6.7345166,0.91802967,4.2785835,1.1799921,22.085712,22.49154
3.9196534,1.3901255,5.478204,1.838099,12.592508,10.887391
4.023675,2.5451431,5.382911,2.433723,9.865306,7.947092
5.4774733,1.2991586,4.26277,0.615309,18.681377,18.14094
6.180954,1.3077306,6.4546947,2.3335001,18.851023,18.765713
5.254879,1.2571268,5.4328766,2.7229548,18.703325,16.596384
6.1968055,1.6681254,6.3454704,3.191675,15.386716,15.527284
5.222341,1.6873161,4.7648196,0.9052218,10.26201,11.419624
6.014717,3.288371,4.6658955,1.1131675,18.740107,18.333466
3.5609684,2.2561245,6.7768297,1.4523292,15.741296,14.38817
3.3698869,1.1774442,4.1164823,1.289603,10.585963,9.222694
6.8259993,1.4417259,7.037207,1.7511652,22.217958,22.765434
5.6557436,2.0842392,4.3169312,1.5675726,21.93076,20.430574
5.31295,0.7912581,5.576666,2.232596,12.436245,13.263412
3.7018437,2.002132,6.0486035,2.9887135,15.418217,13.98909
4.201908,2.1915042,6.697371,1.6294007,16.491768,14.788062
3.8695104,1.333664,5.160704,1.00402,13.065783,11.198331
5.583185,1.2146635,8.05348,2.5506616,22.426256,19.225128
4.376601,0.75093883,3.354353,1.4434949,11.423887,10.720188
4.4259963,2.207013,4.5422554,2.0828898,11.282032,9.258686
4.8282743,1.9365611,3.2371998,0.9361519,17.070324,15.216
5.2222548,2.3968463,8.045458,1.8893248,16.104588,14.418246
3.6663795,1.2361397,4.054199,0.79873717,15.513663,13.736981
4.8719153,3.1127765,7.1786423,1.3340509,11.196053,10.58385
6.8279314,1.8153428,7.4991226,1.513826,24.385746,23.793854
4.2891054,2.4224966,5.1966,1.1147625,11.1075115,9.84361
3.9308481,2.006271,4.708769,1.3124657,13.734006,12.287998
3.8333635,1.6478498,8.298769,2.2753527,18.133474,14.94197
5.1928854,1.1564635,6.482332,0.59340227,19.066814,17.275864
4.971473,1.0695758,6.2876825,1.7743483,12.952843,12.587614
4.032452,1.676093,6.516641,1.3830242,17.73776,15.667209
5.1383767,1.57705,9.012131,1.1932638,15.565296,12.736172
5.1516285,0.8595165,6.7317166,0.9540639,11.832353,12.130381
4.980739,2.8363447,7.3911166,1.8131423,18.218222,17.508238
3.7357326,1.1456697,3.8036754,1.7730323,6.2559395,5.5128136
4.659096,2.4311805,5.6441174,1.964559,14.656274,13.081951
5.064173,0.7488803,5.308251,0.9653151,15.567745,14.659004
5.331166,0.84671617,4.16792,0.7644213,20.41414,18.660427
5.204373,1.9778178,4.348868,1.4743278,17.415411,15.995163
4.6598263,1.7072921,9.817293,1.5663261,16.736399,13.021029
5.6152043,1.7405202,10.293004,1.3686874,16.503069,13.91283
4.1696925,2.141234,6.7418804,1.9090347,14.263218,12.3362055
4.777019,1.1677096,8.005931,1.9206755,16.997742,13.611229
4.057494,2.2478952,5.8267345,2.8469849,19.548845,18.866879
3.918451,1.1388597,6.885664,0.500298,16.117842,11.978758
4.8637786,1.8257297,9.268564,1.3728199,11.107768,8.748936
5.7516565,1.9023151,7.690811,1.8620833,15.666751,14.652607
3.881825,1.1822034,6.852367,0.30280304,11.262474,7.5819583
6.141556,2.0126736,4.6067667,1.7568834,20.945293,19.689453
4.2830057,1.0012319,4.204887,1.0773534,14.441711,13.503111
6.0064936,1.8089703,4.6192837,2.2441735,21.35572,19.631382
5.435323,1.9486051,9.161108,2.1341329,21.958076,19.191782
3.398014,1.3895984,2.773909,1.1152893,7.345523,5.9502296
4.7979527,2.4750361,8.812132,3.776143,21.973957,19.212757
5.5280933,1.4895508,8.5289135,0.892751,17.531315,15.779167
4.1304364,1.0058383,3.6557822,0.9442612,12.944192,12.266844
4.8294983,1.2705339,5.733699,0.3354211,17.586113,15.125423
4.3592854,1.182058,3.5297303,0.87315893,16.877928,15.438358
5.4990807,1.71382,4.469148,0.77300406,21.829298,20.280434
6.2967663,1.2411045,10.051267,0.39321494,28.476873,24.282104
4.8370533,1.0306388,9.3877535,0.6015506,18.627966,13.615291
5.807474,0.70400304,4.825313,3.2354374,17.203,16.116705
4.556179,0.92118406,4.9020605,2.8755183,14.543811,13.205308
4.998803,1.2188381,3.433249,0.60958636,17.881603,17.355982
4.086008,1.0771283,5.076996,1.5300418,12.210518,10.64086
6.022726,1.1433572,9.096106,0.89689064,13.079944,14.131517
4.899839,0.78357965,3.773005,1.2779199,13.537344,13.595124
4.805407,1.3220719,3.001017,1.1510203,13.900389,13.344562
3.300765,1.0536917,3.6730514,1.0056057,10.764058,9.378143
5.077962,1.4069028,9.3838215,1.9504056,18.879679,15.180415
4.329402,2.052445,7.9708605,0.94762707,11.284515,9.327221
4.9363594,1.0843624,4.8346834,1.7754433,16.567297,15.314105
4.635481,1.3085405,2.7517734,0.9270164,15.566298,14.474651
7.710402,2.4874072,6.669776,3.8697824,32.040405,31.261147
4.336412,1.0423676,4.099039,1.458097,10.626804,10.519595
5.239868,0.7489892,3.828836,1.3190491,17.786335,16.879908
5.1926365,1.9812616,6.3518243,1.2699678,16.352446,14.918849
5.6618605,1.4667548,8.150019,2.0859945,28.21244,25.2334
3.5024652,2.4978342,3.789373,1.5671307,8.2527685,6.4201484
6.3886666,1.7036513,6.259533,3.1166382,26.658295,25.105904
4.681896,0.5842474,2.734493,1.1297257,8.96437,9.352343
4.905984,1.1470217,3.3450828,1.7586949,16.271368,14.756982
4.3043466,1.7705504,3.139821,2.279878,16.657589,15.238448
5.5614576,0.99947107,3.873561,1.4159429,16.58442,16.43108
5.6666136,1.4998965,13.979079,0.826396,21.374434,15.285708
5.1754665,1.3886194,3.4904225,0.6173501,17.867447,17.440655
5.5392666,1.2365309,5.4717193,0.702593,12.347846,13.88394
4.370945,1.9449718,6.5445967,2.7521744,18.8546,16.790634
4.7759457,1.3243424,8.346117,0.20398712,23.549805,18.699247
3.8840384,1.3229772,4.7143545,2.1544642,11.96024,10.533566
4.316635,2.39788,6.5717025,2.3739233,11.68519,9.7309675
4.1365857,1.2459841,3.4116025,1.1969643,5.04348,5.475505
6.5602064,1.1971402,9.520447,0.8820492,25.152645,23.492254
5.567037,1.0838873,8.027836,1.6988368,13.115908,13.456047
6.6580195,1.1944162,8.116615,0.7518574,24.914984,23.705803
5.422853,1.1526954,5.0766263,2.9703124,20.001638,17.722942
4.0543256,1.221303,7.0563884,0.72015435,20.800045,16.87945
4.975454,0.98150086,4.14276,2.6656322,14.7514925,13.014947
4.6740155,2.2130556,10.0118265,2.0969498,30.49411,26.87393
4.415601,2.1190267,6.4337535,1.1885487,14.19346,12.420328
3.9771903,1.6383656,8.06611,1.7709388,20.817413,17.672062
6.825818,1.0586632,11.00592,2.0444622,20.908428,20.738913
7.225957,2.071095,5.800889,2.8483949,29.598814,28.307823
4.1750975,1.0966976,5.8275547,0.76978624,9.828993,7.8722258
4.975893,1.3452884,3.2446542,1.6857159,13.374994,12.243585
4.416904,1.0428001,5.889718,1.7558619,13.482866,11.55449
4.0700483,1.1631743,5.3407,1.035448,17.97747,15.856693
4.6416855,0.7987274,5.630333,1.6577795,13.887851,12.567289
6.3955135,2.4357514,4.753682,2.9477315,23.076004,21.243649
4.102351,2.0123,8.338734,2.4851253,20.329407,17.325178
5.8586426,1.9914986,3.6939216,2.4963684,19.927872,16.507126
5.483976,1.0831795,5.4556074,2.4260626,19.391603,17.727448
5.3150654,3.3360686,6.744786,0.7158104,11.849486,11.792465
4.9726143,0.83162904,3.5371375,1.4320854,12.595033,12.260987
5.4473567,0.8010037,3.5337203,0.7744314,13.21517,14.288948
4.0992208,1.7402873,4.029534,1.0864171,14.561647,12.983486
3.710073,1.601954,2.9667008,1.0643319,9.509697,7.8281746
6.854804,0.807889,7.7626286,1.8971136,23.187119,22.363804
5.522823,1.2280244,9.52046,1.4839579,22.37996,18.965097
6.3994303,1.84923,5.29401,3.1091104,24.033207,22.250732
5.176896,1.0082057,4.992955,0.81374407,17.646435,17.012203
4.2309175,2.0838275,5.0134296,1.4113675,15.965139,14.819333
3.7002897,1.5455614,3.3733182,1.7487675,15.780862,15.346823
5.35402,0.67047447,4.7535834,2.2604342,19.792229,17.350775
4.099638,1.9510942,7.819804,2.3084908,12.155199,9.493523
4.6131964,1.8763664,4.055253,3.070815,12.170675,9.894452
4.7887025,1.3644298,9.658656,0.34102654,20.508427,15.409236
3.8063111,1.9699552,7.845704,2.1474817,22.62079,20.589216
4.2243776,2.2279572,4.7150564,1.0056328,12.698856,10.808893
3.6809769,1.3617425,3.7936735,2.3437138,13.480927,12.459644
4.4840536,0.8608611,4.002865,1.5883969,15.676106,14.209389
4.566098,1.87542,7.0431767,0.83655226,11.510835,9.922519
5.5953064,1.5244491,3.545745,0.76620793,18.918787,18.58414
4.6926045,0.9610395,5.753099,1.2282081,16.56047,14.951395
4.184354,1.9331075,2.9418688,0.8456095,9.1638775,7.850136
5.453159,1.0054932,8.313406,0.9843599,17.175318,15.713873
6.2829413,2.958809,7.3526225,2.2720275,21.191185,20.065062
3.9814663,3.4075131,3.4266891,0.23363924,9.422653,7.5884023
4.163419,1.3277779,6.9368362,0.47931278,19.691803,16.035572
4.787851,1.4054592,7.459724,2.5805335,16.878162,13.969976
6.736781,1.6582514,7.646145,2.0107222,30.18906,28.050117
6.148249,2.482162,7.8656464,2.5938268,15.690319,14.714558
4.7891483,1.443009,3.2440972,1.4442166,16.846756,15.330716
6.1954265,0.8893403,6.483542,1.8140827,18.96693,19.178303
5.1313744,2.458911,7.097102,2.0233254,13.581411,11.837307
4.5279403,2.1406717,4.979564,2.1145518,13.032904,11.073463
5.9097824,2.87616,6.7839365,2.279316,17.845129,16.080742
5.3580127,1.5845296,6.5155435,-0.04910624,20.064375,18.042648
4.993886,1.5067908,8.114762,1.6419897,12.844683,10.846085
6.9237404,1.9075322,6.582341,4.39009,20.030792,18.849476
5.6491423,1.5535538,4.967033,2.039801,14.949496,15.184478
4.147029,1.5741985,4.777196,1.6742232,17.275011,16.21152
5.7969327,3.1022425,6.7989373,2.7081394,16.803059,14.437674
7.574322,2.282313,8.157339,3.1793816,31.572243,30.365475
5.639427,1.2461667,4.4103503,0.95185524,14.347628,15.179178
5.5307426,2.3709102,5.442286,1.6121655,21.403513,19.906893
5.575969,0.89278173,4.3117967,1.5782623,11.651313,12.086794
5.820437,1.9578458,5.309656,2.315655,21.383875,19.918518
4.2891083,2.3334475,4.9435596,2.2281063,11.336731,9.057255
4.980338,1.6624153,4.075652,3.0806496,17.63485,15.5752535
5.360752,2.9589524,6.8138404,1.5422984,19.59218,19.126888
5.4068627,2.0936465,3.4314003,1.1033171,18.137997,15.417247
3.7423499,2.1444952,5.802472,0.71280336,6.1958065,5.030162
4.701286,1.6533864,3.0659072,1.2961417,13.953928,11.851125
3.6485152,1.2557681,6.1244593,0.9897379,17.34131,14.723775
5.578358,3.2557404,5.2528887,1.2681012,18.90964,18.175598
5.0462155,1.3048558,3.3498282,1.8256015,17.825544,15.847023
5.0442195,2.2764626,8.097217,2.6369238,24.607008,22.682394
6.863411,1.7213743,6.104512,3.6964698,27.00235,25.234627
4.9501266,1.4050539,5.747417,0.87488943,6.103466,8.096929
5.4074087,1.06879,8.135448,0.8634499,13.910792,13.390627
4.687939,1.6746192,4.7104173,1.9197911,18.564169,17.10198
4.731948,1.7009571,3.3460236,1.7831724,16.251053,14.570785
5.707547,2.711636,4.7252746,2.0688205,18.766098,16.803427
4.4379573,1.09779,3.6663218,2.1719134,13.430532,11.726324
4.8171945,1.430745,9.211163,1.1954341,19.818325,15.860944
6.523234,0.68193334,4.6404243,2.473864,19.08335,19.334633
4.0632014,1.9564753,5.968205,1.2129883,12.216293,10.532699
4.3264933,1.6745278,5.5816383,2.90449,15.461375,13.417864
5.208823,1.24417,5.502239,1.847626,11.950028,12.584832
6.5567,1.242594,5.8554993,3.9708662,21.324245,19.789059
6.054141,1.9580033,10.32161,1.1150593,25.12307,22.555786
4.621169,1.9456651,6.132758,1.6946952,15.758719,14.046317
5.1192727,1.4813559,3.9450588,1.7367907,18.82195,17.369053
4.3256993,1.7027844,5.089612,0.3065585,12.764925,10.572081
4.8098574,1.1320262,6.6322107,1.8944267,13.550153,12.150952
4.920371,0.7517427,2.4489198,0.6753805,10.197776,11.198202
4.430245,2.023221,6.151996,1.8190413,15.443532,13.678293
3.9299412,1.4338821,5.2760797,2.601454,15.879822,14.25615
3.9416144,1.1253983,3.1278744,1.4477295,11.834795,10.756458
5.0779753,1.7978734,3.363172,1.9036186,17.665392,15.799141
6.4612184,1.296696,4.6300745,3.4147358,19.861164,18.49873
5.144569,1.2077274,3.168463,1.6189187,13.360669,12.617973
3.734748,1.1733679,5.592292,2.161061,13.655554,11.800654
5.124768,0.6057361,4.7026224,1.4244909,10.311884,11.7318125
5.4405704,1.7626426,10.238492,0.9735976,15.146865,12.800419
5.4920015,2.7484856,10.353785,2.2647233,15.816097,13.701143
6.5779967,1.2926676,5.483323,3.318791,28.008003,25.67303
3.8420963,1.6153834,4.0995574,1.743525,12.106716,10.655922
5.716353,2.934432,4.9687576,1.2239587,17.973608,17.186205
4.2799764,1.4372128,7.2730856,1.4685838,10.383152,7.8837733
6.4001546,3.4552717,11.29003,2.4909675,22.642532,21.728998
4.599302,0.62348384,4.1916003,2.176036,9.509912,10.645065
4.501585,2.1288877,4.0140634,0.8190599,15.277892,12.790952
4.587383,1.866193,4.795542,1.2759329,11.927304,11.101715
5.423621,0.6805118,4.759572,2.2404613,14.993202,14.678561
4.7032886,2.559495,6.2495074,1.3598384,13.734615,12.576227
5.420349,1.1621696,10.306746,1.2072551,18.132927,14.577634
7.1295567,1.5395411,12.617905,1.1643672,23.341179,23.124722
4.779173,1.0617915,4.3207254,2.1675906,14.135027,12.926356
6.2242293,1.4203459,10.656594,1.2970374,23.349794,21.15544
4.9158254,1.5477426,4.061167,2.426713,14.741237,12.998328
6.3814654,2.113997,5.7847433,3.302308,19.740543,17.943075
3.7314167,3.1986907,4.8354616,1.0777543,9.00853,8.640188
2.872806,1.2626513,2.678492,1.7606862,9.175783,8.9678545
5.3155675,1.3946586,7.1236715,1.4887854,10.5366745,11.470407
4.928836,2.0008006,8.323166,2.7942858,15.074369,11.955964
4.1706977,0.75294524,3.143612,1.2300254,8.621116,8.878847
5.790429,1.3292191,4.8034515,2.6286728,16.216984,15.681132
6.4619856,1.5272601,5.531679,3.7167463,25.290447,22.984337
4.5670266,1.5527718,5.961858,1.2226326,14.178685,12.659648
4.931038,1.7647527,5.105706,1.0244491,17.154545,15.456726
3.8906174,1.2147073,4.4253078,0.8418226,10.587463,8.76458
3.6056118,1.3783125,5.8342614,0.6615939,14.369599,11.510322
5.115205,1.6951756,8.08751,1.4678037,25.724434,22.737236
4.624042,0.47451007,2.572912,0.8760526,5.3571424,7.3396325
3.0118887,1.3015037,3.611353,2.6343563,10.559666,10.625774
4.5142875,1.4339005,6.3939385,1.1257704,10.761712,9.392224
5.1446304,0.5840399,5.002716,2.584947,13.665858,13.385895
5.1573896,0.6632026,3.3169732,1.2210854,9.548712,10.7037945
4.52251,1.7737586,9.981331,1.8576506,23.127333,19.266676
5.177443,1.6171649,8.870237,1.94138,18.99424,15.874307
5.572212,1.6835635,13.452996,0.78684956,28.853035,22.748234
5.7792706,2.487999,5.725732,2.3907988,19.608791,17.734728
5.334153,1.445156,9.794714,1.2479329,16.995687,13.742542
4.1422915,1.971995,6.6462297,2.0649815,17.70792,15.796008
4.450778,1.8044943,7.939782,1.4472883,21.464426,19.101748
3.9138992,2.1370726,3.3499837,0.9615701,10.714066,9.121155
4.5581303,0.9539621,7.286992,1.215453,16.66589,13.03513
4.701487,1.0842645,5.9659233,2.4460087,13.622173,12.097034
3.5439448,0.97759795,3.5137787,1.2204267,11.5659485,10.108482
5.2124553,1.4995323,7.601316,2.157947,18.066666,15.490383
6.3713975,0.83563936,6.4175997,3.3810234,19.626945,19.118443
3.874704,3.5999577,4.9944763,1.2653283,8.779597,8.358652
8.081928,1.9780593,6.895602,4.682282,35.08953,33.09394
4.0035057,1.0028507,4.664583,1.8316689,11.175554,9.886837
5.2466183,2.136415,7.598281,2.6503806,13.660583,11.592408
6.03111,1.6845665,5.508783,3.323116,24.761436,23.095703
5.51228,1.9621258,4.5570097,1.9225423,19.795822,18.483185
3.8861463,0.8475007,2.688514,0.8799545,9.719991,9.44841
5.086349,0.8750688,3.5175872,2.3110905,11.638489,10.337925
4.697101,0.98872113,7.570834,1.0659617,17.277199,14.093861
5.9714127,0.7207902,6.1251025,2.3575726,16.075867,16.672728
5.356513,1.1831938,4.0850215,2.6574082,18.496141,15.873349
