Water,Fat,Palmitic,Stearic
62.26421321155871,25.49739125596774,10.019610214131431,0.4367733393450564
61.592886571260564,25.622253099668765,8.68361412476348,0.32985208250029774
65.68539100910442,17.930496733507766,6.848372731103174,0.40858675999625893
82.03967712309472,4.969234388521333,0.4016910692962681,0.1215094725398476
70.31044676396569,15.859079578669672,5.867022977829758,0.1960956289144774
82.34892832172221,0.8634981169684135,0.5472950563669281,0.0
51.86061633918406,36.00981420197106,15.316613962530989,0.7442030628800935
78.56653750976477,8.027833588797076,3.602207477394146,0.1659655240459347
87.9384845377185,2.773517015913069,0.30012292815680164,0.0
68.00182470294457,19.708096616104072,9.145026850949268,0.4087766207570941
94.18472910230345,0.0,0.0,0.0
62.20581390671335,27.6638155452364,9.265497817549658,0.7152688440274962
66.44485258176319,19.52368743988064,8.248769301734184,0.2941556438951376
52.54781083867666,33.183879695403746,12.294129777331474,0.697917304959126
68.30275477620567,16.21792311972706,5.795421010324128,0.12450057982512511
59.73685996901968,27.599097613783183,10.657918967283765,0.4431541705658981
91.4628630093128,0.0,0.0,0.0
77.55290998278414,9.397600499966561,5.084854477430073,0.13956551561142555
86.82380940812725,0.5685438282546287,0.5685438287689422,0.0
89.58506026931025,0.0,0.0,0.0
61.153116892394635,26.74206407528631,9.82878070937306,0.4546279348988969
57.05270668361626,28.583674988823137,10.993794842717895,0.4708386048357754
87.77751916071674,3.652326043070802,0.9100088744559999,0.3374461742155396
63.075075475046454,26.75836812854967,8.779622545468355,0.7852523747944624
75.48663455148359,15.96195246794067,6.38960116611293,0.20153315331779864
67.33869998279016,18.306599522042116,7.5288977574986635,0.21424566740695064
72.83609944792781,16.18724114234314,5.563821024244877,0.0
67.70895974852704,22.139220326238227,8.1096802687338,0.16006786722518812
76.00247530445888,11.783059404520403,5.706608396894671,0.221288113102966
66.47891409074208,17.90221204253388,4.613611771893537,0.3961222923124818
80.11889571473539,7.058167862241414,0.6465608035905326,0.07669906237678806
64.60114610615638,22.741763805174713,9.261134531597678,0.6415549091868599
80.83490146869197,8.87894200789891,2.906764483662583,0.11653287802632285
59.19946399285131,20.856442324069853,9.378891421723566,0.17442264008687186
67.27506866071083,16.826643501534456,5.81909095928322,0.4550991184124189
62.42208098323806,24.1626802200435,8.683786021852423,0.4196822087249262
74.39800973553388,13.008389632707937,5.303113401655214,0.3184900384314239
66.35533182721234,22.681036928663822,7.510289721336655,0.3892826140053236
77.723375866238,11.342388390015241,6.082181147175599,0.3662740885477155
74.4185814154275,13.061069065848134,4.197892217436413,0.2179391085436894
62.90638915072586,25.377413576239135,9.90197607644624,0.6898077317303613
66.38437771552572,19.092704896314178,6.78661485141647,0.06844267717558478
70.86284893082455,16.731442742520457,6.415469634630519,0.06670582661822289
68.37653501940066,21.957776489198277,6.795057102352806,0.4220068730312856
72.63861251056576,14.067975583696256,6.7830071058219765,0.2742504677916377
76.57705757807129,14.04271508424782,5.224561294604034,0.2714830955965761
72.2604706436057,14.933493762055331,5.84506977861178,0.3915214994196913
81.40939217103467,7.532390770673499,3.6278380512186668,0.2723734737992731
64.6381919009227,24.745221052346587,9.233805911286934,0.5682692115991663
85.8110217646891,1.6473976362231917,0.8092816636590106,0.04091447499048104
62.63347528818651,23.95062378930026,8.10572165555707,0.5290923180564943
86.42610307061257,0.0,0.0,0.0
79.27093873350607,10.438480405766025,4.783835945387491,0.46789718389366786
86.64785252277733,0.11178130286582703,0.0,0.11178130373542851
85.4093273904862,0.0,0.0,0.0
87.75343325069284,0.0,0.0,0.0
58.868472707530714,28.715239876950026,9.67756811451016,0.4907687335896785
60.08495061080173,22.138969090633765,9.135653024798163,0.47854598042955393
64.3219870880495,22.498865757476285,6.731906533407378,0.5074915425182308
84.06219115049849,0.0,0.0,0.0
97.73398265249477,0.0,0.0,0.0
66.45621493915489,20.45760256696671,8.723762669496951,0.3803709904239018
62.524036759915354,23.766649457025167,9.029942451392296,0.7644474964045567
62.46394937022066,21.096100765967595,8.19389707005491,0.36698356139082
71.48426886268541,17.75460449366243,5.79008889579012,0.08941572410596382
74.9188553281676,14.363860964727664,5.577227294566491,0.24739286446759307
70.02209842242704,19.94377872744472,6.80243056704658,0.2809822581234741
66.20058796700113,20.849462575704276,7.671125970877781,0.5207578438348592
77.24563779562335,8.332787825817586,2.4397323170881076,0.26701237815953854
77.11466173267834,12.676754793260796,4.049068130817302,0.09716327177736833
63.15105290341248,20.713996540120082,7.439450296374913,0.3645466219550274
64.06443984704973,22.702210735888304,9.497111228642952,0.6535009067856031
79.1998914487246,9.095385186323353,5.460525074002254,0.03551075031313716
86.57299577986515,1.9611512989068856,1.7442626747320675,0.06493725556684497
70.21452423571387,18.645164815304216,7.573876704157522,0.3955966532580454
78.32019501117372,11.549171083315871,3.138237166417435,0.09149799624442043
77.76528058652698,12.14041529747838,2.9690786848632524,0.4614401694007133
64.54412342800511,23.569269202442786,7.254639823925509,0.29100101755780483
62.223369297843874,25.663935122908413,9.283683936416175,0.38213114340136706
70.61172099173787,16.83559659972686,6.545364918489558,0.3371289521659085
66.54155409314207,20.939183366621698,8.03570754778321,0.42555297827995126
78.80936536537368,10.350518080466465,3.821582420275255,0.30731097066109847
57.018620955764824,28.38809868113327,13.133102282879529,0.3688736389116187
68.23801770381269,15.418754665321911,7.349869720145963,0.5761843150031105
79.39215659574543,9.645461370710347,2.407507252821688,0.2610020302293086
70.27150948852302,19.469317262832885,7.639346515640267,0.3179008571180297
70.33448813473004,19.6594646312181,7.049214259649864,0.33461948316396445
71.08500432672867,12.051628675928175,4.274601736720834,0.0
69.57436280052728,19.212125921309674,8.710659745406188,0.33152810729284343
69.92935179121059,17.597388116938376,7.098194014111945,0.2277440817865737
73.01612284855754,12.243194702864251,4.027800301002131,0.18685208557633048
71.9685418080521,19.528348383040743,7.3349994674017935,0.28535411885911666
63.20251190926993,24.773273039684508,8.517109164306586,0.7306874447347369
83.95289392036443,6.838612552312154,1.3213085730707244,0.05598101367426822
72.38269293879375,14.0511925475661,5.286333117841984,0.509384008338576
76.23964489941379,12.8977362426889,4.237727063699026,0.0
61.88913325096407,27.75810281999172,9.482399197234052,0.6423629252961449
53.88482542359246,30.440823242483575,13.020493923550063,0.7179485420058691
69.34922454351492,16.139371928635395,3.5514868343170782,0.15162197913741451
77.52694993666388,4.7425139473583915,2.571823233091705,0.0
55.35434766287489,29.18635321235059,9.35530601397128,0.8062170999165568
62.979253405921646,26.857172615493802,9.439195704699237,0.1758750878625019
66.58417105086708,21.56698983888606,8.917857871509202,0.3158142695957562
82.49410663393535,4.82968815036195,0.45409275393826487,0.3505457638606302
92.54826209803535,0.0,0.0,0.0
67.2092015981944,18.165915184708016,7.6969542594573195,0.4245580949628419
80.98774359076427,10.376558014349493,2.550578901534595,0.030133158759382078
75.57863330080056,9.834217009965784,4.087158169328458,0.025499091995978412
62.88773774384083,23.31895908522994,8.406502744373677,0.6041892342701578
81.34593587713236,6.316854517586734,2.903814627018787,0.27901347450431563
77.99887470023762,8.12386412560885,2.480326895321629,0.0009508315530030176
73.52058911946573,12.850281351074559,3.2747147894170956,0.3504920260235785
69.43031007546203,18.620318880760482,7.41033937169402,0.15313780679085234
70.97867709584993,15.905066324292797,3.6374241799521347,0.36110232720728497
85.22485782094955,2.259384295875386,0.0,0.04091063796646537
82.14138658485378,6.60079155448075,1.8287141855187405,0.07799439622480932
89.42178533048944,0.0,0.0,0.0
75.1786311246821,11.351168335582848,4.581745733286933,0.42535338217662494
86.64406237385029,2.5341981317927096,0.0,0.141055631091711
62.63806262829467,25.2118027981119,10.252977751025503,0.4837052474481788
81.7131724092345,3.8725056357851373,3.0840461423070336,0.08749334769683971
92.69962577812426,0.0,0.0,0.0
75.51883134606865,10.311160206640693,3.47625398536374,0.0
70.80849766168714,20.73022036793293,8.268894754421364,0.40043166042600264
78.67458339980229,7.144714013299874,3.105291502391109,0.1415015963417251
74.2720265639786,8.941343991674767,3.159742225146597,0.10863471544157088
65.75132010278412,19.71431852666872,6.432502069471859,0.38481132695432224
59.73733379633945,25.893001519575005,9.798603936620857,0.6972576824454548
86.53614088034766,1.2042216870192441,0.0,0.18384618842434658
58.870829548721865,23.69010324653502,8.153370211092668,0.5138013501600923
71.56402317728087,16.69041902661031,7.220607717965624,0.4280207048520306
76.2502960303211,12.979379305753334,5.348716213448669,0.5159644869027487
66.33838945795868,21.35630543698622,7.47215527733762,0.1696653676629398
70.78515374651452,15.250463143533437,6.509765153788797,0.20209888881537388
62.915090845649274,22.639485213207838,8.571266750016633,0.37571125797097743
75.7112815329268,10.592190053440637,4.4064082426579105,0.07515594020160357
71.57724563662332,14.224336369386247,6.26435960807726,0.2807666187135382
81.13921558435845,7.414660759395785,2.661972940144896,0.0
63.93606254399324,23.546034833236547,7.453036712129447,0.6706406588755836
74.23247897468327,13.48606003313418,3.2292268053202964,0.17844010983110015
65.87523848697754,22.334727374975756,7.918237254612149,0.3834994432907201
75.45114536383541,9.71104215262702,3.4047919774545705,0.4295264171158497
88.28095108122987,0.0,0.0,0.0
64.3484027826397,23.893255635755043,9.273847781122063,0.3510689456430706
66.48475494342405,18.71458569944807,6.4013206375349405,0.6072347740146936
78.15689770653859,6.99372431191619,1.9553663788214393,0.27710366696062416
61.27672687103046,27.054330683386866,10.91233229147294,0.4787755190768386
56.684795204475606,29.975423661011618,12.089104611294673,0.5558429113940789
75.86098843009276,11.497019024633696,5.639518131314509,0.0036939997480623377
71.79949681414527,14.670818030636212,5.38462952995121,0.45827799661914503
81.9350246193463,11.014531323726878,5.382197901735088,0.20785173272828
70.31787232673459,17.41346190957686,5.019246482476185,0.3597115539883028
72.35897824733274,16.19073902490836,5.638034437054304,0.12956997382473848
63.42769660290147,24.371104648434883,8.560947156713318,0.659931915910838
71.81616219726703,14.206376025948153,6.785566071995699,0.06789320725665718
70.52613101004901,17.131638413512377,4.922343750834942,0.33318504194036924
73.68629724769092,13.295669135065497,5.781068232439928,0.12501307232359277
77.16032034312485,8.529302342071073,3.7200361179570756,0.1837134456331539
72.71516429622262,14.80053124511996,5.633594277819484,0.0747705361248624
62.272273105535064,27.559726688472487,9.294639066550001,0.6341661170873621
71.619497007734,14.361584341325345,7.192754625971142,0.1988775605642381
53.71625364475879,36.80517570903353,12.64250015602242,0.5127149642727101
75.26471163858173,10.384964494364496,4.746815739458733,0.20818252516631963
72.83413214377477,10.441042682758834,5.335910678966752,0.26790176597858667
65.06406132396435,21.877771663408716,9.349325936322503,0.4640785560467936
85.25233895683641,0.6988607966992275,0.6988607971797092,0.0
66.03226274025272,20.296145562439037,7.853622272526499,0.44826339930868353
82.45763832679857,3.7399265420190315,0.8207019968708726,0.0
60.684156186925605,24.41054653282381,9.857453765447007,0.35389183753922066
83.29098449417896,4.003007377113306,2.4438291682239717,0.24248339002470565
58.84470463632103,27.78314262068921,11.419119691221585,0.4261434310341972
27.02840446891892,59.36358486297108,24.146228874416416,0.8992062967404199
52.25766744129946,31.312714849457045,12.853283154888235,0.7080662454206365
63.66409272386664,23.47140818581966,7.725477867375096,0.5166930196249323
68.84193772646785,17.150945983611983,8.333160619104023,0.2812462575788083
65.02940646466385,22.152642963701282,8.292707428597097,0.5427971184428919
72.06258976303606,18.261420664688803,8.56824402338446,0.37750790834357173
79.48360763721135,7.732178381045473,2.005360706383205,0.0
71.07266367525114,18.152200007584383,7.508509572017056,0.4563720735752677
88.05789661861141,0.0,0.0,0.0
69.5514801658082,15.501741404969362,6.353432113605362,0.15811604552787797
79.68626662286768,11.887517768646806,4.516939332687509,0.09420630465669222
67.21542420428693,19.83029428427403,7.231962544042085,0.4062029743121996
70.9628986224599,18.487184299878315,7.293552334942044,0.5071266959363733
68.2187726738848,18.09847280330815,6.024634395605082,0.3611512030601709
81.79021102046093,6.197711472637192,1.1813748388185066,0.17795871659485538
67.59323959930558,19.32837239580766,4.929177464018527,0.3303387307904072
62.36516924932865,28.50798708808628,10.864824564274121,0.5684117248987776
51.901233107377585,32.818544961366214,11.521171352384767,0.6341011392471522
66.32427377120364,19.9062632133319,7.642909523344696,0.31819364332407785
74.66152045892056,14.769062821427514,6.183910184797737,0.18354148509547158
69.53674680753075,18.58045603531046,5.911475982322158,0.47337128497843944
70.11350964310803,18.128987433507845,5.798450675707534,0.40533017427328827
46.54618235368156,39.89738808255189,14.021272306935439,0.8697552775739306
66.08781416062654,21.87086690003856,8.384407163090989,0.40576327606122825
83.28981560355618,3.5194043575197442,2.0527491999808936,0.3783812628085077
69.42167243960175,16.620600691246576,6.364785092193931,0.43828818521922214
75.69964068831557,11.737435087719964,4.95781681041833,0.4664812876231432
74.60977223906721,13.93851630156736,4.330579756664649,0.43587659774983734
82.104309001756,6.965554429264484,1.907613319397404,0.0
87.89392154873615,2.1287760325073988,0.001406931584558957,0.0
73.42870768476938,14.942613439939537,6.898532359687115,0.38439169175712273
77.27773118035772,9.456056364207276,3.528162656799745,0.4878288705415813
61.8447397822506,25.45304053267224,10.841478152053329,0.364581793294459
79.65331292462125,7.831637257331285,2.168362648074831,0.11003977753543295
74.27392054157578,16.3293560926033,6.328502726123069,0.17600386754167618
71.78556100874552,15.731443828617946,5.982766060592265,0.26848860742474456
54.05424835231072,31.058228833328315,11.582131033411915,0.6123070974263431
67.77774188859857,20.086961818985564,5.556285028053238,0.2579608013734813
70.15507849163266,16.83663541011084,4.616310037729917,0.448096885251576
93.04626172322942,0.0,0.0,0.0
100.00000030915197,0.0,0.0,0.0
70.69905717747794,14.199938898842744,6.425126176145311,0.15316363394579002
67.56929904847152,19.259323488905356,6.630399346376857,0.615476853895697
66.8085835575293,17.91848640965288,5.972783509304104,0.3672767129076964
71.87520218006291,20.304191970242528,9.3842558232866,0.42410864279968774
66.415379698125,21.90919781544799,9.356164537939184,0.37983727867008305
93.66657338759731,0.0,0.0,0.0
78.85194517241635,5.706095988851086,2.6656208187540846,0.0
51.96930740655992,33.81123954310135,12.326343163535,1.0979196870267143
72.11469403662117,15.240424672090224,4.357693299186339,0.22267222407399745
86.95700675690757,2.491820038945006,0.0,0.0391823741456824
67.01237458431072,19.543449033617176,6.8449875204423805,0.593053632850367
59.62834044300396,25.039574024506035,9.986337177442632,0.31284865202875933
67.23547573049521,18.032397891238023,5.9983918364264674,0.3048296047852999
72.68699489034972,16.0566753114527,3.995222955150696,0.5561276974090776
75.52025016980781,14.10608734679843,6.125752254310662,0.1818866626028508
73.5597978991572,12.144654379777553,4.909694294209993,0.3140554557456507
67.00376843360137,21.229761487730215,7.267888194589655,0.2442286655192718
71.26405155171373,15.315119435680105,4.881417533122727,0.2504452538722749
67.33999718391541,20.96492583815991,8.697511392507154,0.46713112368041143
55.249021279039965,33.37084165753244,11.536686879761202,0.6127033321574968
76.85857967223482,7.716334489265666,1.7319425378690436,0.17364296828233752
53.12117751201792,34.17144212800322,15.220658224295082,0.80860396436278
74.63667705001316,15.099992469314284,7.020856434683186,0.29431485476314573
92.75686186888987,0.0,0.0,0.0
57.14074742234308,28.99192838614589,10.064436435549524,0.4943829601843556
68.4391700548151,15.636679790709099,5.170921242708958,0.35434227724828576
74.00338123852607,12.251431892315395,5.331300178624144,0.5497140232396185
68.56190842848613,20.54267001569961,8.11995945665378,0.5472910581255264
70.71224265578691,15.214392373289346,6.244123040344033,0.19051960495575904
75.42313965919904,11.672389201733019,1.0469385580045385,0.09606516565219034
59.104894505879486,28.95226037807317,12.532957635146852,0.5622593351283565
71.81007387247713,15.450371615983665,4.59656877415506,0.20177568779386804
66.03292217169192,19.254353079618397,4.860334904606296,0.31802644984119605
74.14188703929261,12.173204542170406,3.78369004797761,0.25558360661418406
66.7281876201297,21.360560284843267,6.944622079924148,0.4747091610830026
59.10052021416594,29.48072036839434,10.760741159721086,0.6068493060647686
74.97393631375036,16.668408370748065,5.655280645361864,0.5205316007324797
75.89958965279725,12.82676236828519,5.2422993099494635,0.33116723539752196
53.22105125589096,34.481476903048645,15.088681478284139,0.5481958572320595
86.62937275804924,1.0761171994927874,0.5482891864583725,0.0
75.8751083684888,11.074132899618668,3.4002696995223136,0.33197542733475516
83.75969204651638,2.9839183366076822,0.0,0.04888126667893647
72.32479887475299,16.745682648089314,6.453857683246925,0.3460515488080824
100.00000061851088,0.0,0.0,0.0
53.05608696430105,34.4246080253926,12.79526971360133,0.5856218209769707
71.70168379638639,16.12926486021604,6.120226584643669,0.449035287418139
77.82626621513455,8.812968114992382,1.9220458460777536,0.0641818870805957
82.97741470797244,0.5428638704154238,0.0,0.10294552872328697
71.18829568794793,17.930702022556627,6.140848086617975,0.13125115888375138
71.96384471648393,16.348953797030287,6.50158409052287,0.37985464775293126
76.81550380948053,13.14922493672787,6.2314141120215005,0.14400180364860127
88.19654859517263,0.0,0.0,0.0
66.83459107093428,21.534124486171184,9.090734335776139,0.3319186283544876
49.855285127333445,38.26858280510213,14.389447372949075,0.9893753518223921
82.3465659544336,4.856558008417975,2.413612585726226,0.12382318345668411
100.0000000179399,0.0,0.0,0.0
55.14428619058304,32.223299922483214,11.295012355061594,0.6416137238819053
76.00953754177466,11.895594290561954,4.359177779347141,0.32161233212056567
81.28633495298187,7.5114246302320975,1.426083025459934,0.07298227241787515
78.61543778216154,8.559377532010826,2.242471029423368,0.14479522654805904
78.35938356616575,10.155592757983195,2.6273139451579137,0.22833569469593806
59.945260103119416,26.711615811351884,8.059685112572192,0.6323153752781392
76.16367861952067,9.88928695483471,4.039685954578494,0.0
82.92692081851499,1.0213526851549752,1.0199263853042992,0.0014262998506759106
73.722589725702,12.76999700959384,5.215020746951337,0.18782130198598596
75.4531932788866,12.249119039784775,3.2413121952842454,0.1026922694143226
75.28920599691985,10.12417747850879,3.8422854084470135,0.1174447044433432
68.52087960284594,19.12045925439485,8.260010833269925,0.3849847810974401
61.175349900862905,23.80936717898131,9.083897099152393,0.44488139935590487
68.92699203888664,20.649124895834166,9.0869906734233,0.3618360172245901
62.36488132131743,25.06491087615125,8.008312933540868,0.38712136161984234
77.15774204497461,11.406519154822625,1.3797625785316683,0.5277493935163233
67.39001055016178,21.355331798707386,8.961387979902742,0.210365036855005
78.7622893633465,9.283623843343262,2.857900619311652,0.5198142525601791
69.01100263935236,17.53069882112887,7.599215431040629,0.46765348437584203
70.50155805711788,16.50999733306263,4.100937112965061,0.09706368585715003
62.32347012869415,22.40165344457177,8.545868791539641,0.5058459920164021
62.46441818706302,24.769354936863383,11.135263897158623,0.6006469608576883
80.31223377200432,5.973254366229803,3.574215006647387,0.2081722105286738
79.77494628292591,10.537944480081004,4.28020113613797,0.24574382322982075
73.57023146053582,12.795309265586736,4.418552690448396,0.13084589551349374
72.13420757810212,11.639780866854622,6.262746924063327,0.49127960230983203
73.13504131869374,14.60153983640681,6.286454669361548,0.23204281390512016
92.0864274199341,0.0,0.0,0.0
71.11572988052228,15.667894948426985,5.131604368178656,0.26200765938399423
74.35435286453733,13.656879033552192,7.566052260311027,0.3944364959021658
80.30429056262524,8.865044705855846,2.389221363881176,0.1633083766407619
75.5307506424009,9.081934668937865,1.703191113669095,0.021191706583883085
84.73413184427274,3.5406898625006407,1.0862281541658807,0.14519804807112524
58.629633431835686,28.52436392231572,10.538379713197887,0.7790967847131425
73.67579099925088,13.473933571194586,5.102711610899464,0.2165263818973739
73.1833488319605,13.255497694800836,4.748673398740689,0.41723792384814057
83.21732741411631,3.685471838534452,0.9473006631747622,0.3154181832868204
76.41140966991524,10.94864438097561,3.349972086519187,0.04315757033734788
76.14902082687236,9.18491511572717,4.2994116898805,0.0
63.80377966706504,24.798930770540807,8.953831553280503,0.4010576861557943
71.33514239208981,12.857095538326433,4.530924154227922,0.31844121864201264
62.19328647887444,27.244031803341997,11.26771576565139,0.45290566754532685
64.47692167282293,21.307776823526176,8.59562238476982,0.32137508816342625
69.96559289569078,14.78094392731759,8.17982926009862,0.30628585184639934
60.87020621829679,26.916801302226233,10.626349655041638,0.5305241068888498
74.53819068819764,10.095176573609946,2.0637042907207137,0.1936839452299464
64.53466110327822,22.139949428543588,6.691569700734635,0.5195071066767817
81.84899900773196,6.523603559103444,1.4033348257467675,0.0
61.913850362002286,23.70741131273269,9.262088814515566,0.3814745650245457
68.17556668354977,17.283077310159047,5.851261255076409,0.501861532187652
70.6302928101714,13.362500474002383,6.0463797216563355,0.4122517015680497
73.61359977685716,15.307049094107636,5.736239072183687,0.22432239625848022
67.81010306624742,20.2718558412789,7.125887152962231,0.30308862337217474
59.680114755823695,29.627467765887566,13.187543436380606,0.397474350795775
71.54139837699653,15.502597739996359,5.013408370932238,0.36200085290251904
70.65264003583746,18.24619854092409,5.888091981185229,0.07000757462586993
71.56795667070804,16.511704963563503,5.964925574111713,0.24548805903777918
73.65102251097117,16.253084219577048,5.792166569164245,0.2597832203558118
85.19740062802266,1.788651203061505,1.1849548235253298,0.0
66.68621530875922,21.636012300125568,8.710476430792138,0.23909888318759678
60.4017848624583,25.278110559195333,8.764713611032517,0.2911785668876571
77.00355265066854,7.659562329018213,2.8368483315176674,0.27813895661543514
79.69358171454365,4.84230830632732,2.1245483097567273,0.09951780945388027
74.7937650325762,13.085515326842126,5.082340507616266,0.1978678872365988
100.00000008711706,0.0,0.0,0.0
67.0360035090746,20.689564804461956,10.157234225816405,0.324062600908099
69.02186803286472,19.37468546478849,7.012303380033537,0.5641096486152481
66.99044535113296,16.5148363514826,5.531263172653426,0.7810819651311796
80.56895260210688,9.805520545444956,3.259172139330519,0.19592739425356037
64.25376620012855,22.572847963714832,7.988730077393913,0.34839712845674675
83.79579296026749,3.291999509603774,1.435306459605733,0.06017739813819141
75.38500481929067,11.43377285063043,3.921680070699628,0.18488110113853246
65.89082283054184,21.08341322392635,7.217857949840352,0.45476381123227655
79.59434383855846,7.991301402593812,4.041215028993321,0.021473026487607766
72.65866865989655,12.281886024037833,4.906381008835896,0.42626197866223636
68.48653844126456,17.844062906124663,7.043924944247841,0.40320075263901517
65.72467525570414,21.436384144588043,7.7986795979944725,0.3543851838751383
80.30838133654166,13.54460589808986,3.7816355659356793,0.38153329437321504
81.94656629003296,8.664728327795665,1.319849761138462,0.28598770560409986
70.077647239479,17.983645628732383,7.755964925042185,0.23526565635330066
62.69138618522449,20.792694067760124,6.665801550744122,0.6184201009001747
59.14655868503162,26.052264137956755,10.084645903041169,0.4580566759849295
56.71511180097129,32.10088350855078,11.093907115230403,0.6830373362579276
83.93793232004086,4.682861680426794,1.9078581721408412,0.20388445604774108
73.18787872635785,12.143149636559574,4.486252205326951,0.2046759771633435
60.106648231725735,28.727435531885885,10.869792590344213,0.4952058071182923
79.0693684963917,8.688645674455886,3.5413009724070514,0.2677472054055505
74.02507709757614,10.898527281003886,4.452629299661632,0.20091973136368108
58.110376190016126,29.02385537572931,9.458594259793678,0.49169876808757074
67.03233531335725,18.30134718759506,7.205485601670255,0.21717911510693957
83.96064367020045,1.409532375953909,0.0,0.2489113831642537
84.10403873205831,4.299542048074865,1.2735154223641247,0.2782452479257529
54.80221379116147,31.07976456079897,11.907916039412498,0.719167642822811
83.8384053861286,5.4068689295699865,2.3079606168035154,0.03653299585231759
78.26432203507284,10.237953120369571,3.709988451641595,0.22255707735967645
75.48273871408442,13.219097519808063,3.9020818299302853,0.2928297911600361
89.50045314517389,0.0,0.0,0.0
85.33066087734942,2.106698651085307,0.0,0.17393681920103182
73.70901263804839,13.54018800962755,5.958454560715267,0.4055906128031282
64.05251788064295,22.20103605066049,7.816402078008441,0.44072561821616074
54.097854632096364,31.71736719833208,11.829281326386619,0.5618497579631039
66.78987256087146,21.289961368410637,8.160382270525746,0.2772761133266303
69.59999588561288,21.55036236599079,6.36545525081767,0.43286401587510015
90.99885353443796,0.0,0.0,0.0
56.71516446849309,27.496530407667837,10.680874191651037,0.5700576118560898
58.87821861115742,28.545779426766984,11.293413093365466,0.6285439500829748
71.98046977227354,15.894619915143336,4.970714654538457,0.6788886428249534
56.5176720534783,28.967520383914227,8.911883831511766,0.6561805591897054
60.04494311565166,25.96852574486542,9.181684462592363,0.5250171053815054
69.57398916999173,19.97385226808979,7.893830972518428,0.47805627060946077
64.11918451316595,20.66285713182536,7.5002728550701585,0.41808463068995283
74.19637655280117,13.253262986376486,5.015206170577276,0.04287480228259949
68.67034321079062,17.62845796613384,6.76954327706853,0.17287522930899973
53.98069297041084,31.59373712038156,11.28592219069596,0.625641470583317
79.13169940362847,5.575797885929969,0.9947127431773601,0.06260110851055882
82.25384303180408,5.663558653957991,1.2857198041693438,0.2030965825823396
79.74483604969399,8.062630662117975,4.142779829996233,0.2829816902822136
75.68964054298795,11.425382550085736,4.985660532123102,0.15195774883034924
68.27196161302112,16.565113974129602,5.287552007972494,0.31982014258940544
80.50748428231964,8.07849059011235,1.9400718334254985,0.036885444746731444
67.5341760565909,17.065778077121916,6.052355268145134,0.40819199784393567
71.13901588425918,17.595692750396534,6.850526295640741,0.4759038529098297
71.1501790326598,13.538247129628743,4.739153671284735,0.29766092338681105
52.31198337161161,38.106331127517734,13.194071840269723,0.6445056115847586
63.61042203647518,22.95663315537676,9.746253751859351,0.28470206398394904
67.75270457866775,21.68733714821546,7.287405754212276,0.2887767159547958
83.25186869807996,2.9500966064598897,2.9500966068475867,0.0
91.52512307813981,0.0,0.0,0.0
74.48841174180518,12.518847334346631,3.6221428360287646,0.3778406874290555
66.83142414727958,17.12196687322766,5.447787620778677,0.4861309824538983
66.79304499227713,20.183739515147927,7.158786738232269,0.32025573868276264
72.63991563075298,15.755380046156976,6.242443347935515,0.10376524377308094
66.01618113021499,21.40959483385721,9.163252969815057,0.34136139888533906
75.2316849442583,11.602319741236077,4.3119505481139315,0.25429863658691443
77.58848546504895,8.660781278663567,4.48036325823495,0.024010329577492218
69.7922435223744,18.675625149245377,6.87901621151466,0.3783010263781138
65.40891774791167,21.20131596736793,7.5761411594824235,0.38835830492943785
75.90158654238408,13.611592057142582,5.544069053267068,0.44431422347510324
62.261112509317286,25.139039025172224,10.03804448750565,0.5798437783541946
69.12623330625631,17.04090709427547,5.6512964173043745,0.3339587151765267
59.545993694496495,22.463425706320393,8.381755480464657,0.5389683745243821
85.43256047510417,2.72916958084683,1.2476041996621685,0.19442350385360402
67.40350841809826,20.110184511177103,7.276870013913176,0.20456277823958535
55.24924147046576,28.484906372126538,9.951436962638567,0.5645656884036147
67.9269114246235,18.360352791209966,8.82108962756813,0.20703423139516836
80.38535825905844,6.986214670210649,2.4893519422753605,0.0862503063868598
71.02901967352966,16.10569729652991,5.3498953242401335,0.2305514626457712
70.41308457623336,20.413161146030983,9.008669258877855,0.2911337286500796
44.37835374527784,39.67331885562835,14.509683321983925,0.7765705036106135
79.2355404531577,8.352962778274694,2.9120991120396624,0.1754982677004222
85.03670679622881,4.4157736444352835,1.7181054824177304,0.07729954028821695
64.3009076612973,20.740682374544143,6.979674450928602,0.790156699106308
63.09392449816978,25.240062290795763,10.25975698789491,0.5310263593966011
77.12252338189849,9.391036198124024,2.9590495884368666,0.16127114772212098
78.79596282873038,6.99343560018653,2.7831714380659,0.08404683268386207
78.18650918888125,8.62142126356074,4.7486579806223945,0.38309560046446156
74.87224993904664,14.427049476739796,6.6561252993240005,0.016220143153245492
73.20003661022143,15.480308429168955,7.15736812298122,0.4035816422593787
69.28767235791636,18.253524035269944,5.780715748149158,0.15796142902793237
68.28534135205636,19.28588530360194,6.974371164283657,0.3143617915605665
70.42443868114493,18.276894910162547,5.890221279405879,0.48209943657788656
62.25451051968057,23.815270181746346,8.573594786264126,0.403764849426126
78.41643905908845,9.023369057611443,3.2047732406158747,0.08743522456921297
53.49819437085388,31.228195219540506,13.071768610143184,0.8218541977958604
69.15955465739626,19.458576869111322,7.993046067291483,0.3144698137377899
82.01178383477863,4.152408261464875,1.3390524289021306,0.0
59.47872009588375,30.517813691577754,10.533795130431798,0.5704815929683791
77.05400387784366,9.784771541827565,3.9903691574028004,0.2842011593059608
74.3870431064182,12.302499775860566,5.43688770248604,0.26861202317569066
66.63791866091329,19.95829840209089,10.656517072690297,0.3257258871949132
73.20640400963838,13.180325118139864,4.4044246442562445,0.27667255061862994
79.26741466590757,5.239785494801948,1.4370921740853717,0.023597322266131315
81.73620602564907,3.8677308292816694,0.9539934411984996,0.19978611571687488
71.23162587970906,15.328462205926595,6.218941930616209,0.3968336458718054
82.03895995352653,4.5470349448778276,0.8530795426615506,0.0
73.03899510508074,13.81042109741157,5.517546746075133,0.3132329418880743
73.89906562997774,11.973633843826661,3.5994451273580985,0.22981074567556461
63.358582634577594,25.561851689993546,8.327848222410259,0.5040046642766612
74.88432285975068,13.92095771015589,5.4326457627290345,0.0844141606622206
64.542641485854,25.092367918538077,9.772020363942175,0.655212737348199
67.0308948853685,21.001884233310236,9.093084703716608,0.2015668452441867
80.597523163932,4.921393101362522,0.33681637644734574,0.0
59.76128818001163,27.69843313922362,11.450139976259912,0.4840894494709664
57.84843042193137,29.619286164930838,11.281833767397528,0.44401253026264575
67.72186742904549,14.335004766485781,4.6205752874480766,0.36785308978748243
73.11917424598694,13.275181047569495,4.0654865992486515,0.45766793184728016
57.49663508693472,31.54174125557244,12.380469160295867,0.4360907770947734
72.82695017427575,12.794330910216122,4.271859855398929,0.28497343518417145
75.14003361370864,14.3420312684086,5.579697130690048,0.2553932256319272
70.86354537724989,16.744986681566267,5.40021079213204,0.3605343699161678
74.36831627571418,11.90727502828958,4.080029705958132,0.0
76.42813993858297,12.85970742797695,4.1105786512089235,0.10398489420543111
85.43103738894258,2.2056266711871735,0.2906062692605042,0.0
85.71505611073268,2.5148949607634377,0.0,0.0
64.38379926372266,21.79329923191163,8.90350973362858,0.41406954562591974
87.04871931484902,1.628265923990275,1.6282659246581452,0.0
84.59195794043339,3.9707827748016715,1.4997192874854401,0.0
78.65462327664649,10.565512787695427,2.893979145533039,0.09476324276023561
77.21292269332478,11.022297247210872,3.3896648857757863,0.15895281461071942
80.10251700306642,8.212192589448813,3.571873730618104,0.10849589411629727
74.86455118504877,11.34540138934045,4.839965316732106,0.25633654258793115
70.8713260680546,18.429741666340327,5.489512397392169,0.416862871225134
74.54607568093111,16.61130801972442,6.939730953847668,0.3718146149649564
95.8763711522999,0.0,0.0,0.0
66.5196481263732,20.059970761854082,6.501574420321379,0.6024596284908854
76.42333048951129,10.96796764056244,4.989219703270373,0.29084061195831545
63.27851284017863,22.648173037377482,7.874630543414261,0.47216554663448596
79.53346668329326,8.039557594354827,3.74007091941577,0.0
85.42350120210054,1.1989814275695894,0.0,0.0
56.24477472573892,29.594413711028068,12.642927218432742,0.36036367048431694
89.78649579804348,0.0,0.0,0.0
64.22450719653857,21.75685242867188,9.515144538092942,0.25768473291324756
77.66262774482595,9.497590039625026,3.581498858406612,0.17770863932475167
77.52042294091335,8.147507039403902,1.7488348891728458,0.2292327783320927
59.482961547580324,28.27111733753661,10.803029457255752,0.5065478681642291
77.42472440331407,6.412209430425457,2.010539216624585,0.1015364851016798
70.50277729692462,16.09764972056129,6.361699824356945,0.46282552060880633
63.029994713808726,23.720425409618237,8.624622416731004,0.4926938158264881
79.21728913260948,10.26458989195649,3.4441823092285095,0.2985714985807075
73.89608289099182,13.043931330851981,5.593578165595308,0.29979311848294715
78.46260224384184,9.178095753414414,1.8766673544792352,0.0
60.34330697525972,23.97830236042525,9.035996131513661,0.5784701502018533
55.35394273726588,30.469468171751675,11.334924883895185,0.621693224892555
71.96073748451572,14.42891020964897,5.526051324192679,0.17260042197370565
64.59227314082919,23.16348989703094,9.317500828965056,0.35098388342477316
59.70143945032125,27.500596966987416,11.078062341772574,0.39771043117536153
74.10771014120404,14.164297776250462,5.707456437816877,0.29050209855220677
57.799018135855235,29.184406071546174,11.33085810984469,0.6912777933910244
82.68946041435292,7.324134908369995,2.5736803376768007,0.021119858171513295
76.13833887853191,8.916547614339006,3.6500407117799716,0.0
59.03533169273315,27.64134015297701,11.670371810832387,0.660141008246836
69.22084592343451,15.926698774841451,6.926999264203847,0.5972171846382445
70.1009716460818,16.65629668411365,7.596134294193861,0.5205851113775068
71.511362827724,15.843404101439575,6.775321408374471,0.37901706065110047
64.01228523099593,22.9626869331087,8.04240013036117,0.5151309546633797
63.26026471991164,22.896854541019945,9.979579523707194,0.6553728851977263
81.74497421732825,6.64081952532216,4.4619996289871064,0.30256445695989526
70.64577440293978,18.569568018778394,7.3074162489058105,0.37311443109199594
83.96899286158957,0.18656097006713554,0.0,0.1865609707642574
89.64984350043515,1.1549645387016745,0.0,0.027937836452357475
86.2446759148086,1.2784653802815966,1.2784653809945632,0.0
68.24927903284622,15.584047915094528,5.111969365728907,0.4265606570094742
57.51495325760092,26.4198694308524,11.546200185798874,0.6111751812914631
90.33346700807655,0.0,0.0,0.0
64.279549483237,23.059207477088204,8.593992308598226,0.6802256769419055
71.1371798558814,16.345735687137207,5.574608066392768,0.6273238588212733
64.36695564274265,19.10789259004293,6.834853492586094,0.25086374036169135
89.10503405213443,0.0,0.0,0.0
70.71526559894477,16.39649714122594,6.270024470068122,0.44186082172812613
56.13009747245368,29.997078072982895,11.25827212830396,0.2973155087583241
73.274546396516,14.726727631345621,5.553670292394254,0.2186439951155167
61.007831178550944,24.2675883408006,10.450218729587254,0.5596100227454118
73.9619203103147,13.61079491972981,4.4243629216426035,0.06366449418770079
92.79659474857539,0.0,0.0,0.0
69.5521786323153,17.54877300843097,5.595214514394044,0.3261926687442772
73.30835598597237,11.155509150436178,5.240996374322016,0.14323738541599818
62.733922208474176,21.365606147446925,9.11236128963973,0.46821876935478723
85.33842587340216,1.0130429711920885,0.0,0.15428134526918652
80.26832470786044,7.104290939253771,3.969817786078112,0.38723912162425567
65.26206423873619,20.96622308877969,8.42950892099329,0.480461940259264
74.17761184565629,11.07166287011656,3.918125403034366,0.24782452680814657
76.97145373788058,12.737829210262685,5.940823742045455,0.3826136706835138
69.7964034572283,19.504875976057942,7.512394444821881,0.5573914606073538
73.8384448569747,15.632502067650513,6.075557820402978,0.5801816004170519
90.42043188431357,3.5435457518336113,0.9634880727878947,0.08796136918442093
68.01689932007271,18.607145962771853,5.617006426299587,0.6279930704127363
71.02355885971483,16.959131652440828,6.024921875579269,0.4171985248576474
73.40919032909466,16.154684733221064,4.114635160676939,0.35668691145346065
79.44627899554877,8.00166137500397,5.133458673229569,0.017640168560568048
75.13830670720822,15.36143133596374,6.431839910059687,0.1366412187422767
77.43542657597919,11.493374111132688,4.062030275057652,0.4749875256938043
77.61102399029694,7.349971805588476,2.635255076401483,0.09746690187785886
91.60648128599581,0.0,0.0,0.0
77.7057077770594,11.553195949681824,4.167412012338216,0.32286190700297024
63.854118006213945,22.552907429124048,6.320896719236012,0.29247741112343484
72.12320624957539,12.887108231525803,5.865397866483212,0.09512243439013665
75.28537888769235,15.197925963191867,4.158104834090068,0.5856181256286848
65.87897823950392,19.557035833494957,6.381185846012658,0.3043521206264014
79.08482250785043,6.035718093538727,2.177235528348162,0.17123944232801463
78.04073683303247,10.060358411093766,4.5043018074354,0.38283293301231824
69.87662134596961,13.410351877609855,6.174324215557172,0.2710249282923529
86.0456305156158,0.6886594541033717,0.0,0.0
68.6515901676543,20.928863660157422,7.031521704814257,0.5373372456847993
76.45892643654223,8.43615801000347,2.1557257098618248,0.27374229086317714
78.03694604694499,12.014863684446013,4.973042785567193,0.34606632316247354
62.616373155438716,25.86644534339305,10.601726131360644,0.5221343339102493
74.27113048169093,10.501765433249904,4.40956409525507,0.1667498152532244
65.79084388067218,19.97487919741517,7.144446406117115,0.13385534175120511
75.41170044051124,12.29435569000608,3.1754530573054467,0.203808764636848
68.45911700945335,12.884053475259828,3.905346787784355,0.34561429619169226
83.39920830895583,3.9530120671054205,1.9809516754369212,0.39384849676658407
75.56133977435772,12.146623045947205,4.86726981497261,0.43237005277131935
79.19948502851537,4.416848877920313,1.8970490060886278,0.11077802377523907
65.00383380771189,23.515920171300834,9.037582292841513,0.26977714429251987
56.64259273136834,29.338250975725106,13.579038281898525,0.4224548451147008
69.37819941864105,19.511263428352347,7.300720707803532,0.31476642481396366
73.18591510963128,15.34665699710267,5.674364240514652,0.5271453396517731
83.81354284182024,5.386347514218742,1.277904824177623,0.0
80.40431957175794,6.092117964776412,2.7068278521060614,0.141254950448666
65.7373361138995,21.966478620984553,7.358077693717201,0.2080253635751029
71.06945434177587,17.290453247077274,6.891012171188594,0.2719996926266494
71.33062764239249,15.429249683737364,6.233647685131245,0.28424670184253503
71.76556377930807,16.582804422653627,6.9826370330062195,0.37677640577189897
78.42743597743063,10.092848380430462,4.08890534920051,0.07531200698647691
68.31284233397925,15.192836254120175,7.004491803109072,0.3967267899232659
64.84651854436802,22.838089654786312,8.929762430666505,0.5353646673706425
77.28276291354405,9.31283568359678,3.4675679384269564,0.4481703116947301
67.35474362152418,19.50102033253872,7.484809989976065,0.3935933899202259
60.47894668208377,26.420278907632525,9.305322726765903,0.6391775722812647
88.02131523114475,0.0,0.0,0.0
62.752266206091456,24.84444187793697,9.18161091610475,0.49966450541681867
71.40760039427218,14.081076210618079,5.40468862509408,0.12320665392530972
69.30529752258875,18.777701893819152,7.484456483363727,0.24852620093839556
85.62884940923279,0.7352123292010091,0.1926934197541428,0.3127653149394667
60.217789901993264,26.366863439371997,10.40648701901274,0.531810526413777
86.78289868468207,1.4907428741734476,1.4907428747456546,0.0
81.17327918407109,4.830713694570834,3.1657453922083914,0.043378954311016335
65.70992752546563,24.145820703370273,8.716991307385962,0.5168583598882479
62.46046480823632,25.141429779780253,10.299701248591226,0.5366993087823527
68.38058031600582,16.834532407102,7.81439422801833,0.07413355438223715
73.04694002044884,12.348703735401822,3.6422501941974366,0.37310210979073855
67.49832751611005,19.24772912978003,6.6336617911966504,0.20603438655110243
76.68917292472413,12.67236821659197,5.640712677544099,0.20948145578886104
77.74673302917348,8.74932668072475,3.8402187437902393,0.05258875132143792
61.93153016618016,23.52352007664196,8.903109592864121,0.5719300698334887
82.7508337931816,4.560117322177464,0.11995720743575577,0.12330923887980494
88.79046505301967,0.0,0.0,0.0
68.74354813797765,20.524453091971594,7.984051038053954,0.2977258025069721
73.89370950391616,10.795250911996721,4.256603791306869,0.2772049555295812
54.263522920478515,29.476814378647603,10.153185310278705,0.5164253327136694
74.82990326376989,12.865494183755965,4.421236879487868,0.2860224502794549
58.070114045339274,28.904041209926703,10.673864223365346,0.34655032811472114
80.70523879996247,4.09655657394884,2.7267828401933616,0.0
88.97730544282206,0.08178591222483696,0.0,0.08178591264704442
74.94390913959953,12.987283033081319,5.681302105609082,0.24516121366527724
70.3548605986932,17.20163190462919,5.994360724298551,0.18062860120922627
55.790681809454135,29.944118019831667,11.221061711847021,0.5660997171576627
61.40289779936851,26.449643216923743,11.57039671944344,0.7254728589618934
60.923166199615295,25.305773441977387,9.581875324633039,0.5182349650664542
85.20124099847106,1.1893442605624274,0.0,0.06224188956513794
79.70074513730849,7.946651023595516,2.5216340837185065,0.3114237507693657
65.12363172235816,20.62742799645057,6.708560675545337,0.15089687107873592
94.57515539328443,0.0,0.0,0.0
59.49762167683664,27.060794707220175,11.469005430931022,0.25213840396425186
73.21677764020967,11.428235067440024,4.855787799973145,0.0
55.00808426264915,30.32666751957783,10.950321562404511,0.4791702897752481
67.44536772002813,21.511531223646546,6.623141400530187,0.5474229882962252
75.01315538708712,13.79389416694887,6.986694943587104,0.31940741189249333
80.73101086783876,7.24120448086341,2.9678374484529257,0.25432278801276664
70.97311669187981,19.296697122672505,7.723289850556962,0.43677672821603014
66.7603238999681,21.594554068490098,7.477696223711942,0.6041907534826576
67.24397195815507,19.796001053752303,7.808227837048942,0.3414757593142897
86.57377289243766,0.07464499943252942,0.07464499981787301,0.0
85.78490034009467,3.843656616531182,1.5688865686497364,0.1497408772910387
82.63937342894823,4.742718712672758,0.8057568796193229,0.18485070841467133
75.75334265059475,13.237393180034033,3.767381931467586,0.3622468036503945
100.00000032446877,0.0,0.0,0.0
82.03585891479952,2.2965327223127137,0.4225613939435871,0.0
76.83194592517866,11.264311763378654,5.145260172043292,0.0
71.0981630635369,17.744268050699393,7.398356316721945,0.20347012011768195
59.076360616360375,27.72895031295196,10.398202672113472,0.242052180883072
66.73223137194833,20.290849048274982,7.184130856214405,0.5038985894268454
66.03775946777917,19.62115668056848,7.162096008671579,0.5172267689194195
71.43871076560093,15.275231226746117,7.658523776143911,0.3072470820443481
81.42043109737791,8.616860736585027,3.232899382976088,0.11352818954464722
72.90802822084642,16.39754011366058,4.851534367012855,0.6946319253533648
68.83022595951932,15.375523417168868,7.079263600410093,0.2675631955671824
65.81484631982013,21.53755111335722,8.916196637523628,0.5174819857723646
67.26921282432156,19.352452249312673,7.465461689781181,0.32969359551134786
82.31668413204268,4.286141770015923,1.7349511623364302,0.058073859575595
65.4638980384828,22.446725453038727,8.536413538069366,0.7721073382455028
85.55839079103121,5.759611022103647,0.9767672463127839,0.08418456503145688
72.58182523502444,15.884946705668986,6.586946385014877,0.5530837069454179
82.24239400219113,8.329577805220378,2.727306184830436,0.24411080198945598
90.0123799087284,0.0,0.0,0.0
70.58405124178303,11.939080400562814,3.4368276869509247,0.6230509389736738
84.12985587792843,7.05610029207633,1.1624674606451268,0.024567780755371194
78.30319279318911,7.34011803733582,1.850614311682039,0.0
61.50979974001561,26.06125096470241,10.130116000290643,0.2761645220219481
74.34446105439226,12.041989135318925,5.067764425924726,0.33516479507640795
54.98472296402196,31.97881942367234,12.369672531596544,0.6359777698761346
69.16633018824025,18.357098411802202,7.721722101494615,0.46058608468546897
85.87676508364193,0.1931362828622165,0.0,0.0
69.49542503275055,17.486053909334668,3.4421320876170274,0.429809768588706
65.46615652467206,24.07013023673921,9.168281213203626,0.36295174146676273
62.56168638578934,23.349154797694123,9.677015047724465,0.20163873122015086
62.91513400613654,25.12024448542957,9.0848813043545,0.3952629383527837
54.38198271619764,27.651375479114506,9.600024808369097,0.5898691735804888
62.29661146112517,22.992759157428374,9.137933949598832,0.6603304446214093
72.49483305156734,15.285056265696626,4.976314533268416,0.5313756370711554
54.7776588584104,30.882972081304487,10.73031680821347,0.5871291967358302
54.15956727418798,33.11386542491791,13.363329897774738,0.48888676238025286
91.56394692607677,0.0,0.0,0.0
60.83122753942205,26.531648943991733,10.518566133215126,0.2887042467853665
75.05485948866334,12.98733264179085,4.157839833605506,0.4417998352897136
70.08679436507238,16.618713650078206,5.773430157566252,0.3623343156255293
63.54837378650515,24.79396543229741,7.82376918385251,0.3387838061850131
61.63599903869533,29.974976087955334,9.775192412777916,0.23413375355842347
70.33948004688234,18.404311696208676,5.067693841670167,0.27295965994542026
55.13039222939582,31.94645814298816,12.263843834616267,0.6996419467828919
71.59425046106028,19.0662684179478,7.816267208631188,0.07066372314390279
82.02375644476245,8.930470607354513,3.490901848904164,0.020556037539910477
66.67121263982209,18.598188819627545,7.604264324397299,0.4462159665431007
76.40095706022679,12.410141259146567,4.465853226467232,0.1599653286433565
65.55088807499504,19.065174574285663,8.311186595141674,0.5159782924912011
53.23192581753399,32.367555960236054,10.833192085756323,0.5834284618819748
62.270249662838424,24.43462861180639,10.9511217859062,0.6361363139973222
65.57628558809942,20.633756446559275,8.130024160256554,0.38424066678752333
70.11264817104954,15.263357611945601,6.041064071206281,0.32176456848998336
72.80976150340848,17.80999672964876,7.469198193915347,0.30240998949971426
86.14293476685958,2.378650304073918,0.7296840740624178,0.19147075102595645
86.0154098460662,1.792698169830196,0.0,0.13861150722806473
75.81675539761244,13.93779383470363,3.7668013586969464,0.3139962480912451
84.62730442270771,5.540880145172866,1.1427061297980532,0.27106627889153806
76.65904642405697,8.91563424230593,1.5202241588841423,0.03024939871974036
44.8188182934995,41.82699951854554,16.597262530823944,1.0385674709259953
69.96429165794264,14.845068734711433,3.2256559845179185,0.30822649404961516
83.17124897634798,3.209136770015513,1.4114349474363903,0.11699932484736825
63.658974575676616,21.839337179460053,9.427562195568017,0.35843283276636173
74.51997347479625,12.034948064906406,4.794292277277481,0.4162963199581997
73.19394480653027,15.730316222628035,6.677208669243996,0.02523937005577226
84.22818662812166,0.024846994710678697,0.024846995095485318,0.0
78.31280725082537,5.1190553517254695,2.116341637830231,0.06647941850708883
58.49322004305742,25.99242901021436,10.409546791153955,0.570985489438483
62.50450522681617,25.236737951688347,8.197152704163145,0.18833051959782027
71.43700795510688,18.16712326222053,9.283164037573709,0.5927056263072161
63.65511071534278,23.864643757944812,8.197620328620411,0.4854675189443964
54.422364724046716,31.422022661361044,11.877453927983316,0.46943663896604604
70.39625081991336,13.87963222444126,4.856349694704906,0.23099852230804468
71.59947020378156,13.716828070270399,4.561311033226641,0.056836017730645144
63.58010318818518,21.442799567945976,10.315164493324046,0.25095702299353334
77.93599420872899,9.673493846078346,3.578884476269644,0.03451057928435183
57.8471173171161,29.083072011743262,10.189426820851672,0.5587003547596632
74.53021807004258,14.288012522728279,6.050633784599709,0.3808611088086892
69.3561545690106,18.33600445559959,5.8877812029215315,0.2608313308921631
52.95915131688037,34.38831377282903,11.35956296640969,0.705681615019384
82.0206725833254,2.921677063349688,1.4419024413042676,0.0
70.86484538076951,15.049481316671773,6.139844957948721,0.02146847426509746
54.69693431064421,34.64363552189876,12.756453106641825,0.38283090654016827
61.33072752912037,25.317200874990217,11.151070904620703,0.6069310107457841
87.75349719463952,0.656839469812317,0.0,0.12540604174959064
68.32866413139709,18.836933637237717,8.665979812603759,0.2878222594861741
67.07167854158567,21.21318803818874,7.52902504702496,0.3123137396511603
81.96044814363691,3.8963101202231583,3.0056064660126447,0.04614366857790462
80.01097391581669,5.344524174330557,0.8797738722138719,0.026701430286659722
74.37645718013142,17.43846409364062,5.60606952485047,0.4070274140758673
74.72077049377341,10.102960456991987,3.253868582140962,0.2996364047441164
76.95044933512618,9.796009876381822,3.847220290079392,0.0
62.80608523507326,21.212938926240003,7.259820917125715,0.303921091479927
75.68790847926765,11.545936467399791,4.049691591078454,0.3284018461189916
62.426951845812056,22.26909009348119,8.714594686296007,0.18919351282807556
75.88068560739254,10.808686914430815,3.600403818400238,0.11842139594434345
77.14354544498728,8.98062976306186,3.096936204609743,0.035853079386954895
73.67630073599626,13.391999263283928,6.683163416184226,0.1547447945208714
73.91539530349131,10.706884306092558,2.5954538155466054,0.3129913629242187
71.36546619257217,17.463290161854715,4.687209187320182,0.30691280426858997
80.62118209321373,7.540271716901178,3.642296575747239,0.07488894116364576
80.38486620857846,9.432024606693265,3.3501485708669927,0.23106821871208053
79.43145815809764,10.07842173531447,3.264419952280299,0.18028484740096726
66.11671616853152,23.712884692636315,7.7337433272147855,0.23945797941448516
68.82778745922697,18.774320938150932,7.8857043642957905,0.24141407256258632
56.987996274863804,27.356074348446487,11.619322826127824,0.7232734335993457
83.11477709981341,6.677139536131771,2.918629043509433,0.3783219553767893
94.23754713598875,0.0,0.0,0.0
64.71904004518582,22.47752288263278,6.830914584717729,0.43106240146796976
79.54594346822256,7.143616380460895,1.705381260872002,0.21227917650500894
60.681556807259284,27.097871303770162,10.641888938013436,0.5196954337627936
64.258500467788,22.10810659799929,8.308798752016404,0.5970508078124886
66.27121359060185,20.54225648023599,7.3903511155320025,0.691165129373733
75.2982443865843,9.398671511743775,2.6304582597422232,0.39157856373301414
92.01867965968403,0.07782216422183301,0.0,0.07782216462357823
70.39834535045235,16.324226200814508,6.42080847142429,0.25711275266497174
70.6648372033738,14.347705846237632,6.81472911448983,0.3290824084634282
77.79702342985964,9.197914053070974,2.482802780546695,0.1423113947686954
76.98259418964945,10.104523613391518,3.8121379862759253,0.2322573045193191
61.65775181911971,23.32656535666534,8.601800492910664,0.5886344343187724
100.00000049097925,0.0,0.0,0.0
70.71780461932265,16.7767774388887,5.830972868716319,0.09321130870847949
74.65054766037323,11.609529115272702,3.07440340714959,0.2354669425174582
63.456309384742944,19.311549048518692,10.09135048411153,0.2559057104420852
56.886390657281765,29.439971926529307,11.289642699361721,0.5965465956828508
64.4495337903634,23.69819959178032,9.339618266524496,0.42761262455965904
69.18277903660504,17.31388270116996,5.50344088112881,0.2262559364291608
75.43745579819723,9.4884953974032,2.8164546760376172,0.10592974701269921
58.49595784397328,27.808719268451675,9.60979499774822,0.33940411143506743
50.59586666794699,35.35473796417723,12.706588073605586,0.7184506848424543
80.67082886381047,6.591460608791149,2.17771724137229,0.2611442472562957
68.30854294539196,19.665490507798044,5.817817379548062,0.5676194320945236
67.21196426268936,18.72960644560963,5.962013100739616,0.2093486485625266
82.57168150487965,6.896069179800611,2.8426017734954057,0.30844962747032867
62.776546728786585,25.526902325863976,9.410609854003956,0.48669865250099126
84.78842189536839,2.7285125973759934,1.2089871017657257,0.0
68.67972315346235,16.899118408502734,7.532017287086278,0.274406658995086
66.22097272512255,20.394404740519736,7.649619750146883,0.40692110170273815
48.38085865725552,37.24319058371015,13.800519448967693,0.8285833797147476
65.8608278219551,20.9414666004746,9.448291855599415,0.4864050551064724
80.19184874809741,9.075911472455452,3.3713845874498674,0.0
66.2155944494248,18.126233238325288,4.399239626994052,0.22709838539311683
70.10428653389637,16.22527417214324,6.894710879264302,0.7837236138518162
75.1135893289051,13.810468334053178,6.350601694930528,0.2686734116294694
73.48151636222626,14.37240177978811,4.820663276331209,0.4093936560390541
63.634893710766136,23.33896916447962,8.073917521128918,0.5221812984240366
63.290686592193516,23.46912477863841,8.498794090354457,0.45763767833704244
57.916841634085365,28.655671682196555,11.11092455927422,0.3424834600892007
58.71735319526714,26.645602686635787,9.65261120453848,0.660269311078393
63.85283578332185,23.137506553812358,8.318332192538852,0.4150936260164223
80.06240901188112,6.9361308911425255,3.8343550106998077,0.0
66.4707335479572,20.567999887909753,7.920655739898401,0.3809990407800478
77.59281717672505,8.91856642008299,2.1206759317528894,0.1026498877856402
74.65495304598397,12.080870799848745,5.909076160625409,0.3188545388979453
79.73531187915515,8.7587211525165,3.7897824400861553,0.3601225947727221
61.188025558352244,29.087514809870804,12.842970406775406,0.33934053486801674
77.21589672792446,13.40144376224405,4.416875396097187,0.3860604336134513
72.17697482970205,15.112160816982804,5.927266949475521,0.4139795784559207
85.22570336420446,4.1107836915848495,3.5304988492561025,0.22572950521509422
63.6479179093786,27.396363998913365,9.32799838447318,0.6882069828035734
53.48572978559722,33.72667571092022,12.207414877432917,0.7595233544381508
80.63481336798081,5.320053111447317,1.0305724128397888,0.24121064948882587
55.40930463222246,32.597714321250066,14.229910582887968,0.2623961831492363
81.0214023387086,5.542607758899583,2.486545018817491,0.0
76.92423981641144,8.225812200661343,1.7065913025312696,0.3736511093111152
61.836022660588334,22.11397591629567,9.289453884613492,0.39568388927095527
72.80028553716967,13.262051377822408,6.789107983828515,0.35993221598017217
65.90203875746401,20.00819638782464,8.630468729907577,0.48073276442344826
91.27716313270975,0.8079976375171822,0.8079976379092603,0.0
69.07542480240762,16.494234125823095,6.188159761680383,0.31858576030971353
65.58094416893402,20.281274027252508,7.460874614704367,0.024806145161502757
58.410998395302165,25.025304087251175,8.49254498888626,0.7703396185952165
75.48036720528258,12.090301889423785,2.3620997643738235,0.31530897949280556
64.54622217475833,22.814223592526957,8.524167586608597,0.5278210166302277
75.26753455296769,13.11192557032539,4.743103023528645,0.28522079958717833
83.81880585822324,5.879470751457985,1.5982812605329157,0.22648085720894748
93.19703985128209,0.0,0.0,0.0
76.63424928253525,10.871683614364168,4.218592488231319,0.195772537498702
93.22995157482191,0.0,0.0,0.0
79.26085736943216,7.455128893921272,2.96789761169498,0.0911542562793643
72.88585416641925,14.739558615424594,6.162141742396978,0.2598219635356398
58.1296388624395,26.12337049476004,9.426697888172429,0.5444945234870338
77.99426386952024,9.767875143820028,4.160019065641536,0.0
74.5834484039778,8.3467451278364,3.471708558119711,0.1262875166252791
87.60048811456554,3.573513165209525,0.4363663401386637,0.051416932344714374
58.51452376519961,24.54415098331583,7.143488026970688,0.6082354954677405
87.4515604121168,1.6673818465797368,0.9633003588020705,0.09744593763448753
74.96620659373706,12.64735479689354,4.5274984315591285,0.26824148104271617
68.7780538398452,19.35520280968232,7.569434141440404,0.58980013097745
69.07371998904365,17.540365176777907,7.752993022370599,0.5109844370061924
55.096580452351176,32.656734833348445,12.170973253844034,0.7471530660122911
57.17420875059229,28.491396713571344,11.479246484851295,0.5260489814036559
75.84258687269822,11.940704193119945,4.182715878329788,0.4492763713347291
78.55598945696912,10.368948552333041,4.777588656952244,0.6511336461340895
70.84776602859313,16.838981641157325,5.558336474773902,0.40728981457795005
91.50835139250435,0.0,0.0,0.0
78.40459904829984,7.6227203139703406,4.044842210876585,0.0470750839647949
82.15687447911172,4.225015371444307,1.118722083237213,0.2776820837625388
79.1132203812969,8.35649924123697,2.0313645606868382,0.09600828788982897
76.32152937772634,10.3856147457041,4.097060415534845,0.07931414009580984
63.78493349449125,20.733603804404037,7.796744316710434,0.173253780974323
79.15869663431143,9.087205268116357,5.625030879076117,0.2575789987581515
70.98493649438407,17.200511764658827,6.824098264328484,0.07350230803139152
88.27176006893858,0.31910757351027796,0.0,0.049435276586379084
85.28836387547615,4.380530089938982,1.128256584728248,0.2572204102454398
82.13737466433017,4.0235484603955065,1.0923668904694097,0.0
70.17592225383434,17.283511385156284,5.669536370342858,0.4646823484103627
65.25880961037072,24.8749444275268,8.317227684770469,0.32586123187720045
88.94311274784918,0.9370127611152378,0.8937646403906384,0.04324812072459946
53.80511657267228,34.05932401286488,10.563122718456377,0.5909134258606983
85.05861109852255,4.017344150011009,1.4309589829734402,0.08960090688968683
82.89540657798585,4.0919745002214,0.638860137175713,0.1749090984051401
97.14531745590867,0.0,0.0,0.0
86.50833008278512,4.580189343975825,1.3466968933309225,0.0
70.64030928094755,18.139478897684924,7.0214563883953645,0.33467192316215466
79.6205132976287,10.415060836756297,2.8347957626485822,0.08263204254888135
44.1584304130392,38.72505734800297,14.471690972370384,0.529969373127414
69.64725777068266,15.403232949838632,5.4911373273366335,0.1323373475080476
80.12806593881659,6.53275516426077,2.6622892764037918,0.19440411172174865
77.27605030660274,10.628089146735327,2.818934120149076,0.0
70.8655972429267,19.159869968101695,5.527286720227433,0.5402626553466028
82.53584437417945,6.242069828963468,2.7824254097521512,0.0
67.04129974841163,18.192058810377073,7.159082624020737,0.3361092813451248
52.12134095161086,34.048199691112494,13.466012452106629,0.7856964064478031
79.83899375656878,8.602871490342975,4.035082302493306,0.5804983624857303
91.4112188909507,0.0,0.0,0.0
79.76899138877769,7.418311287359188,3.1164932220068087,0.22820837672792332
64.99329598995313,22.741425450069297,6.698422660674211,0.6295644858061478
89.44406861135442,0.0,0.0,0.0
69.78436579037965,16.494366815364792,6.1196498485825375,0.2699477039074431
75.5186489921493,11.157657892004732,4.820684997284737,0.019849666943334565
61.340614527503114,26.547241997578194,10.349320924102637,0.2975687198695115
78.50537430894278,10.01923634656667,4.374235589888112,0.031963856471627944
70.55053865403424,19.81450620390057,7.475911271022334,0.5476217819916698
84.7270471740478,1.7760050060482782,1.3064031696695868,0.0
87.53997872207252,0.0,0.0,0.0
85.71130946955707,3.35134787372993,1.227543008114699,0.1510702030534533
60.988035051442914,29.178283805061998,10.510181397915348,0.34153908228718444
71.53446039522169,11.775975635579783,4.130699898414948,0.03833182070357827
73.30118113779571,12.446208154463356,2.9018300025017636,0.3796810845246662
74.7611945708065,12.006568753546606,4.432785047478289,0.3325459765788075
66.92191694335618,19.48733023905404,7.030107684782147,0.019276723255262196
75.76228268642303,12.337890269238851,4.570016709188413,0.13505493696396165
82.33431731260112,4.583452134256165,1.4421428773007392,0.26663391694468624
78.39086700691234,10.613496984652771,4.130233601401737,0.28799084902649713
66.80391097742196,20.047138140063275,9.08525704693357,0.3533124684619278
73.5075237442831,13.774783528285381,6.849633342619261,0.539202938267618
73.55969345245079,15.174806204961772,5.6619712132085676,0.5019036788019893
66.82278220820135,20.842498433099603,8.383064106646357,0.35673019314161164
71.4053070953397,15.766159805493352,6.481261916718679,0.43851170433580056
46.89365723963285,36.65479524427826,14.21030588447766,1.015192970992826
73.4567120140296,13.971937231989484,5.144844565048144,0.30839131539070536
63.79653330426009,21.817441240023896,9.40571933553649,0.5835972719668213
81.59677375309325,7.5036644437842615,3.567311402584154,0.2132251346254802
87.30864440263898,0.10636210826540793,0.0,0.10636210881448631
87.1246407056238,1.9232023754227636,1.7681142293889711,0.15508814603379273
60.84329843076498,26.823154145935305,10.939310313166056,0.5594770985692095
82.3572311350439,5.111332519577903,0.2767920868154299,0.29760376689412105
82.46776415704669,3.796968622278797,3.380808924932982,0.0
80.19070076447807,4.43969563931325,1.9962631659659833,0.18988078747038814
72.45734342430981,18.095657025600175,6.553825902686324,0.3876921998635803
76.21200496700803,10.258108482512009,2.6998069536249534,0.15499910214674217
48.95675059150034,38.434072543843655,15.117962637132814,0.512579545766771
60.05678934053901,25.896601658802506,9.625973740132956,0.36708317792826994
76.2341654829088,9.986815736230714,3.8128354124990587,0.24813199748884504
49.44506261112403,36.9048258327281,14.308328841736502,0.7381727533542928
66.66485589209816,20.495166762503846,6.541428594459638,0.594343260550108
60.5590375455512,26.410827640316697,11.409486111868903,0.6239443358282034
63.867309523881296,25.318450072884698,10.734471761353833,0.5768954311548585
88.94096701514127,0.0,0.0,0.0
57.18737101332337,30.98965756513015,11.505956532628709,0.6456548830008528
78.3107099832425,8.467604872672428,3.834377922832904,0.09386657039626187
77.11285775912481,9.54356374818687,2.994074448643187,0.2936220635321781
60.86655489920821,26.392784088616565,9.365725911423997,0.46950930733592683
73.76820953434294,14.63395061673122,5.895457373829695,0.21250300981029846
84.06262564892228,4.976374660611415,3.3771314006206876,0.27598919660016485
82.6788736012286,1.8308973913483264,0.2541201707220832,0.027222603204546718
80.41260138893479,8.27119182941905,2.3838048586897873,0.0
77.1899317936872,9.598583148053736,4.429785397129741,0.2600898755740345
86.37150432309141,2.803268417798408,0.37237727318385716,0.054365457761227046
79.0264169541471,8.197060882454053,4.621938960370064,0.16091861067710922
76.53477106545894,8.502427531881565,5.32765554003401,0.05362871343847711
92.00927978471643,0.0,0.0,0.0
72.89890634785361,15.628137343008543,4.770572032668504,0.4624707647332593
77.92074295552847,8.52560660005043,1.969561818987777,0.3972367743376402
70.10743543189719,14.806839220971076,5.76364621928465,0.4424987747948358
83.8080854488101,2.236612055618763,0.34026509287245793,0.2697750184194654
74.30169834675087,12.440663133404813,4.892898537572922,0.19790088586287646
77.27842625654439,9.718117913825743,2.8429711082557296,0.10895355703050529
78.81875774974557,5.271432107211034,0.8999246216733175,0.18297807515667366
71.84337814624172,15.169638761758309,5.793463997621941,0.05597741970258033
75.82809458649488,9.819217511557573,2.107742899230728,0.18855676466293886
66.4074766156902,19.05559832715805,7.207774684602058,0.5805913623760667
73.66275421865637,10.602261160968203,5.673374039234735,0.3561141882201455
73.86659327455034,17.15825696330437,6.571529011006944,0.48941032440886256
80.45371376938415,6.89776628558428,3.13223909457518,0.07448077629029633
70.83263921112415,14.895818950545028,4.374866340463796,0.23892411231681984
69.55215666938894,17.024137261516124,6.895088657199947,0.46620680050204605
71.75064292289943,17.379715266737435,4.863218283776485,0.21923617674147905
86.71876415392533,0.10327796461791938,0.0,0.0
78.8467034351263,8.296561580367241,0.9760230336576208,0.2818548738589013
70.6927315415053,17.974623842428322,7.296852660805895,0.17333773724315615
73.9923634856294,10.989267678507682,4.865872367316137,0.4249445895238994
61.11909386324787,23.08633521292121,7.956999532410864,0.19807769713046583
68.79483529429697,19.732332050702073,8.245990340318896,0.5697747936508816
74.91856533541686,16.285359575176216,4.430423299266257,0.32012469766487034
71.08924099752345,14.911736047235648,3.5003339233687374,0.022424007005621138
86.13230981543056,0.25921187152631675,0.0,0.0
72.90876488377799,14.39618868934421,5.7875640068559235,0.2530095174906776
94.15024015688962,0.0,0.0,0.0
77.33740609797495,10.530110479611537,4.002624255606703,0.07023064959734163
67.62108586380181,19.16765690234205,8.038637368722751,0.454149434463691
71.59423895316753,14.595393752587425,6.233433523276603,0.4095961353346841
53.81483460732284,32.95737968969882,12.868957269918127,0.659115464296462
71.66356297008018,16.719019892448674,6.752377913798561,0.22110771045116864
84.56264878045779,3.7601611312791663,0.6543929803000189,0.31783535081291314
77.980253491795,8.878169241208077,3.4677780546698522,3.217332413196772e-05
72.40545789136141,16.216798115916223,5.227339533966983,0.40885306454380327
67.34514863605898,19.36433588780029,6.787265516741618,0.20162041267115025
77.51836993044812,8.164344468249404,2.2551220649080013,0.34750363805238293
83.35764850319626,3.5013088863932085,2.3176494760515673,0.2619833993631491
68.74653560182581,17.201232107100175,6.601863443954713,0.3524875733497882
68.99321550941036,20.253132374761435,6.97442955752461,0.08687394677147986
63.60979519249086,22.372079939952595,10.300337034105087,0.37457140508421405
72.80152006620922,15.776291941189783,5.391679964194454,0.2680440584211027
66.41995712847338,21.3785270391763,9.474910468704671,0.3810119006999393
61.064301269198374,23.989509514422778,10.671219273596455,0.6033269756149788
56.54759688268948,31.073523416549328,12.91856043270293,0.7000621849263952
84.61572427897721,2.7415928541031547,1.3971512355074875,0.20180151219472375
81.97492081664511,4.783646515360855,0.835041208551612,0.0
87.2410774380637,0.0,0.0,0.0
57.032944565925554,27.0582729825252,12.754509829089526,0.6303782863399134
86.23758930494873,0.018530280031228828,0.0,0.0185302808921669
83.48205351979666,5.708689832508658,1.7140839020087444,0.57626197540927
66.360030731703,18.849725262646416,7.33866888406684,0.4948527294500099
63.33688331221496,21.452043031705607,7.37359581026757,0.5999504331210015
71.66208946473152,13.32271719573021,4.976120510166487,0.0
61.59974694835133,27.739970579544682,10.874017000345715,0.21124102639993142
74.5181989204298,8.661526386689095,3.9353429118583136,0.38814348266079013
62.74395282931107,26.450755603564446,10.026139012482757,0.47573982334797316
60.61294012553368,23.50207714442583,11.323114837325114,0.5404219373138073
70.13866067194142,13.9044435841294,4.990859702646153,0.3812413180696199
80.05911099438832,7.727583440156227,3.079686780462815,0.24132632601563347
75.85108000158337,9.798708679165445,4.755424198415214,0.16630021769571773
71.80165590564968,12.838439454914596,3.988847918497008,0.3672540255457827
81.87867617539641,7.375987153588839,2.835554034326482,0.020217468338815048
66.83421542194263,18.812068443102014,5.262672334528789,0.1453045323764739
63.65763289054493,28.30254239528294,9.927886907716223,0.35188425900054576
75.95124482000352,11.81659009599573,3.6902776641001367,0.2897951104075571
73.92480501899658,13.833289227274074,3.6580085523676003,0.5168074262912309
76.62337909676577,11.214590981612782,4.654820887626299,0.003072505859500946
54.10401492951475,31.83163085606186,11.319786800006245,0.6248617289651875
71.15507551560394,15.22611481696337,4.659416134964448,0.4528705375743336
84.67712074675366,5.175352094262878,3.1555644449560476,0.0
84.47153808256608,3.478161113621548,0.7808873179235597,0.04430150571799236
80.54135669113782,8.887450663811867,4.304697272735753,0.18700565111597645
93.29726888315302,0.0,0.0,0.0
74.29954279657198,13.477745090149114,6.6409783741351935,0.18982500066216673
56.886012273412256,28.072249549826356,11.544375633139037,0.9216563570384684
74.13501069173145,15.980250012622738,7.32966662601798,0.4003903500275886
80.79800389165689,5.884714678472243,0.8891640367105917,0.16683924930025185
77.95509560471817,6.695370351153924,2.668807855221487,0.04714854850694804
51.698550186937844,37.805557661205086,15.121505414127348,1.006930962255889
78.29177795524708,6.915676053347006,4.831949511047171,0.4037734120501157
47.65532528853719,39.92825213511857,16.154612522586326,0.45899064708371834
78.5267687708462,7.476590373315216,3.363653636524738,0.0
80.20712960464272,6.597797785699802,1.0639701987405807,0.22090574044373898
83.28111751627442,2.432039694034007,1.7253999078996856,0.00021097058966668136
76.90548119985618,9.37037189065342,4.066499524569975,0.42408693869943426
58.27376617251149,28.007299821051397,10.041715084665283,0.3517515522937864
56.9655466780361,26.64103322797088,10.666285681252823,0.6205060889163829
74.1947881319742,15.88670834160788,8.007552317178458,0.5183534193662912
70.80803981087178,16.7127928874989,6.705306264178112,0.5336651584379717
78.60612978999978,12.081916131990024,5.896337146306239,0.21091037246882297
61.2136278121554,23.477451473706566,8.054690494645413,0.3971970352317846
80.39294625899382,8.119046711638099,3.1656245360234068,0.29842866125587236
