Brix,TA,Firmness,DryMatter,K,Ca,Mg,P
14.521377,9.318649,1.5434556,18.826517,1298.5684,66.85909,57.93391,79.75817
13.913619,14.38275,3.4133222,11.222078,1444.6107,43.703503,73.12096,98.88519
16.85744,12.859913,5.5484447,15.296354,1436.9596,33.804855,75.68472,84.774734
12.021744,10.975432,2.7458096,16.613968,1163.8231,100.068565,66.6767,72.71471
13.799372,10.258411,4.8762083,13.616477,977.3459,37.56101,53.61467,66.06155
16.035496,19.737434,4.0589128,13.680293,1302.5422,26.160526,56.537846,73.48703
13.574108,9.346272,5.090024,14.013298,790.6276,55.07271,47.57029,47.549805
11.767268,8.4834385,1.7881916,12.958647,973.534,17.299814,45.05163,54.20202
14.332413,14.125266,4.591756,14.978699,1307.5737,36.777718,68.51165,95.87463
11.061487,12.021986,4.1863823,13.637114,693.00616,37.784477,37.2049,39.264153
12.477861,8.269859,1.8849285,14.643915,964.3273,43.745323,49.61142,60.87207
14.589893,17.724483,3.6605573,15.596365,1190.845,25.974504,54.869457,81.20301
12.261917,17.418903,4.988199,12.646999,1276.5594,49.478245,72.70869,83.70624
15.893826,16.384089,3.6560373,17.19402,1075.4083,29.826015,48.69493,72.88212
13.113112,11.571786,3.8501194,16.473043,972.97217,49.144207,51.246105,63.629303
12.81205,14.240994,4.46756,15.849918,1199.9581,55.42976,66.685905,87.817505
12.816033,7.6929283,1.7572294,13.80529,937.3084,23.27738,43.267136,61.052013
13.620189,10.134179,4.435336,14.357312,1573.8424,91.842354,106.322,139.37796
17.560951,10.157864,6.239524,15.727876,1002.5616,46.640007,60.069275,35.29086
10.956573,5.4673257,2.3700116,10.375414,767.98157,55.4216,45.593307,54.879875
13.390373,8.9192,2.0476205,11.53184,1100.8071,24.538738,47.941753,66.793144
12.99868,10.137475,4.902383,14.912967,967.839,98.832596,61.348824,62.75611
10.971186,22.52501,3.003579,12.530552,1278.8903,58.844772,76.86214,85.68066
13.709389,9.056226,1.5412834,17.18406,1489.6624,122.85675,76.2547,97.689674
11.863521,6.6869926,2.1800756,13.662921,1090.2374,59.605583,61.28064,84.15152
13.190568,5.857206,1.5244745,16.41051,782.0072,82.30022,45.436886,47.619987
12.407435,12.656742,4.4396586,14.776769,1017.61,46.231922,55.231308,67.85141
13.129045,8.913809,2.8257058,14.752008,1120.8019,49.230885,59.838326,84.05322
12.156145,8.450072,3.6841993,13.177041,783.03796,61.52748,46.417843,53.368816
11.413541,6.751371,1.5587198,13.238323,746.97076,37.243355,40.59826,44.89782
14.569205,9.659508,5.1783175,14.095769,1207.0824,36.830555,68.49124,85.63963
13.275752,16.709747,2.97712,15.487099,1330.4438,47.20435,71.35895,97.21395
14.415362,12.998413,2.1352959,19.285877,1369.2029,74.080154,66.99661,89.86796
18.012398,18.9231,4.2729254,12.550947,1705.5603,21.705975,77.31649,96.682205
11.816009,8.869372,1.5652665,12.944181,1035.0693,36.612682,53.248104,62.89713
14.699129,10.774612,2.075722,19.587944,1257.9684,205.86551,56.499428,58.944355
13.19774,9.603013,4.0868163,13.745253,552.73944,38.819298,30.689096,35.65236
15.706513,16.280882,2.9162877,17.341513,1193.0414,22.083456,53.298027,82.09935
13.806447,8.328444,3.3220654,9.46316,900.4221,35.073524,36.76754,46.366295
11.738853,8.920322,1.7694838,13.043219,841.2374,25.956944,39.623062,46.620346
13.621626,7.128214,3.2506742,11.194101,1272.5348,29.788116,63.62706,82.33329
11.742009,6.667134,1.6842878,14.021368,967.5449,78.909744,51.046394,68.428276
12.290068,13.414223,2.6855133,13.50373,1459.274,214.39157,94.69115,117.58818
14.066569,8.544323,2.3121367,16.71447,1573.282,44.810177,82.578354,120.65726
14.405498,16.76555,2.5433514,17.331413,1244.7056,39.324776,59.639786,75.819244
14.553769,12.6847,6.2288504,17.058603,1319.5458,85.32404,80.09773,76.87791
13.939194,14.757584,3.187803,14.256423,1284.4482,33.463337,63.88783,90.679504
13.361859,11.447848,3.320693,17.555006,1341.1124,196.99776,73.16838,87.39488
13.441962,14.76103,1.9567618,12.732929,1157.8246,25.486767,51.80192,64.46315
12.891542,9.581806,2.7309577,14.9714575,1361.7927,113.6711,81.77114,110.586525
13.352049,12.400921,2.581713,16.318233,838.865,36.77195,41.438503,47.552895
12.938369,12.867304,2.5424612,16.147747,1171.5104,50.118763,59.772808,77.40787
17.145325,12.977788,3.846992,16.359756,1196.6284,16.218992,53.624043,80.715065
13.49475,14.2607565,4.137613,16.549276,1196.8726,45.090034,60.57627,83.80067
16.082825,13.081291,3.4010987,16.890976,910.06757,25.217323,42.939774,57.67425
13.89973,13.824906,6.7506456,12.675055,1456.4321,90.14997,96.99782,99.29114
10.350713,6.901018,1.5223761,11.656626,651.7948,40.802204,36.6173,48.914623
12.82156,9.804513,1.4280032,10.002566,1175.2834,26.776329,49.391865,63.007088
18.693468,16.86847,4.022192,15.3403225,1056.824,31.638168,44.768215,56.634087
15.587849,10.875575,5.627421,16.17072,803.3188,78.960724,47.914085,23.776306
12.546985,11.882993,1.7246957,15.785818,1416.2495,115.85248,83.16994,98.47342
11.680594,7.084017,1.5145099,13.607065,833.1447,41.497948,44.299458,50.603302
14.670146,10.87835,3.363069,17.375515,1708.6191,145.12537,98.4798,138.89842
12.673838,16.624058,3.5418777,13.898346,947.56134,27.275623,45.78137,52.20535
12.278889,7.996496,1.4606183,15.588456,955.44275,49.417084,49.39457,52.580482
12.792612,8.993251,3.454732,13.527174,1140.1863,56.91233,65.69715,89.05563
11.642459,8.497605,2.7957993,13.222964,750.1886,46.309566,43.416397,50.040287
12.685451,19.572453,5.5350666,12.62337,1405.8828,48.351265,81.920425,89.761765
14.8207245,12.974661,3.5408204,16.045748,665.94666,41.256496,35.061684,36.49558
12.934874,7.097078,1.5704161,14.969317,1068.4526,27.248344,50.798603,72.72279
10.946772,6.598346,1.4582969,12.841712,852.2632,45.18168,46.51936,54.8008
11.777809,10.960735,2.9757917,14.700573,741.5059,39.70662,39.901207,39.624737
15.574436,8.620776,1.9377148,18.658747,1473.0286,15.014254,58.567833,105.11802
15.9282,14.754245,2.6587498,21.195139,1684.7085,91.83653,85.97525,127.14357
14.965038,15.796923,4.648723,10.898596,1303.0106,34.726765,62.083157,64.79731
11.180833,15.9048195,3.2127516,12.974676,1240.884,97.27243,83.39403,97.680405
12.0883255,14.080722,2.589606,15.00456,1058.3544,42.56612,52.92393,59.44575
14.012277,10.614405,2.8526576,11.966262,1050.4152,26.797783,47.742897,62.072063
15.123335,17.494505,4.2326593,16.524805,1242.7528,28.663353,56.109097,87.0314
13.454941,6.7496605,1.4460752,16.36863,989.87213,32.578495,45.345215,61.132504
15.47624,18.871748,2.6161969,19.61264,1380.6135,47.89156,65.464165,96.36918
13.480971,15.529804,3.3615162,15.214272,998.14294,29.286694,46.49496,60.068684
14.377201,12.151185,4.0304794,14.686252,621.07324,39.328987,33.752728,33.439163
14.691729,9.943782,2.923288,16.462992,1377.7122,38.209454,66.04228,102.17639
12.152246,13.863234,2.2103372,15.568857,1196.9225,55.993355,63.856407,75.681
13.012806,11.249949,3.859418,16.854391,1132.0674,148.66293,65.09856,75.26798
15.588119,19.50033,2.565381,18.97506,1369.0243,39.913185,63.962765,92.38638
13.065803,11.207506,1.9714645,15.818307,1459.05,128.37648,85.403,108.566605
11.303877,18.283651,3.7671022,15.446135,1164.3815,45.419666,66.477905,77.439476
14.09838,11.4706,5.709444,16.130087,1233.2668,67.5556,71.52522,84.065704
12.768566,6.607228,2.2891388,10.851591,1026.8824,24.800957,47.726994,64.1477
15.739114,8.785433,3.3553245,13.900097,1271.8757,15.196672,59.087067,80.52722
14.165231,14.052139,3.2850368,18.122295,1234.0128,50.323017,59.1376,82.70802
10.646924,12.503456,3.9709468,14.109073,645.05316,35.432236,34.893562,38.65451
12.618861,8.990818,1.8410071,12.019083,1281.4828,30.84269,64.80803,90.60212
13.961071,15.302385,2.9718325,12.421107,860.71747,28.732208,39.21904,43.232155
13.724539,7.9800487,2.4598196,15.159858,625.4175,38.191982,34.262016,37.077736
13.681097,8.907907,3.8329697,15.050001,1137.0823,74.67531,67.53151,82.26381
14.210325,7.60895,2.374172,15.380403,1580.7598,20.457651,78.5362,120.185104
11.964935,6.0925736,1.5343293,15.492653,936.7432,45.39241,51.803265,52.301266
11.885982,12.124858,2.7931244,13.242916,1181.4155,54.621128,66.37431,85.92868
11.166293,15.4476185,3.7676723,14.337905,794.3047,32.67225,42.416004,43.400356
12.792638,13.088062,4.3278,16.996304,801.4458,77.092865,43.61669,41.98342
10.712509,11.969967,2.851489,13.111775,877.75024,39.019234,48.334755,52.275124
13.998269,7.817342,2.5372694,14.190746,1085.2727,23.937061,51.804733,78.55004
14.465262,14.811285,3.1164699,17.843689,851.9854,51.64397,41.435806,43.903694
12.082054,9.622053,2.7166731,13.963867,1225.6816,163.40314,75.8032,97.70746
14.503465,14.232569,3.039128,18.125237,1109.6847,44.564346,51.002316,68.660065
12.046636,6.78603,1.6732527,14.5905905,769.86725,28.60978,38.79175,41.86621
10.10695,10.77319,2.3322082,13.582022,973.4137,89.9396,60.623226,58.868862
14.982193,10.990002,2.9552624,17.450712,1512.8098,35.91468,73.92354,113.01973
14.6035,11.549041,2.6298046,15.701032,664.1179,29.887497,32.645187,39.034527
12.008053,11.892354,4.0367675,14.294363,673.34827,36.38461,36.886547,39.009018
10.774222,12.3188305,1.7884219,9.711063,1094.3651,47.29634,53.028683,65.917244
11.755774,14.959866,2.4649394,12.124028,1156.2478,44.652256,59.271893,73.384544
14.7508545,8.136527,2.1476538,15.454493,1124.8004,19.523254,50.24615,79.94637
14.484598,8.281584,3.6289215,13.710327,694.6179,27.333094,38.089462,44.167496
13.757304,10.604482,1.9700364,15.307758,1081.2241,24.488148,49.579712,67.29898
12.45571,5.842705,2.510036,10.107258,1035.5411,33.24882,51.17456,65.78868
15.471023,16.07935,2.9263818,18.598286,1345.4092,37.152256,60.975693,92.05643
10.681666,4.7682757,1.5590312,8.072166,869.4787,46.79088,38.296192,57.008545
13.79249,12.55107,2.1471536,18.224377,1345.5842,70.19954,68.80168,91.9095
12.666172,6.194738,1.5421364,15.329433,877.04175,38.591114,42.82614,55.451126
11.702934,7.2007947,1.5209147,12.34767,1002.4934,25.598442,49.87258,61.904903
12.778204,7.287448,1.7449305,15.375824,898.28296,41.85866,46.25627,55.340263
15.845525,12.605495,3.3883908,14.408635,1258.5239,18.632145,56.60404,82.663574
13.349132,7.035898,2.0525339,15.220379,1186.4323,37.965374,58.639023,87.74823
13.359726,10.584757,3.4338608,15.923063,672.40906,39.246574,35.234142,38.281944
12.790614,10.811113,2.249376,13.1081085,1604.4242,62.10274,104.87807,140.78802
14.021138,13.76669,5.0117035,17.055613,1343.199,75.37642,79.881454,105.76151
13.550092,7.367782,2.5196986,15.66539,1361.11,51.2502,72.36455,105.313095
12.903881,7.326872,1.8078828,11.08333,594.0947,25.68378,20.747988,29.834373
13.055977,11.467623,1.8448421,11.630111,1125.154,29.60943,51.352547,66.32574
11.643698,12.157379,4.520643,14.327596,721.4833,50.4477,40.362263,41.581085
12.409516,9.291351,1.6270335,12.789932,1077.1881,24.972363,51.968933,65.220604
12.813863,10.744587,4.144416,16.075012,849.937,87.62279,50.705532,54.527035
16.177795,14.35907,4.0139546,16.666372,1318.5515,20.394817,59.191494,92.30237
14.969664,14.162315,2.0802548,11.149522,1199.0299,26.562248,47.955273,62.0549
14.593187,18.029501,3.897902,18.745512,1377.4242,59.490585,76.604,112.09155
17.213013,23.998844,3.3722918,18.602072,1300.6475,25.276428,53.163986,88.736084
11.98046,11.465296,3.6161237,14.451075,726.647,37.5186,39.046448,42.409042
13.70671,8.66686,2.5181305,16.066614,812.8927,38.41364,41.74905,48.42423
14.878774,19.331657,3.9229984,16.124472,1174.634,29.992304,52.859287,79.55841
18.22565,14.92202,3.8873527,14.363487,1396.2161,16.683687,59.15594,78.20597
12.06251,7.5848603,1.5710089,14.249447,966.74255,29.668514,47.358963,55.49354
14.668778,15.624508,4.818398,18.755987,1413.0946,84.45897,83.87754,100.16577
14.618014,14.616766,2.0540845,15.885188,1262.5292,27.28523,58.848457,80.51487
12.485714,15.759821,3.6499238,12.203844,1053.2944,35.751297,50.898323,58.15901
15.712331,15.82289,4.286046,15.45485,1412.8981,27.011429,66.86691,94.646835
12.11818,12.478654,3.5251112,15.449134,865.1746,42.204895,45.146202,50.284058
14.95586,9.765964,1.7333187,16.469967,1312.4137,15.504812,56.566273,98.42079
10.688019,12.285854,1.912867,13.784645,1121.9604,64.87291,64.373795,64.511826
11.519358,9.438725,1.74887,12.92747,1238.4299,69.122986,74.865,91.808395
12.04798,6.9112062,1.5250262,14.2893305,1071.986,103.42239,61.260307,62.05694
13.257087,9.603437,2.991605,15.458111,1336.6965,80.17294,77.346176,107.91984
13.320464,16.486687,4.140926,15.7120075,1256.8839,41.72806,66.22849,90.4347
11.244245,11.957499,4.50143,14.021658,664.6455,45.70277,36.958775,38.45375
15.16601,13.565912,4.8279543,17.800936,1338.9526,56.53836,68.84148,93.44682
14.630858,13.982444,3.5228372,14.482686,1471.4713,32.86764,74.934364,107.27472
12.547878,7.0711355,1.8151228,15.992883,737.088,73.68856,42.801304,39.48854
16.456654,12.251439,3.1699524,16.659996,622.05176,42.44155,31.788128,30.758957
12.690825,7.0784874,2.9446912,13.092505,732.2673,45.34542,42.170715,50.144356
14.169489,10.307209,3.0559978,14.863246,1331.6476,33.568108,66.1579,101.51021
14.805807,12.748783,5.922087,15.176773,1413.261,51.29591,83.72733,98.94209
15.024315,10.467806,5.6794243,15.52479,1192.577,44.479347,68.760994,78.043686
13.481569,10.095627,2.24171,15.453263,1492.9043,192.89531,85.35836,109.27344
11.101177,7.923773,2.5291677,12.42319,742.9347,61.288597,44.366615,54.037033
11.412419,8.474113,2.5073586,12.966273,795.4971,48.822334,45.692043,53.906044
14.233305,17.246641,2.2393844,19.193695,1304.8379,56.68216,64.39051,78.65312
11.591201,6.650403,1.968581,12.115747,675.9514,39.01615,35.499702,45.40612
14.400293,8.167071,2.555407,14.929411,774.5536,23.649132,38.670887,48.1397
12.7315645,9.019457,2.3484354,10.669584,974.621,34.682175,43.530796,58.705948
9.352517,6.0784755,1.3542159,9.520926,741.7143,42.95698,40.099426,64.56166
11.15548,8.081264,3.303382,11.885018,806.25287,71.46321,49.921818,58.30042
12.972646,9.785261,1.6583941,14.379068,1140.4285,28.873005,54.78057,71.2828
13.924124,14.3612175,5.7498255,14.243925,1293.5897,53.7683,72.46158,85.62076
11.123324,8.495088,1.6009216,12.825466,946.279,53.176807,54.001152,58.100693
12.942315,11.112879,6.195934,13.406585,888.89655,80.0941,56.20624,44.576595
12.208332,5.7711043,1.4486958,15.427731,793.94507,55.082848,47.181057,50.32864
13.015363,7.5424767,1.3542825,16.468355,1162.348,50.131927,59.879524,74.09972
12.657079,6.9676027,1.5231818,14.720141,664.8278,38.298992,36.383183,35.667316
11.726717,11.108618,2.5871606,16.89154,1125.5684,149.95544,64.526794,58.330997
13.0604,7.8455915,2.0600042,14.878446,1472.4974,39.72589,79.85866,112.49709
16.444876,9.369754,3.354511,15.971542,1137.0867,11.505455,53.85857,77.422455
14.99913,7.637716,3.628346,12.011455,1363.5513,22.669323,67.08489,81.789566
14.207199,18.037016,5.1420126,13.037929,1463.0723,32.802864,78.38207,93.18759
11.718786,8.984829,2.2687054,13.564292,725.8954,37.763996,38.169437,42.759064
16.623148,12.857185,5.1385937,14.567914,912.50165,38.83449,44.55171,40.60049
12.57506,11.816902,2.8417206,11.490122,939.5879,34.614178,44.394444,54.40718
12.883936,13.39189,3.434954,15.257667,727.905,33.43901,37.55256,40.942352
13.057529,9.631131,2.8667634,16.31995,1223.9056,113.674484,68.756226,87.42424
15.513203,15.953693,3.9770036,18.393208,1329.208,34.56594,60.592495,95.952225
11.921704,7.126089,1.4290956,14.180295,898.6489,41.31037,46.30611,52.088867
13.573168,8.900658,2.149873,17.039707,867.342,51.178238,44.938557,48.5375
14.700491,13.383672,7.137602,17.492954,1527.6519,124.36749,100.87334,86.33436
14.693858,15.654952,4.9372196,18.821388,1384.4089,84.98241,80.98988,93.50948
13.893987,13.725508,5.318655,16.251705,1453.5286,200.98157,91.750885,104.31348
14.042884,10.836574,1.7488109,14.527805,1179.7882,21.462236,53.42311,78.583954
15.419065,14.040678,2.156156,16.43239,1245.953,19.883179,56.415874,86.194595
13.347195,10.694501,2.779312,13.360561,885.2939,21.944668,42.311485,53.239952
15.274341,12.424927,3.3311718,17.933939,1146.6074,35.590958,52.245266,73.91019
12.130375,6.870219,2.0155015,12.680657,944.5986,33.856525,48.870117,66.57592
16.481564,11.733107,3.501463,19.122818,1449.2418,24.22556,63.019524,98.9599
12.504821,15.510929,1.7271358,13.710302,1289.2571,37.566547,64.2096,76.172646
14.639021,10.8706455,3.9441166,16.64744,1316.0986,56.346443,68.92674,99.955154
13.135258,13.33197,5.8230076,13.134503,815.2577,59.22175,42.88959,30.748291
13.894274,14.032298,1.9239147,15.449063,1401.9209,35.303734,70.55272,99.62593
14.302995,9.1384735,1.5967444,15.920704,942.42346,13.539539,40.72866,56.106358
12.471548,14.126177,3.9336839,16.03484,787.6475,49.72008,43.084824,40.363487
13.9708395,11.267364,2.7809534,14.874994,1322.083,36.52662,66.402504,98.57032
11.314973,5.9644732,1.7361841,11.658217,817.21857,29.015995,41.996677,54.724773
14.249552,9.812803,3.0026848,15.727972,459.64453,37.169964,26.748161,31.48357
15.4404335,12.145069,5.636107,13.247934,1683.1157,42.859074,104.27476,119.10818
14.173113,11.968626,5.9997787,16.150803,1420.3031,76.924126,92.9391,108.46994
14.365198,9.616468,1.6731529,17.086306,1273.9408,21.669203,60.47683,86.21539
13.8215275,10.625703,2.1860437,14.695787,936.533,15.505373,40.412113,56.28766
14.500475,17.491724,3.8856912,14.79257,1184.0464,26.458637,55.679176,78.7115
13.026031,9.6664505,2.2069364,14.272157,1524.7327,47.872402,86.11939,118.685905
12.048803,8.427194,2.2647927,14.686745,771.9618,46.425137,42.909367,45.438747
12.674397,6.803486,2.22454,14.4450035,1398.7172,48.837242,79.300896,110.32501
12.185225,7.416544,1.6616435,15.494327,780.70874,54.66928,44.699467,42.673565
11.296973,16.821587,4.05199,15.045725,1100.1478,43.53547,62.16114,73.29228
12.16561,13.55492,4.4325514,15.624925,854.2288,54.940296,46.557487,48.168762
11.358928,8.761827,3.0803072,12.494783,679.4238,47.25309,37.966217,45.67431
15.141701,12.5734005,6.434058,15.1006,984.1805,68.16942,55.575226,38.6604
14.011864,14.898278,5.930081,13.206747,1474.9033,61.71674,92.62849,107.497215
14.539715,13.053527,2.4513557,16.233257,1110.429,23.73452,50.403183,71.09635
14.64271,12.663874,3.2842188,17.204103,880.5662,39.103516,41.955055,50.383423
13.848381,7.771858,1.9735067,16.601864,1315.8123,52.175728,65.657936,94.33982
14.542108,7.2795706,1.1713547,18.552036,1157.254,60.629837,50.12403,67.406395
14.223206,8.653578,1.3568225,11.215624,980.23267,18.607399,37.40825,54.293636
15.250042,13.145715,2.8464708,18.788816,1127.3049,43.40512,50.67717,68.80044
13.656675,12.2707205,3.1538558,14.212562,1743.1683,269.33087,112.084305,143.57462
13.955305,11.215062,1.8547323,14.796883,1415.2639,26.77013,68.83286,102.50058
11.785131,7.827405,1.4414499,13.970023,1155.9281,61.6781,66.751305,74.334305
11.629647,10.136114,2.001912,12.245674,979.73535,38.157566,50.840046,63.503006
16.068953,8.083886,5.514185,14.663512,1123.911,26.211725,65.941986,66.58977
9.966542,15.737378,3.9789433,15.801895,877.6783,66.14948,53.279564,45.76815
14.310608,10.920104,4.9544864,15.29448,1498.1853,62.923645,95.532555,124.569016
11.708559,7.235718,1.8928447,12.731063,1039.5203,44.440174,56.075626,75.043434
12.954534,14.859428,3.9835548,16.68986,658.97656,60.76535,39.70932,29.321198
17.900354,10.831277,5.8045053,11.739219,758.284,35.682156,38.129234,4.5330124
14.374872,8.490936,2.0583825,17.12014,1560.8911,37.241077,75.81762,117.16885
13.917726,8.037877,1.5519614,17.473778,1317.4548,62.8011,62.89698,89.684814
14.758968,11.666127,1.8341277,15.746427,1273.271,20.268936,57.01156,88.080666
11.795338,9.60195,2.7297208,13.5799265,625.1095,35.223064,32.97266,37.18216
13.985635,15.095676,4.9247966,18.302965,1358.8685,198.21657,77.060974,77.38336
12.019478,6.8201456,1.5200478,14.4861965,927.879,28.91013,44.61578,53.052612
14.105535,9.387931,2.7060397,15.643055,677.21783,30.985464,34.43105,38.650204
13.449868,7.609337,1.5197631,17.45189,934.02515,36.04831,51.093853,52.847233
18.732489,14.065461,3.7184463,13.374925,1106.3263,25.316753,45.281013,51.463722
13.500343,11.316315,6.7319202,13.569282,1084.8829,92.296265,72.31826,57.16357
14.132985,11.984241,4.348724,18.05355,1167.4418,79.856476,60.71647,75.38101
11.735497,9.074948,2.1532776,12.92584,1081.3398,185.58707,62.980495,81.68969
12.183424,8.034888,1.7241098,14.990748,824.624,33.34964,42.620872,44.722107
15.381236,9.689568,5.967827,14.768372,1075.6965,41.479015,63.726624,61.661385
12.914612,8.976711,2.436875,14.14191,657.0124,27.187382,32.868614,36.569862
12.477585,8.198666,1.603752,13.594318,1172.3878,33.833614,60.003323,79.91179
14.00304,9.169931,2.4771783,17.60003,836.8234,60.2315,42.84773,43.232048
12.392377,11.919355,1.7708766,12.491456,1453.0468,54.80869,84.88963,109.137215
12.437291,8.256189,1.6098427,12.230248,1096.7439,20.980516,52.39389,72.76212
13.670206,19.350952,3.6672125,15.489297,980.3084,35.3256,47.09484,56.34491
12.761751,10.054046,2.0779107,14.866037,912.43555,29.913876,43.097466,51.621887
14.075164,11.319992,1.7295988,14.979258,1102.0626,18.51525,48.112118,65.23643
14.199808,11.8464985,3.3784957,15.218976,783.6212,27.058098,38.73689,46.434944
12.021274,13.55569,3.2655518,14.769928,843.79456,31.584705,42.360065,47.40532
11.262785,7.521184,1.7268312,12.583612,824.42737,13.508787,36.71844,45.71392
10.947239,12.861803,3.044495,16.255972,925.9255,52.7703,53.810577,45.565083
15.394159,17.096195,3.529104,17.26188,1192.4447,26.951767,52.690796,83.97475
16.12926,11.43503,4.836543,17.36298,1614.9872,40.0239,94.38423,116.177795
18.39188,13.174768,5.0063252,16.225138,1429.1571,24.568836,67.34662,80.71577
11.342399,14.283429,5.1364803,14.615298,784.236,58.657734,42.988132,42.73123
12.526279,10.033646,2.4857593,15.290445,688.2258,38.193233,37.433495,34.926353
15.091694,11.189371,5.474485,13.403604,1429.804,36.41925,79.26043,91.35617
11.161804,5.3633547,1.4740983,13.198,707.4477,33.705933,36.84912,47.960587
10.529172,12.07447,3.3769789,14.257266,684.82355,41.436867,38.506092,37.061745
14.698932,15.417776,4.1407943,15.983082,1130.2668,30.099888,53.051655,76.10618
15.220545,13.844092,3.178483,19.918083,1159.0808,68.883354,53.886715,62.3839
13.166838,12.154417,2.0999694,14.355455,1606.5889,107.79016,103.11537,137.14095
12.846304,8.908919,1.9149876,12.7513275,773.74805,21.642693,33.51571,44.476105
12.199233,19.545439,2.741147,15.454958,1335.3827,64.817,84.416756,102.36748
12.1528635,7.7026677,1.8051105,13.873124,708.9891,33.270405,36.274982,40.7836
10.6070595,10.600174,2.169819,12.945273,745.2474,25.475433,37.900364,38.759483
14.134134,10.8233795,4.05429,17.006523,1351.1403,89.64081,76.15161,104.02045
15.949846,12.662344,5.9952707,17.319374,1364.5555,56.43157,76.254166,75.83987
13.712603,15.477213,3.3650265,19.042076,1276.9553,76.856735,65.48046,85.112915
14.688466,13.880026,1.8969305,16.550194,1274.6549,28.280888,59.960922,81.11634
11.738118,8.557798,3.229371,10.678747,1426.0038,133.33066,91.68504,107.056755
12.28592,8.959263,2.7774544,14.682122,1147.0316,122.27193,68.61042,89.091934
13.535353,6.811283,3.3316689,8.830946,1229.7738,37.103943,61.251865,66.58439
14.073027,11.646022,3.559865,18.40065,1144.6863,130.63113,57.584175,66.15457
15.819331,16.677944,4.988693,18.260897,1193.9548,69.3113,60.95283,61.390083
13.18594,15.214066,3.111722,14.483051,971.78595,24.211922,45.313114,57.40606
14.876314,14.416866,3.3095767,16.126156,1437.9319,30.10833,70.47562,105.48503
14.708017,18.595158,3.8770046,13.775849,1031.6198,31.94811,47.30306,53.734974
14.508341,7.352,5.2704177,13.318035,945.01587,43.913464,57.69094,53.874634
15.691378,16.343735,3.1423862,17.817299,1378.8147,21.54283,61.080036,96.6749
12.914724,10.672933,3.7429187,16.574322,1039.2385,120.84175,59.634857,68.40766
14.211645,16.60558,4.828149,14.372038,1450.7932,43.99811,83.76189,111.90333
14.434493,17.631437,2.6640182,14.456557,841.3205,27.097383,39.214787,49.78911
17.201885,11.473464,3.0240736,18.176409,781.24316,46.904552,37.34986,37.76115
14.816094,12.18243,5.9550953,15.404297,1346.2765,50.89467,77.09657,89.46805
12.6016445,9.403568,1.4842851,15.2766285,1220.3406,53.11112,66.347206,79.459015
11.932686,10.902772,2.7175846,11.687217,1002.7582,41.08865,51.737553,65.4629
16.06197,9.854144,2.9752138,19.053562,1448.6953,45.639122,64.111046,97.029175
13.905982,15.373714,3.2890887,14.333562,1136.524,26.913689,54.108505,74.941734
14.792155,11.687909,5.364463,15.707602,1237.7429,41.90863,67.19589,88.951225
12.1838045,8.407148,2.7075157,13.046772,615.6614,36.066425,32.55758,38.63935
15.020597,13.600554,5.7492094,18.257576,1474.2849,149.9884,83.529465,76.9512
16.0996,16.652695,3.7590156,18.876,1477.5687,32.30539,76.56853,113.56569
17.034271,15.322963,3.5630708,11.373598,1710.9944,27.11008,76.21452,97.47086
12.949481,14.131579,3.4568777,19.515385,1181.3766,134.1013,61.815487,61.385544
12.736255,22.263987,3.9683137,15.049529,1204.4482,34.716766,62.488228,77.97214
14.246267,5.706369,2.5016265,17.68437,1697.0397,44.89396,87.35069,134.83131
12.343852,9.736446,2.4806726,14.157787,1232.5623,212.0954,72.56533,91.10716
12.181168,7.815341,2.1564097,14.716586,1034.133,98.86679,59.42194,73.55218
12.747394,6.842056,3.6365635,13.148093,1412.7231,63.905148,87.24819,112.20494
13.45844,10.955321,2.4966135,15.937247,892.53467,31.12191,42.879448,52.253334
11.252236,8.016022,1.5629356,12.943556,892.8968,45.651436,48.894093,54.704445
12.630049,18.150154,3.6769948,15.173741,1359.2867,59.835087,85.22577,111.127846
15.387473,20.67184,2.6179252,19.510445,1390.5918,41.752377,67.15334,99.718796
15.155001,17.330786,3.5775435,17.960869,1276.9092,36.467926,57.732086,91.39199
11.900739,16.772482,3.1887858,11.441034,1144.0631,40.79756,56.179386,65.313545
12.475924,10.23499,1.6203634,14.048851,1076.4628,31.954136,53.151165,62.279396
14.505608,16.674486,4.4970713,18.006348,1217.8246,58.574852,61.573524,81.53558
15.980541,23.371292,3.914879,17.832443,1250.4021,31.886246,55.040085,84.26098
10.93532,6.739442,1.5224128,12.652451,845.0228,57.330315,49.351902,59.07035
11.848795,10.701472,3.3566353,15.0764265,602.1156,42.899097,34.210625,34.55358
18.602055,14.383332,4.489742,20.35084,1508.6261,16.80812,69.33838,87.11531
10.964352,9.213007,1.7141263,13.619147,980.5409,50.30783,57.497746,54.256897
15.627115,13.2993965,1.7859242,19.989052,1579.7267,33.709126,70.82005,110.38394
12.823042,18.94212,3.18532,18.036232,1234.3844,61.683624,66.456314,82.66542
14.916707,10.113226,5.4023504,15.952837,1455.5541,52.410168,85.10686,105.95833
15.343875,14.530395,3.5408607,11.834412,800.48425,35.21237,36.080032,35.11181
17.582376,15.544632,3.586769,19.77938,1274.0286,23.613424,53.868694,86.59127
13.4125,13.09945,4.204333,17.314333,1052.375,212.86264,54.28891,56.04099
12.334773,16.74179,3.6100736,13.903739,803.46735,33.431454,41.225235,44.120262
16.739601,13.763557,3.510983,18.27493,1193.0795,19.803669,51.602207,81.34415
15.307673,13.4275465,3.701376,18.633453,1479.66,44.324303,76.930374,113.94534
12.096142,8.396196,1.7030159,14.777755,848.04846,38.580822,42.86232,46.877113
13.100287,8.237291,2.2969565,15.483924,1028.7365,127.93584,54.178932,69.06604
12.417747,10.638776,1.7734044,16.073305,1218.9562,70.091354,66.16118,79.95591
12.6363735,13.8063755,4.658788,17.260672,957.14777,87.31621,54.115604,58.799374
11.999479,11.206234,3.1200964,12.179195,1337.8992,131.39171,87.72977,114.066154
11.72683,14.479357,3.0958629,12.095306,989.40466,35.55484,49.368942,56.638718
17.495401,14.1184025,3.3284037,19.97891,1363.0453,19.542912,56.68156,91.26999
12.272474,6.8738546,2.6357558,12.302492,862.8945,40.017296,46.776794,58.58338
12.26727,15.652048,2.2216203,11.893679,1363.2058,59.022522,76.19058,100.10104
12.743526,12.221282,2.2093372,16.760464,1055.3027,46.47432,53.89447,58.477127
14.359565,13.238559,1.7620498,16.377512,1307.4994,30.248085,64.45884,81.7341
15.52518,11.4639225,2.6729991,17.678415,701.0984,48.72554,34.379036,36.554268
10.353941,8.930422,1.5762247,11.151312,964.73425,51.505432,54.92422,65.813255
16.409302,14.1385145,5.2449102,19.595371,1490.8739,63.722374,81.31438,85.43382
12.351404,14.197746,2.9283106,15.753581,1176.9011,51.912483,62.61516,76.449
13.540418,10.527867,1.5045549,17.451221,1551.9308,85.94102,78.97847,107.8531
14.874572,14.872513,3.3011491,18.759596,1449.3292,60.937126,77.13708,113.32278
11.963807,14.765955,3.6766696,17.351858,1153.6079,77.08582,66.267166,74.19633
12.721692,11.757203,1.617985,17.079147,1174.4852,54.83841,61.9699,70.28987
14.560824,16.58025,4.2315845,13.865502,1360.7654,33.28606,67.94996,91.70187
13.653374,10.166989,3.4242377,14.801687,1626.7588,160.9296,101.24096,136.24603
11.582169,7.682189,2.2617483,12.757458,741.07166,41.844612,41.768692,49.9631
14.79643,11.062582,2.292036,14.570807,1241.949,16.896856,54.776188,88.022385
14.307005,8.969889,2.0118308,15.616702,1394.2389,19.692587,64.27813,106.19998
11.807199,5.5054684,1.4470464,14.730059,802.2357,46.16539,43.039974,52.128014
11.415899,4.957248,1.5445409,14.054356,841.29126,43.095722,46.226677,49.548138
14.991353,14.23961,4.422313,14.49062,1111.7357,29.530441,53.95203,71.79333
14.150768,11.351803,2.197025,14.220731,1075.4808,16.970678,47.055126,68.76152
11.125753,10.813466,2.8817773,13.837414,1073.8503,161.58043,66.20087,74.26277
12.53674,7.2644324,1.4758753,14.697363,1078.2079,37.058456,54.09981,68.56485
15.413568,10.8084955,4.4976044,17.668983,1489.0558,74.061905,81.62216,103.703445
11.100855,6.1684136,1.4776968,12.820497,775.6361,35.24189,40.679657,50.71926
16.359755,10.877004,2.790714,17.871033,1332.2021,12.621489,54.80515,93.2346
12.697695,12.898201,3.7169213,16.371727,1246.2086,89.48602,75.72021,95.3849
13.0765085,8.61958,5.117561,13.190005,876.17065,91.93818,58.017075,47.796535
11.719152,6.785029,1.5769187,13.908804,746.31335,45.8025,41.937344,45.999672
11.420814,9.41675,1.5907454,13.295636,1153.9314,63.74109,69.410065,68.34481
12.372376,12.39816,1.7982469,13.070428,1379.204,53.93203,78.23705,100.46547
14.587133,21.078217,3.762238,14.8049135,1260.6481,28.200237,59.073204,82.461494
13.850769,20.525114,2.8826783,17.524256,1268.1628,49.659065,64.54119,82.12609
12.488576,11.362779,1.7336215,16.22225,1110.212,48.66456,56.761227,62.882355
14.976265,11.522226,4.4586706,14.883395,1315.2512,31.956802,68.10888,95.014336
13.882506,15.973703,3.680564,15.691924,1230.536,35.92499,61.02704,87.277504
14.087849,21.888432,4.433573,13.692734,1337.8204,26.905457,64.91706,83.86792
15.724203,12.973968,3.0166483,18.88243,1407.9552,34.829735,61.16136,96.80917
13.650871,16.380356,3.1166315,13.223482,1299.355,36.976524,64.76322,88.33006
12.288182,11.842773,3.273363,15.51916,768.6827,38.18788,40.854515,41.962097
12.800956,8.905872,1.8951623,16.233028,1219.3112,108.679565,66.25993,79.44891
12.595821,9.008623,3.1059017,14.677349,624.0565,42.877796,34.997704,38.05587
14.989376,12.713638,6.191321,12.352293,1289.706,44.68164,72.535355,63.39545
14.04205,14.617582,3.3536062,13.725556,614.1965,33.856617,33.38395,31.560955
13.853054,8.586252,2.0171614,16.608278,1544.5287,34.24961,78.23346,118.24522
14.438632,20.295862,3.1624608,12.753948,1104.9717,27.39019,49.394382,57.503613
14.830364,12.949463,4.616836,18.21513,1475.7515,102.7461,82.716415,104.11694
12.877635,12.692555,3.2427697,14.648533,728.4696,28.95601,35.74363,40.769447
10.832706,9.444739,1.5886619,11.428423,1030.4913,45.1924,56.797302,66.90691
16.1119,14.193925,5.9272475,18.226551,1407.8145,67.116035,81.117874,73.640564
12.65453,10.528274,1.806947,17.94595,1077.7618,70.72367,60.146385,58.117184
11.999268,13.431168,1.9660568,13.911462,1219.903,28.307316,65.972046,66.69564
13.2491865,11.3293495,4.1844053,16.831793,1084.5796,78.35904,61.13922,74.67155
12.274608,7.2043247,1.8656132,14.281535,951.3258,51.666218,51.397934,65.66192
9.676292,7.111595,1.7136896,10.302151,790.7261,64.61698,49.170662,65.116325
12.849552,11.279421,3.5213013,15.371296,1271.6714,91.19084,78.313805,104.10182
13.799179,12.986736,3.6779723,16.540926,700.70776,53.665756,37.871326,35.56044
14.316301,8.545675,1.818488,17.593033,1510.294,62.941025,72.78287,109.63936
12.210696,10.459854,4.8751564,12.9303875,752.49506,51.687084,42.016586,44.671074
12.053134,8.785329,2.0060658,13.249464,867.86523,32.044373,43.790905,53.260708
12.856145,10.956847,2.6475346,13.909225,1356.2087,52.363045,74.78571,105.40808
12.344161,7.982055,3.8144426,12.935086,846.9288,93.48045,53.742935,53.813896
12.5550585,8.693381,2.8838737,13.72523,648.0907,36.249847,35.794304,41.212303
11.189157,12.537119,2.401777,14.271473,936.3476,36.39229,48.41456,51.57201
13.697384,12.519289,4.218341,12.358252,1353.4294,42.17176,71.7401,94.94256
14.996757,9.400471,2.1337147,15.094434,1182.5421,6.9035416,50.601833,83.5905
13.036934,11.074654,2.7346826,14.416195,661.10205,26.671152,32.01007,37.115715
13.293686,8.9164715,2.003479,15.899757,1039.1515,41.394417,51.565002,66.916855
13.827703,17.624556,3.8187685,16.400566,1054.7632,38.923275,50.75861,65.684135
12.861566,12.338984,1.8281989,15.252466,1326.3025,49.688774,69.851074,93.06611
10.704557,8.705126,2.4489262,12.657018,745.4459,49.96827,43.394215,49.507812
13.058112,7.7297087,2.895549,13.389576,1560.4116,39.769955,87.02648,122.48284
12.857129,6.994151,1.9083493,15.723515,1096.9426,68.49756,55.771057,77.78582
15.829306,11.177092,1.9249047,20.333994,1295.0742,184.6971,53.353123,59.6547
10.479701,15.63227,4.8666606,14.495863,919.8917,62.675232,55.112408,56.508255
11.504054,17.721317,2.156962,13.870747,1288.3353,60.53758,73.60313,85.37439
14.708317,9.897001,1.6623412,16.57774,1263.5117,20.256033,56.20507,88.41603
14.932834,19.15221,3.9924521,16.019081,1295.3663,27.901451,58.59547,89.489624
13.766901,10.056603,2.4646204,18.393461,1022.94574,59.865868,51.364563,57.269913
15.111067,22.058407,2.925339,18.052599,1270.8589,35.644756,58.020145,80.73111
15.937647,15.526695,3.4873333,14.3263035,1142.916,19.365559,50.183617,70.97758
14.662182,12.146721,6.088031,15.80759,1564.3035,189.02039,98.8757,94.69307
12.459598,10.259496,1.5777267,16.039324,1096.5228,48.90461,55.49547,64.362465
16.01701,16.01913,4.2091894,12.687146,1247.2749,31.55857,56.76394,69.35297
16.423122,13.522734,5.613144,15.888084,1315.8984,41.456757,67.655396,73.42055
12.665551,8.372891,1.9301882,16.002882,1143.7104,89.79231,62.64829,76.06268
12.722652,6.454235,1.7385169,15.015294,1188.4906,39.76855,61.36908,87.14899
15.686749,17.575266,3.1398015,19.354055,1344.3336,40.914303,60.32366,94.37417
14.45672,16.543856,3.595888,16.424969,1176.5203,32.242382,54.401955,80.692856
12.370778,5.882513,1.5016191,15.108549,807.58234,34.556213,40.54216,49.494186
13.988902,7.7765446,1.4033657,17.740858,1274.0935,79.40747,58.42172,81.06845
12.737724,16.947712,3.7675495,15.497711,1304.695,51.791576,75.86097,99.57502
15.217905,15.223351,2.3203008,19.183884,956.9983,58.643696,43.06517,48.416534
12.693059,15.517189,4.0495143,16.012379,861.8663,47.18099,45.87977,43.756897
13.056646,9.6341,4.1799245,9.491924,1562.8024,71.015114,94.2108,96.81389
11.805233,3.5618668,2.7901766,9.9991255,1135.1812,22.379427,64.124916,72.67879
11.49714,10.345277,4.330875,13.504135,537.92053,94.13562,32.48818,36.8351
14.396375,18.807415,4.2037044,15.749693,1305.7253,32.656666,64.0687,94.87977
12.510022,11.658579,4.8097553,14.549586,1143.582,178.02142,74.056786,82.76036
13.616101,13.058046,5.044022,15.916683,1241.7046,219.30518,75.78092,74.501434
15.866569,21.48078,3.7555704,13.997608,1280.258,25.050259,55.314774,74.63282
13.136044,12.478259,3.384306,16.40836,1021.89734,42.6062,51.515377,65.538506
12.834118,16.872616,5.0052247,14.9996195,962.6826,54.815033,48.558067,48.53097
11.376926,6.74829,1.6503873,12.55536,753.5513,33.370533,38.851063,48.16678
14.443305,11.689316,3.7012444,12.162457,733.0158,31.283016,34.899193,38.028034
12.539298,7.7592306,2.0418363,13.232466,1251.7598,35.857197,65.365105,92.88768
9.907478,14.693954,4.019338,13.948493,886.07513,53.11414,53.047752,51.775135
14.910345,7.953349,3.2013295,17.485142,1659.7598,36.135265,89.78354,127.2484
14.348339,7.4866276,2.8928177,13.816852,1097.5421,16.486706,52.320602,77.06929
12.885608,12.247288,4.32975,12.20242,859.25604,38.29126,43.398155,46.07659
14.128409,10.146782,5.1085873,12.312119,1154.403,39.661694,64.12558,73.09748
15.793489,10.806928,4.9289675,12.025291,788.3681,34.18855,40.082638,38.384865
16.743237,11.49578,2.5672047,18.341581,1259.1881,17.93026,51.40395,83.30413
12.864684,18.502415,3.995316,12.148376,902.23474,36.87503,40.1364,37.18447
14.460351,13.607619,1.8514534,17.619148,1248.6398,35.182953,59.133347,75.86202
12.45977,7.5307884,2.3221805,10.476515,1398.7749,34.245667,71.35914,97.50673
14.200771,10.350413,1.3285289,17.14469,1193.8677,30.721478,57.300186,71.3611
13.644516,13.049827,4.7642374,10.188913,964.05945,40.54118,44.722992,41.275314
12.92526,15.411445,3.0658774,17.065165,1117.2463,48.07508,56.145065,66.952835
12.933564,11.156584,2.569738,10.699623,1373.3385,45.481777,69.6761,96.43239
13.071056,13.645365,2.8382983,18.753056,1439.7858,199.20721,78.11963,81.69772
14.481622,13.922363,3.2861521,19.325314,1256.0122,67.00154,60.381737,78.72501
12.963281,12.525345,3.0315084,17.22054,851.8609,50.002983,43.85253,44.14087
12.134572,14.566635,5.348975,16.222216,824.23224,83.3378,48.11081,48.208588
17.660084,8.996116,4.416845,15.609193,1339.178,11.460825,65.26092,73.74881
14.933516,11.223003,4.0029373,13.725533,681.9464,30.71225,35.883827,41.227116
12.955132,9.509153,1.5452856,16.599783,1054.1504,44.15664,52.664604,60.983055
11.406627,11.113005,4.817375,13.364337,869.7272,80.92868,55.533573,60.625446
13.820183,9.689801,2.9817815,15.18275,690.0895,29.652779,36.330765,40.702156
14.383507,11.292414,6.333372,12.838519,1124.0435,54.36445,65.71239,57.91435
13.420291,13.612026,3.83184,14.152633,853.7457,29.596167,42.66784,51.92845
10.74691,12.383844,4.2517757,11.675392,840.03925,39.28374,41.455303,44.305122
11.571727,6.340796,2.3089576,12.263088,826.53046,47.9763,48.32567,61.343803
12.461785,20.419933,2.048908,10.9239435,1425.664,48.96095,73.25067,89.064156
14.606331,20.60651,3.3006496,15.085477,912.1894,33.16274,43.234966,52.86229
12.45924,13.093218,1.779932,17.762691,1212.2521,69.07696,67.56555,70.482605
13.676541,11.422752,3.7638605,14.629301,649.12213,33.896545,34.619434,39.186127
11.472295,21.050783,3.5645864,17.49196,1120.1918,52.53783,62.01361,63.04529
13.845401,5.9907737,3.0789418,13.451983,1340.9185,18.066011,68.49828,96.664566
11.368153,8.249586,1.8622394,12.557144,766.1109,30.402388,39.07261,45.273846
12.521256,9.622077,3.333126,13.055076,1287.3787,71.9884,78.089355,108.71051
14.374816,8.476822,2.2904994,10.270282,1444.2495,26.289045,61.80688,81.886444
15.425342,13.976397,2.2363007,15.551038,1280.6484,15.523279,55.5229,88.65962
14.878726,9.767058,2.49168,17.928762,1527.27,137.61159,75.023125,107.20732
13.213992,14.1280365,3.915698,13.6942215,994.4466,30.094784,49.92387,61.57753
16.470888,11.966293,4.6630106,18.15972,1626.7023,33.511097,93.03841,115.40234
12.067219,6.691984,1.4859929,15.325903,935.6422,51.519638,52.619442,52.5282
13.56692,11.192828,2.0344775,18.480762,1101.3951,58.36596,55.355038,63.047897
14.486858,19.261818,4.638556,14.211824,1409.1804,28.565712,71.128784,92.55063
17.182785,16.2761,3.42448,18.155216,1084.1149,24.364128,47.92748,73.62158
13.931274,7.7077513,2.029749,15.697068,655.22534,38.44362,33.42047,36.224525
16.269562,13.983713,3.0917406,17.106884,1173.9557,13.506403,51.691555,84.686844
12.220214,11.073888,2.0383039,13.027832,1390.4512,69.54788,85.44859,112.95061
12.298704,16.254812,1.589612,13.655906,1476.0908,57.986027,90.83102,110.49483
10.92985,8.771393,2.8698657,12.450235,820.6196,66.74717,50.114155,59.171665
11.85686,12.403872,5.489609,13.603099,782.7699,66.10535,45.650013,44.288387
12.1919,5.5323763,2.9191353,11.929136,1074.3376,41.330143,63.68164,82.03017
15.260145,22.739758,3.6547155,15.1542425,1415.7284,23.700151,67.177666,92.43828
11.060032,8.028067,2.0170035,12.397897,980.2652,101.00596,59.893444,75.67489
13.079755,9.207437,2.5998354,14.519479,656.3992,28.436756,32.867065,36.860916
14.361668,14.155661,6.4256454,12.573783,1520.3416,60.98896,95.400055,100.93565
14.179479,7.6839657,2.500917,14.338774,1182.2854,19.61093,55.960938,88.505936
12.670579,8.852449,2.7418544,13.651083,615.1156,120.096115,35.63801,48.403873
14.54318,3.127345,4.3727226,13.27852,1647.6248,9.589615,91.43502,96.34837
13.614381,14.118582,4.8649445,13.355669,1078.4443,37.278557,54.700413,65.16684
11.879365,7.441732,1.9555264,14.210808,880.4453,54.751137,49.576496,57.76174
14.530822,8.1438675,1.6481373,17.673714,1223.457,43.275063,54.04094,78.33503
14.006933,11.641276,3.834118,15.059748,693.3115,34.819767,36.32398,40.70177
11.307215,6.633193,1.5014873,13.187833,850.92236,34.37215,44.06765,50.836308
13.61195,11.049006,3.6319087,15.431696,648.9501,35.836296,34.186913,38.438354
11.233968,4.85469,1.3690538,14.097898,841.8756,44.116566,44.353214,53.260437
13.5751,7.6631193,1.7475955,16.557545,1097.0876,91.73189,52.282673,72.962074
12.868854,11.259182,2.7387536,13.19578,1261.9937,42.379494,66.82887,94.671326
10.672366,8.87018,1.5943031,11.349168,920.42816,42.389736,49.950413,62.496304
15.111265,11.122971,4.5899053,16.718416,878.93787,57.325928,47.791046,49.53749
12.534363,12.646892,4.68095,12.631879,1013.55707,40.132446,53.85246,61.072468
16.03854,13.012038,3.7942667,18.271507,1402.5468,27.260084,64.02441,99.62628
13.335363,15.752237,4.218209,17.725824,801.4701,80.933014,45.181686,38.006393
14.127234,15.3253765,5.1806936,14.488852,1241.1897,41.113434,63.427036,79.442116
11.677562,7.2812157,2.8434184,11.886311,794.36743,46.78583,44.09162,54.11453
12.134032,7.526045,1.8933904,9.349573,1337.1145,32.068344,65.99857,90.19511
14.314875,10.835465,2.0290422,16.46351,1113.5952,28.75986,51.55848,71.35165
11.177111,8.309021,1.834126,12.179657,1080.3177,56.48086,62.644585,81.01548
12.103614,13.978102,4.072709,16.2509,1083.8787,58.434616,59.25222,72.43814
10.755758,13.872436,3.8014083,12.025686,1020.2356,51.247406,58.434643,63.49268
14.437591,8.144999,3.3623004,16.353449,1481.904,46.165466,78.79022,115.91537
11.775993,6.846055,1.5829046,14.460323,809.20776,51.11054,46.083782,48.211113
13.628079,7.6031857,3.2887979,15.04726,1248.8827,72.37419,68.47664,94.93903
13.925456,12.508519,3.2235217,19.744785,1132.3745,120.93288,55.872665,55.73327
12.924691,15.560589,3.6620383,14.550471,888.7584,29.257008,43.539093,51.47899
11.503617,7.515175,1.8073685,13.696803,872.5556,21.79773,40.87966,45.579773
11.303779,4.262402,1.6580122,13.546753,674.78357,15.377127,31.077265,40.913
13.509128,14.054701,5.785617,14.961277,1266.8627,63.99401,74.147644,90.78076
11.540611,9.021532,1.7158766,13.93162,912.55566,46.5166,47.727142,51.446438
14.159565,12.201707,4.378015,13.737371,1339.6836,40.203873,71.33181,98.57919
15.834467,12.483848,2.919674,20.679598,1359.0336,136.4775,60.282104,71.49704
14.55423,7.8879094,1.7626367,18.156553,1536.4607,79.47124,69.63545,109.42547
14.021562,14.998112,1.3129286,16.012934,1678.2202,26.34595,87.61834,125.363434
14.696282,14.841501,3.5278306,15.221887,1441.6152,32.786034,73.19771,105.72603
16.324774,13.9809885,3.330017,16.185623,1210.8503,14.613712,53.03699,83.61658
13.348219,5.900717,2.7894013,11.105569,1103.8977,23.276,53.427895,69.38933
14.136482,12.314387,6.925314,16.22982,1314.6804,102.21152,85.60048,79.45341
16.091377,12.904395,2.5752888,15.326187,919.34985,9.985922,41.82534,62.90825
12.753466,8.02091,2.0217485,12.545448,1067.7896,24.939583,50.77854,75.26379
13.336502,4.4754086,2.754223,11.652903,954.71,16.335958,48.301006,58.6877
11.098282,10.910035,2.9267063,15.388754,995.1253,109.39252,59.806923,57.126747
14.17572,12.692801,3.8569794,15.430549,603.18726,43.418865,34.552895,32.4371
14.572327,11.32232,6.2600803,15.4295635,1627.1819,100.58755,110.894554,120.47051
15.538093,9.172916,6.491288,16.129961,1463.3136,58.067276,90.35414,87.29081
13.691267,14.854021,3.6692567,12.97555,1409.0013,43.818794,75.973694,105.73423
11.164727,9.538095,3.2964346,13.27065,562.84644,51.861412,31.75976,37.26281
12.171764,10.047593,3.1055586,16.023031,1097.3156,116.67644,64.707146,73.463905
12.820228,10.204546,4.2473283,15.082977,857.8578,59.348965,50.79511,59.06397
14.138204,13.092765,5.70039,12.774728,1032.0098,46.64923,55.19316,53.44887
14.538124,11.672659,2.467027,17.112644,765.9177,39.46896,36.68593,43.732693
15.133297,10.452052,1.8000607,18.238207,1212.5668,40.049706,53.229958,75.37837
14.043843,9.887481,2.6338763,16.631678,1525.8556,171.46895,84.40109,114.89199
12.729774,8.644504,3.048388,11.879015,894.9045,32.91769,45.048943,56.945633
11.716819,8.360403,2.6882198,12.3511715,692.1447,37.88196,36.847473,45.20854
11.841914,10.223891,3.9979086,13.629685,647.6904,47.68387,36.395485,40.3901
13.836513,7.311855,3.606522,13.467594,766.2574,41.932175,44.839855,45.268585
13.3969965,11.553968,2.0267973,11.512344,1379.713,34.87583,65.54806,90.29447
16.58044,16.425423,4.985215,14.976741,1500.2876,29.300467,75.30716,94.11549
10.700018,6.6075983,1.6332352,11.487312,738.2525,42.724274,39.90218,55.050243
14.623788,11.338169,4.8178735,17.202345,1247.2823,69.97363,69.07235,85.91264
12.223497,6.648692,1.4758242,14.660606,727.1948,41.45843,40.072964,41.7332
15.7353735,12.263704,3.4784694,18.26381,1386.794,32.56211,61.680183,96.582634
15.1965275,16.987114,4.9808097,14.323879,1425.0865,31.211018,71.34166,90.498795
14.566683,18.279945,4.4150286,13.89452,1459.5171,31.974781,77.540726,104.085236
16.380814,13.180683,4.8708553,17.119099,1242.4043,31.693228,60.68709,81.556625
16.008091,20.261723,3.8400555,17.051147,1345.4548,22.544926,57.966415,91.120056
15.491313,9.2835455,5.5461845,15.081539,1686.7477,45.342888,101.94737,115.655136
15.016265,8.1186695,4.238926,14.229896,1313.0735,24.409678,68.944565,92.071594
14.166168,13.588171,3.8454666,16.198591,622.04663,50.65966,36.178658,30.973125
15.960008,17.411572,3.0400777,18.387596,1299.0496,23.106916,57.10866,90.18556
9.825925,4.049734,1.4693913,10.843767,560.5513,14.055765,25.598782,48.674084
14.390319,12.389615,6.244115,14.861792,1458.6084,66.55495,94.85092,107.78987
12.187056,9.818567,4.7903376,12.757505,701.7213,61.215042,40.623924,43.627304
12.08024,8.212303,1.4227972,14.566538,1138.4203,67.5747,65.66165,70.14678
10.79355,7.4903784,1.5345981,11.81563,890.9642,42.168396,48.06424,60.704502
14.931614,8.863663,4.325428,15.726889,1400.1769,34.00376,74.64518,105.607574
14.382539,11.308037,3.9270158,18.107605,1054.6523,87.68565,54.08564,62.90087
12.287145,7.324855,1.4967304,15.504343,895.8968,40.611507,47.227127,50.6718
12.723358,11.204718,4.291335,16.347618,925.5813,85.912155,55.24751,61.44868
14.003343,7.385749,2.4834769,14.648137,1051.458,25.540773,50.58746,76.124916
13.982989,11.602141,5.8852634,15.7644005,1357.1692,91.29908,87.22359,102.48578
14.259692,11.73572,2.3995717,17.34468,1105.0436,39.05977,51.56236,70.14424
12.184082,14.5023985,4.0014286,16.424349,1213.1943,120.11919,75.94006,87.41987
12.7973995,6.476899,1.5037715,15.62888,875.588,84.57068,47.075256,56.0438
10.70857,6.6842823,1.4953259,11.887522,762.75665,45.187798,43.52826,57.155838
16.393568,14.200111,5.06726,15.274212,1357.733,33.500687,66.783585,85.74839
15.5859375,11.406569,7.2353725,16.21812,1300.4939,79.44676,81.17933,59.459564
11.990836,19.28529,4.828771,13.0964,1251.652,40.607464,69.06543,75.048
14.948752,23.950777,4.3448143,12.897566,1354.582,26.21423,58.70387,73.30588
11.227649,13.002149,5.160287,14.138416,730.5796,150.87846,42.28929,43.215088
11.569707,9.786232,2.3201773,14.330807,651.72437,36.359158,34.784393,32.757877
14.09464,9.210634,5.6412697,13.794399,1569.9426,78.05194,105.17198,118.19513
12.120786,14.501543,3.388361,15.606947,715.9236,34.204994,39.721706,40.1561
14.77817,12.494699,4.6497455,16.219345,1055.6312,40.274803,53.636288,70.29709
14.589126,10.669565,2.5111604,18.734306,939.4992,59.122723,45.79617,47.929092
13.234264,13.991024,3.2479315,14.492144,1111.3488,33.396122,55.92023,74.061874
13.346896,10.68953,1.9612106,15.258486,1303.5543,41.72837,66.24383,93.18058
12.372282,15.436481,3.959033,15.9765,772.05005,47.956337,43.18952,36.24158
14.5547285,12.536092,3.1519036,18.642252,1284.2251,65.83442,61.799236,87.06897
12.014181,7.0838747,3.4560308,11.705503,1148.0911,94.17723,71.93812,77.855736
14.241317,6.5386953,2.6886785,12.825494,1293.0923,8.679266,60.304405,83.62259
13.35836,10.957543,4.198591,14.273398,1470.7302,110.04826,98.55631,136.26843
13.968121,14.813938,3.945575,16.829363,1346.7539,54.915947,73.87338,105.40383
14.615673,10.455653,3.4936423,16.625265,1518.5612,43.33733,82.73274,120.94313
13.474007,8.663873,3.3267865,12.632174,733.61597,29.090347,36.79663,44.848976
15.876228,13.856693,1.9465449,18.764236,1389.2314,30.511002,59.880814,91.66142
15.13103,16.516714,4.275371,16.39311,1317.9033,30.480854,61.8974,93.98026
15.780199,15.5831785,4.257579,15.7049055,1566.8677,27.86684,86.29924,117.63678
16.169262,10.628892,3.1122181,16.851786,583.3806,45.723915,30.129303,29.716927
10.421168,13.088993,1.7533684,10.719992,1082.9921,45.73183,56.920567,66.458565
11.104247,5.1302414,1.3966724,13.434444,680.63745,27.462475,33.906616,47.643955
11.208252,12.415482,3.4449468,15.430328,660.6825,36.9403,38.927452,39.057346
13.472071,10.211553,2.672037,15.104357,1517.1847,142.19405,92.084274,125.903946
11.279977,7.9769983,2.9928863,11.953411,652.47656,69.4866,38.15956,48.120323
12.074272,11.77434,2.677704,13.680373,984.58405,39.466747,51.121834,60.400036
14.003681,15.853825,4.8634806,17.42632,1300.6102,66.236115,74.44248,99.23716
16.898779,15.449771,4.045668,11.631791,1113.8988,34.728737,47.915455,51.023342
11.011065,9.390113,1.5267292,11.366475,1174.5546,48.401432,65.95018,78.323326
13.575552,9.095546,2.8957994,14.967167,854.9521,123.41197,46.637142,52.52675
16.091263,19.974594,4.4986935,14.34869,1220.7554,35.060562,52.69976,58.32063
12.835015,7.8409004,1.6729174,13.661166,646.3542,21.739756,28.539507,35.023273
11.342074,6.3687487,1.4811674,13.38499,749.0254,46.990303,43.63919,49.74423
13.811288,9.345497,1.9015347,15.877574,1065.185,31.085247,50.068104,68.373375
14.30986,8.512136,2.1165743,17.306374,1436.0919,144.34453,67.65276,99.429
14.958543,16.061893,3.61724,17.636631,1352.9401,34.01614,63.678185,98.774155
14.742683,12.787841,6.061857,17.457441,1373.3494,89.9708,82.56932,80.7381
15.1647625,12.986227,1.7639971,14.411928,1328.102,12.830038,56.249977,90.52376
15.480162,16.094383,1.632107,17.652224,1400.5315,22.554516,63.737213,93.59692
12.831278,8.038187,1.7283187,16.23597,890.3733,43.772255,46.969017,52.085472
15.9456215,11.423226,7.0843515,15.121332,1488.3844,61.656265,91.30971,74.0793
14.820101,11.694225,5.9065046,16.000164,889.68536,81.18689,52.342823,33.753185
12.460379,9.363803,1.8747659,14.635403,872.0114,30.08771,40.761276,47.337902
12.853027,11.448988,3.3782883,11.867054,1528.6307,133.68582,102.00511,135.07309
13.309146,13.021494,3.181956,17.718874,1108.9159,51.7875,55.80738,68.96597
15.112383,16.206564,3.1657598,17.44422,957.91437,38.473976,43.45205,57.966778
12.514028,12.381327,2.3548336,15.243083,1318.6815,64.17458,74.4727,96.11558
13.974654,6.8563128,3.196507,10.484883,1391.0286,27.582146,68.052765,81.34592
12.465379,8.127829,2.0595326,13.773872,743.46094,26.077068,36.133713,40.8566
11.705473,9.992467,2.060873,12.758691,1281.9233,76.45433,78.30275,103.41254
11.773142,13.479132,3.9350734,16.804987,1084.7444,96.59598,64.438095,69.77337
14.343011,9.220305,2.5662608,16.06824,827.6422,31.196804,40.920765,47.783646
12.319746,9.6410475,1.591496,14.345973,1307.3279,52.835327,72.90736,89.955894
12.475139,8.99568,3.9676332,12.89308,1138.5848,69.69187,69.41697,86.895355
11.358218,11.739999,2.430812,10.878356,1246.8225,103.4987,82.42618,104.09491
13.538988,12.1753025,2.5617423,15.44632,997.85876,26.732956,45.792492,59.473595
14.402496,5.47564,3.8951383,14.444095,1538.8953,22.55682,84.2224,106.865974
15.339025,13.25028,4.0557365,17.340822,1177.6906,32.4477,55.224773,79.78401
16.283966,14.180321,2.3845437,18.298437,1062.3424,31.415672,46.798683,64.70404
13.219347,10.6931305,3.3105438,13.855896,612.9674,30.11932,31.793226,37.21868
10.791716,7.666571,1.65482,12.034973,979.03656,54.47718,56.884033,71.03924
12.421209,7.794187,1.4369903,15.000762,1257.9053,113.90126,69.42711,81.18408
15.071256,11.875821,2.235313,17.367247,1293.6674,30.33078,56.968246,87.39482
15.910991,17.14377,2.4929214,14.935883,957.93274,21.0633,43.672295,63.387142
12.687113,14.303236,4.2070146,16.583054,689.7035,66.248375,40.413235,32.85074
18.25037,13.169381,5.1986017,16.693079,1262.4852,30.15448,61.503456,64.52806
13.616649,7.7218494,2.543527,15.59616,892.867,44.134808,47.677956,58.194397
14.523827,9.805098,3.78402,14.769023,665.798,29.597351,37.334446,43.159332
14.263183,11.256631,2.0853903,14.375952,1140.2069,17.834938,50.75326,76.1468
15.306014,17.56836,3.4472272,16.606277,1061.6586,30.5205,47.506798,70.15567
11.846727,8.444492,2.1000116,9.049461,1151.1198,48.06814,55.450478,73.98152
13.398646,12.608631,2.8614802,16.880405,1017.7748,41.540325,49.916477,61.275288
14.619989,11.26803,4.2155547,16.543795,1453.8455,57.724293,83.096924,120.20337
17.031677,13.894346,5.4388094,16.608788,1301.6688,40.40353,64.46888,67.95214
15.066513,17.849556,3.1884308,15.397684,1408.7838,26.18589,66.51358,95.7534
9.789437,21.155615,4.1358204,14.572997,1126.3082,59.476685,73.95367,73.636284
13.446089,13.821311,3.6328335,12.465925,811.65424,33.970234,39.105656,42.36534
12.753204,8.889326,1.5133667,14.690122,1067.345,36.635166,52.21738,64.78355
12.7856245,10.214421,3.684928,14.540719,663.59973,37.34464,36.57201,40.88543
13.156086,13.040356,5.1013145,15.7554455,1196.9677,62.476547,68.44017,88.05574
11.795099,8.819847,2.2743173,16.07903,854.6024,76.06705,50.90999,43.372696
12.930281,11.450681,2.3823028,15.573128,1398.8824,68.07665,81.80629,110.50961
13.912705,10.254091,3.1773033,15.859433,555.232,38.16268,30.096218,33.697212
13.29475,18.14795,3.6839237,17.727911,1209.6439,54.104324,61.8132,82.04291
16.526423,10.54672,4.241289,14.937783,683.3237,28.15955,37.758526,37.311806
15.784377,15.64566,2.947698,18.420803,1338.6724,24.096485,58.43795,93.30451
15.892656,14.990807,4.305949,17.92456,1308.6383,26.142467,58.263756,92.141045
11.849325,6.6882915,1.4397556,14.056516,864.27905,41.501896,44.927433,52.53943
15.191793,8.010582,6.4635673,13.69842,995.66675,48.489113,63.994488,48.10955
13.499336,8.494113,1.5159465,16.982769,1386.4741,82.88803,70.175385,92.70524
11.543434,8.383546,2.3688846,13.37939,827.7886,49.892376,47.290745,54.276596
12.922799,21.99664,3.960001,16.746508,1107.7687,45.27203,56.709156,65.95557
12.184876,7.843979,2.0264378,9.637362,1021.04553,40.842205,44.98739,63.141346
11.310105,15.886257,3.5830843,16.322735,766.55444,43.069996,43.521812,38.338184
12.654603,10.005269,1.6057713,14.639864,1250.8522,44.988544,65.76496,84.28654
15.096912,12.384456,5.012279,16.516073,1234.8309,41.36367,63.43903,86.73951
11.564149,7.657256,1.6003299,13.777899,813.3469,41.436134,42.431046,46.024208
12.041145,10.828047,2.7896073,9.912483,1162.1633,48.270363,57.152664,71.284035
12.120363,11.558982,1.8353953,17.171906,1186.365,84.54982,67.25731,65.79514
12.168524,7.913082,1.6496065,13.987247,811.2207,27.02166,37.24971,42.828598
12.212404,16.025982,4.376896,15.094953,973.38794,41.816223,49.63157,54.142925
15.508675,13.51151,2.6301477,18.039955,1323.3511,29.59072,57.700554,90.166115
14.090306,6.5347815,2.500735,13.789697,765.65216,12.089369,38.50344,51.345764
10.938953,13.290953,3.6604896,14.803615,1001.7888,85.04913,62.50923,65.90413
11.07238,5.9988904,1.4726237,13.254282,850.2228,46.860184,47.378708,53.786427
16.25074,9.813111,2.2838519,18.204735,1261.7803,23.253298,51.644142,82.84007
14.263441,12.608629,1.8472148,15.280012,1157.5007,22.641829,51.991085,70.1
14.234626,12.843868,5.670168,15.047252,1405.3934,60.04725,86.74817,109.93819
16.39508,16.929052,3.4699512,14.829586,1240.4968,16.54998,52.677326,78.50421
10.31291,16.939749,3.254777,13.368573,1017.6724,41.38434,55.60337,57.546265
14.3580065,8.198428,4.318598,12.379202,893.6532,30.512726,47.504337,54.229805
14.514309,11.304245,2.3360822,17.849794,1680.198,268.601,88.03612,111.595276
15.534998,13.350887,2.4796286,15.688635,1004.6169,12.299406,45.36856,69.12984
12.888911,9.768347,2.1136878,16.560772,965.31726,44.78431,49.39083,55.55861
14.081487,14.155897,4.4644537,11.701084,1000.77966,37.44745,47.956734,50.447865
16.511692,13.232016,3.3920758,16.027334,772.97,24.170975,38.45485,48.287613
13.403754,9.930341,5.4416075,13.363944,584.6219,84.11605,36.45637,28.286983
15.475979,14.891954,1.7731466,17.491909,1353.5164,22.16787,60.781082,90.526596
16.268349,13.666084,4.8948784,13.275759,1557.707,30.508106,78.04259,97.02821
10.462459,5.3202276,1.3524967,12.386305,682.3873,44.85481,38.40447,54.0854
11.204065,6.2226987,1.9320964,11.280072,921.9271,39.26497,50.82865,64.58609
14.270823,9.495726,2.0855107,16.380524,1380.3269,37.224434,65.36763,100.382095
13.141255,10.230642,2.30272,14.585705,1491.8727,52.249325,85.14044,117.72072
11.271208,6.156399,1.5658276,12.764123,653.27765,41.44421,37.263985,46.175957
13.426518,5.7179275,2.7711406,11.9919195,720.8264,30.746265,36.721085,44.528263
12.128995,15.26042,1.6020757,15.07946,1305.1536,56.981945,72.098724,80.996994
9.864271,15.1713,3.794332,15.328427,894.3623,45.959446,52.45815,44.84793
15.769072,16.762947,4.062096,13.275084,1260.351,27.327942,56.865208,73.98106
12.967277,6.384073,2.6940916,9.441326,847.6825,38.840164,36.0205,45.03474
14.831994,19.44085,4.3074393,17.219147,1260.4065,35.17573,59.342327,89.34369
12.878802,10.63183,3.6985517,14.58634,1032.4752,187.90321,60.945873,66.163155
16.90313,14.472395,4.8586073,13.804,1403.5645,32.20697,68.18718,83.30277
14.679126,15.77507,3.512562,16.32964,1284.6654,29.906258,60.68724,92.054405
14.759021,9.959857,2.5584836,17.401623,1438.4795,161.57903,67.93794,97.33266
15.695026,11.435816,5.242133,16.108412,1268.1256,35.18599,67.64436,89.319145
12.97457,13.492259,3.171731,14.444713,864.94385,24.128544,40.175182,49.42183
13.135809,20.446323,4.4332037,14.851849,1249.4277,33.434067,61.51586,76.31637
14.280964,10.535369,2.463958,15.220963,836.97046,19.51806,38.02597,50.669235
10.7898445,10.320154,1.9054828,12.350797,1078.741,121.02681,68.12849,71.03909
14.16904,9.212491,2.4127584,15.488278,672.4082,27.574299,33.11451,38.104355
11.905037,11.385025,2.4294553,13.287484,800.199,21.161343,37.098064,42.006287
13.034681,18.767578,5.290161,15.256754,1274.5759,53.40863,71.33743,84.681335
15.109867,8.613117,1.8870639,17.730204,1364.4111,24.112904,57.091274,99.625694
15.044292,15.609995,2.405821,16.945824,1133.5396,25.497314,52.461216,69.25822
11.680388,13.129412,4.5898666,15.5819645,728.2474,73.97019,41.54929,39.841904
11.347816,12.252818,3.3645232,14.620823,810.17737,39.468452,43.777336,43.81524
12.7254505,14.478326,4.621326,11.131351,1412.0328,99.272934,92.08063,109.9805
15.2724905,10.762036,5.9454703,13.707937,1523.7104,40.77237,89.04335,96.60944
14.018067,9.533653,6.1790586,11.152695,1017.0202,61.444965,62.66867,39.698994
13.520653,8.330458,2.5096638,15.295224,698.6371,32.572083,36.97431,41.505447
13.232075,6.637675,1.6827738,16.194801,991.8278,51.12171,49.740795,65.19391
15.658351,10.700705,3.4441395,16.807125,1372.1791,20.609863,63.30063,100.366165
13.135937,9.139851,4.233428,13.557024,943.8366,42.0669,52.745686,65.12542
15.763348,15.112652,3.0414708,18.095516,1091.4791,33.01502,47.951447,68.69739
12.755623,8.525174,1.7956691,15.563644,1245.1738,83.59166,68.821594,87.20009
14.017134,11.523581,6.1731005,15.879456,1302.6492,96.37862,82.46203,86.942764
14.294546,11.443036,1.9668207,16.574022,1779.5333,177.85497,102.166794,139.79942
14.317305,10.514061,5.2097707,14.707728,612.31635,68.71414,35.551144,29.693703
13.333966,10.505131,1.8031409,14.77039,1276.2986,34.986717,63.070026,89.128716
12.216595,7.8756323,1.4336327,15.731077,973.6927,50.71125,51.593407,53.654694
13.4176,13.320204,3.958587,16.015776,899.0839,42.048435,45.502884,53.696068
14.153841,7.1205297,1.2848026,18.07912,1214.3698,60.038094,53.177944,76.69085
14.684081,12.272249,5.1270566,15.5376005,966.6482,47.45338,50.781845,59.53308
13.623635,8.36076,2.1775117,16.395096,1046.7423,131.2374,51.84841,64.33977
13.196777,9.321267,2.338929,12.517352,517.0794,23.932487,20.961275,29.267948
12.344993,8.05582,2.0833216,13.995231,1064.5576,53.731358,57.7853,76.57003
14.604084,19.918537,4.9876595,14.479191,1434.8927,30.767345,71.20497,84.241425
12.323995,14.47183,3.395923,15.731942,854.80554,32.209305,42.78381,47.24495
10.520852,10.487297,2.5359101,13.797382,877.1381,50.599842,50.285995,48.345722
12.59119,12.5201845,1.9461262,15.1544075,1064.7164,31.860537,52.28635,58.32905
14.819054,8.146002,3.654204,16.419056,1378.6266,43.345882,71.40631,101.726685
17.231585,10.666428,4.3082185,16.36622,1023.0232,19.010605,52.174046,64.233765
15.471708,18.812946,3.0433106,12.672217,1299.5128,23.321878,55.631042,74.487816
11.572486,15.608118,3.4389849,16.695627,1106.03,53.36325,60.736496,65.07002
12.443635,8.330327,1.7512283,13.017544,1047.628,29.99164,50.99084,71.05818
12.408059,8.888229,1.6977091,12.870644,1252.5415,33.853745,65.65472,87.03148
12.873623,7.271525,2.5584013,14.40284,883.4777,58.95643,50.23224,62.98199
11.7677555,8.941946,1.5348684,14.399812,1025.35,54.048576,55.533405,58.26879
17.485178,18.939232,3.8514776,17.56848,1225.5897,26.637554,51.97213,82.51018
16.398815,14.460932,3.836072,16.927498,1016.7219,25.869318,46.95673,66.40367
10.827703,8.607666,3.6913795,11.500496,760.8069,95.02177,49.39524,52.56347
11.742945,10.9117985,3.764905,11.320795,728.61035,37.953915,33.294544,38.68378
12.47872,10.553826,2.4067044,13.940364,713.1299,23.209005,32.383835,38.408203
9.671198,10.744463,3.320252,12.294785,795.36206,46.80565,45.00352,50.80823
14.411978,11.153287,6.5142727,15.988525,1439.3704,92.04935,93.221756,99.90268
15.681037,12.174394,3.583977,17.373135,623.9785,66.08191,33.567364,27.809029
10.676144,7.0299497,1.939531,11.535527,762.1535,49.86763,43.14094,55.52225
13.170946,9.657683,2.9730754,14.307375,586.4402,30.50277,30.387413,35.057693
11.843791,6.0834837,1.5536792,13.403963,673.8985,22.246784,32.813698,38.963753
13.390523,13.445579,2.7604373,19.049076,1193.7543,65.408295,59.64953,69.18345
10.557543,13.018742,3.4134827,15.361105,878.00165,49.660828,50.454407,43.234703
12.69865,7.765799,1.5458233,15.052866,1204.3683,38.49806,61.92819,83.39469
14.64587,15.260578,3.8026147,11.094312,1328.8577,36.619045,59.45931,74.466225
11.281608,8.880899,2.499228,14.782006,896.34784,101.54084,54.527233,54.000847
16.310518,10.460733,3.6071374,18.540754,1610.1764,20.790705,79.286385,114.83705
14.667328,12.299189,6.080309,15.558027,1379.2942,56.72798,82.53956,95.49328
11.952912,6.8884964,1.604378,15.41369,907.91034,51.72432,51.693092,51.43474
10.732222,8.1194725,2.8531704,11.602282,886.7231,98.055374,58.002415,68.7786
11.813627,8.455175,1.5927912,13.642777,1095.71,44.430443,59.796116,64.17679
14.303132,13.358665,1.8514137,15.081605,1574.7874,27.683098,76.68973,110.61411
14.905234,10.630927,3.318461,13.715898,1163.4291,21.4494,54.405083,77.6211
12.796291,11.385337,3.3072815,13.456028,643.2569,29.624287,33.026524,39.019093
16.884043,10.472351,6.744072,15.959351,1579.4438,48.37669,96.06218,84.45131
14.4945545,13.488698,2.0897434,16.643915,1162.3009,28.19474,54.39824,71.97485
11.946141,13.868719,3.9110887,15.056403,770.47815,39.649487,41.517082,40.64286
16.86179,10.84716,4.4114695,17.296352,1318.6738,20.393337,63.42323,89.629654
13.011723,13.516055,3.9415343,14.333142,801.79364,33.021606,40.630245,45.66587
12.171098,11.328739,2.536426,17.245693,911.99774,56.770905,51.80975,45.94431
15.506811,17.13776,2.921968,16.377285,1170.884,20.79984,52.904785,77.82562
12.322164,13.058607,1.6730378,15.792951,1345.0402,74.606995,78.767586,87.88648
13.173933,9.910933,1.6370275,14.837346,1206.7687,33.40096,58.72999,80.15589
11.693956,6.540015,1.5522237,13.782738,696.9167,43.885983,39.533665,42.19423
12.750275,9.744139,1.8709102,13.64372,977.33606,24.180954,44.401127,56.709114
11.629064,7.1226506,1.4878312,13.608492,844.59247,40.962803,44.791016,50.674828
12.48455,10.919174,1.7636313,12.955235,1013.1909,22.415003,45.729454,56.203186
13.198413,9.018484,3.4013844,14.372019,596.2613,46.938908,35.61476,39.358833
11.820865,6.431914,1.5632703,13.816,733.08484,43.030437,41.175537,48.237236
15.431055,15.847314,3.2689018,14.376947,1382.7417,21.910862,61.732925,90.709854
12.403336,7.0060043,2.0851552,14.690112,1030.2231,63.918674,56.608658,74.769135
14.858165,13.204159,2.7652133,11.539168,1170.5459,28.728203,48.91178,63.336365
14.00476,13.853591,3.4562106,15.955498,1378.3348,46.85467,73.42472,107.23981
10.770223,5.482061,1.392713,12.855013,646.10803,49.01266,41.00762,49.074924
14.470921,12.154652,6.977003,15.922934,1202.9573,134.77861,77.79581,59.747353
12.027182,12.6861,2.385749,16.284147,1242.2722,80.01823,70.864494,80.098755
12.474024,13.617271,2.4475973,16.817095,1340.7926,103.533585,78.30561,93.89253
13.302645,10.823279,1.890039,8.5099945,1578.3861,41.38008,73.58306,95.07782
15.890235,14.4541645,3.937046,18.579554,1318.8867,34.523685,59.1234,89.39186
15.057938,20.29243,4.887866,11.480032,1605.686,26.208944,82.75141,96.17253
12.308487,6.348468,2.7030435,11.827546,622.36926,58.10061,37.77041,40.18923
11.543125,15.061115,4.2867727,15.085783,797.06714,42.96985,43.285637,39.40986
16.764824,16.13604,3.9219017,18.175226,1302.6123,19.844025,55.901134,89.567726
12.515879,6.384584,1.6888447,14.954173,795.3385,49.188442,44.017982,51.588417
15.047292,11.446046,3.511176,15.033834,561.2377,33.423435,29.85881,32.097237
14.647509,10.500073,2.6197085,16.253214,1078.0194,27.09473,50.278744,72.50058
13.51995,13.609069,1.9009573,13.531063,1330.7808,34.956196,65.28583,88.894646
12.428056,9.303173,3.6336274,13.800129,664.9787,47.46556,38.90377,43.082542
13.553914,8.92628,2.997223,15.853758,662.70264,44.480633,36.15837,38.411655
15.96873,13.620254,3.7733846,17.759047,1167.8662,24.948708,52.2388,77.09758
11.108078,9.383168,2.988315,13.591954,604.2243,54.6028,35.154964,38.83507
11.995888,9.594565,3.1571724,12.990163,1268.1735,168.79022,81.31859,99.02446
16.694912,13.103831,3.0960355,19.139708,1277.4304,27.598343,53.48461,83.79274
13.725492,12.745131,2.537532,14.922643,960.5825,19.817709,42.7759,56.172935
15.681737,17.325474,2.9692974,19.25792,1381.3153,34.29517,62.268105,96.61662
15.098466,17.533455,2.701216,19.12181,1384.2087,52.13297,67.42967,97.58026
16.331352,16.612509,3.5092323,17.421719,1055.4226,28.517365,47.344936,70.727715
13.042463,13.77829,3.5334363,15.787082,1340.2189,64.07376,79.36732,107.4729
15.18111,18.190603,2.8451371,18.065018,1305.5504,37.26086,61.053566,87.06121
14.268332,22.10764,4.5676746,13.393146,1389.332,24.104012,64.14719,75.654396
12.111567,9.05645,1.6668437,14.133483,983.46515,28.431051,47.92696,54.42332
15.298632,9.871837,3.7085743,15.512015,1028.0719,22.81795,51.72035,72.16965
15.666165,10.122151,5.735315,12.954395,1052.7777,35.549423,59.34524,55.27359
13.499233,8.245934,1.8169668,14.732436,1221.9684,22.819387,58.5973,91.684906
15.023198,15.973464,3.9921093,16.145765,1309.9156,27.888477,61.57259,93.40218
13.711306,11.519335,4.047569,13.8916855,686.9283,33.861458,36.575745,41.852486
12.446675,11.641632,2.7228138,15.241385,807.37427,33.31157,40.06984,44.25444
12.230969,6.161846,2.0732274,12.372424,1016.73975,14.698212,49.947323,76.39419
15.042279,10.578337,4.496022,15.3188095,1204.959,30.735758,62.176373,86.77966
12.333861,8.1228,2.0836012,15.010446,793.7647,44.93113,43.24244,46.723167
13.225492,9.608903,2.2283287,13.9332285,1356.5159,39.322807,69.74092,100.0334
16.7979,12.988608,5.305369,18.287825,1411.0613,39.588642,72.05367,82.39244
13.09444,8.921553,4.5566897,13.051493,753.4807,46.833046,43.431614,47.89353
14.046823,15.945728,2.9780416,13.066398,1429.8071,36.515755,72.36168,99.9294
14.076957,13.973793,4.2539883,12.815972,1068.4911,32.727608,52.561512,63.931973
13.875386,14.6737,2.593513,16.799122,1094.3612,35.900467,52.348507,63.39252
14.675221,12.75973,4.9610214,10.596846,1172.1692,36.63007,59.71842,56.702908
14.460098,10.15804,2.9329147,16.930481,754.08124,42.498222,37.814995,40.789146
15.717022,15.084072,2.6089778,17.664303,1184.184,24.779318,53.055496,80.02246
12.760828,7.0372887,1.826618,9.441493,1182.0476,21.594782,48.011547,66.983765
12.9804535,8.256561,1.9090304,16.238415,852.5096,43.713596,45.01473,50.22922
15.706284,18.606514,2.8762186,15.057996,1250.6838,18.662163,54.908653,80.20798
15.274622,14.166663,2.1745033,16.743614,1161.8281,19.217224,53.53771,76.019806
10.564077,9.964948,2.031095,12.209512,1017.9556,100.34383,65.17487,71.037224
10.828927,7.560414,1.5337179,12.428361,859.24817,25.384396,44.137794,50.410202
13.641629,13.785835,1.7558935,20.347311,1145.8337,75.85316,56.959343,54.556206
16.01249,11.87748,2.353053,17.3289,1247.3264,16.39718,52.61761,87.43816
13.65296,14.07696,5.5366592,16.945364,1218.0653,76.82982,69.54664,82.32911
13.515399,8.488971,1.792545,16.636856,1291.8041,105.733475,66.35232,86.60858
12.4177265,13.10363,5.763638,15.277791,759.1299,83.76842,44.103737,40.049995
13.843968,5.5955963,2.1843476,16.89956,1698.7556,11.508381,86.80676,138.94768
11.646041,10.846964,2.6646726,14.013194,1003.5606,53.11962,55.99908,64.858444
13.203694,11.021699,1.7661834,15.551828,1112.3065,34.65673,52.862152,65.75933
14.585553,9.59435,6.0465775,13.854607,867.0046,52.87858,52.314644,42.543358
12.861996,16.127111,4.616933,12.973177,1162.2588,34.41919,58.96814,68.273766
15.552253,14.257087,2.7467241,16.432198,1178.0344,16.647926,52.258675,83.27475
12.321226,6.1549296,1.4346883,15.465348,1008.787,71.11214,55.5883,56.66083
16.868034,16.56033,3.5660143,16.802547,1190.6908,18.352371,51.634018,81.39093
13.556456,10.45956,1.4005647,17.568525,1566.0199,138.88217,80.612076,99.84242
15.07018,16.344986,2.6767385,17.10681,1040.6906,29.937643,47.33022,60.57052
15.406003,7.7521257,3.5704236,15.617325,1438.9375,20.054268,71.68483,103.56099
15.447006,12.663426,3.062282,18.072529,953.34393,40.41228,44.233288,54.54792
10.084641,8.503724,1.8069018,11.602517,864.6347,68.08879,54.454086,62.214386
14.032142,10.845332,1.866675,14.560502,997.4561,12.664116,41.724358,59.5894
14.1216345,16.071396,5.32108,17.525126,1287.5455,69.505974,74.19682,90.32953
13.740129,16.217918,3.37732,17.265348,1356.9585,58.97329,75.735886,104.73251
13.439982,7.103474,1.5857964,16.037865,937.1708,38.475838,44.500484,56.674137
12.983019,7.1904297,1.6387074,14.914437,1066.8651,32.5401,51.616028,73.17526
13.595155,12.069221,2.7773035,15.773757,1005.15454,31.05064,47.391293,62.04596
11.048736,15.578772,3.5826714,14.535668,978.3042,38.83655,52.735874,54.938755
11.724133,10.808093,3.4845207,14.563524,728.8629,46.13029,41.433205,43.3733
13.181616,6.6298537,2.4416728,14.806801,1548.0879,33.052944,86.394135,123.18852
10.034265,13.155346,3.6094387,14.763338,783.1496,47.10463,44.573933,39.26097
11.285894,11.960726,1.6214502,11.114069,1146.543,34.94316,59.977203,64.809784
10.632727,15.963545,3.5609012,15.301266,1020.883,45.412163,58.186104,57.205475
16.441359,15.000538,4.8604994,10.475996,1095.3347,39.62828,49.13999,44.625893
15.616045,10.631314,1.4451789,17.985386,1382.3862,21.185686,58.743156,95.25473
13.978675,8.57354,4.936532,13.792407,1490.2996,53.494804,90.0574,110.917694
15.723239,15.352177,4.2481356,17.029888,1210.9667,26.49498,55.60191,85.59378
11.108116,7.0807505,1.7430223,14.065522,820.39935,55.39048,50.213894,49.321754
12.679491,9.54431,2.4970517,15.779436,1273.1945,116.379486,73.32764,91.20878
15.276232,13.129304,2.1188574,14.830374,1124.327,11.765259,46.44555,72.479095
13.245428,8.658292,1.8228309,15.681963,1302.0654,42.09426,66.36809,93.63763
15.192672,14.1422615,5.962353,13.883067,1241.3033,47.704872,65.8217,63.975807
13.436156,6.9752235,2.405422,15.670726,1719.7446,36.246407,98.99335,139.22043
15.947354,15.254386,4.0330925,17.379408,1370.3171,24.141481,62.378532,97.71437
14.691931,12.368418,4.9788394,12.4927025,1495.4963,39.411747,81.56537,98.78466
14.887728,10.421953,1.4047734,18.125141,1397.1324,40.124886,63.62239,94.05769
13.052088,9.021508,1.4098604,16.124283,1389.813,122.83464,77.548744,85.83077
14.509281,14.840298,2.855388,17.091843,872.0277,37.15349,40.44436,48.225807
14.10219,10.237672,4.77845,14.925745,661.5498,57.31221,37.719955,38.473022
14.811804,17.837055,3.9872637,14.152641,1043.3524,31.528847,47.63934,56.257553
12.998172,10.305182,2.788109,11.760353,1641.8015,79.1965,110.12639,147.88184
16.437777,10.900467,3.4900517,15.352193,1309.3853,15.34425,60.03344,88.289955
13.970688,9.618136,4.613726,13.680866,1159.8215,37.81305,64.14833,84.45911
12.940909,9.401121,1.6332091,14.742156,1052.7489,26.77951,48.713863,60.978218
12.597506,9.966613,3.6561868,14.802727,643.333,47.335236,36.763237,38.89032
13.448647,11.832352,6.4678955,14.498334,1104.8021,83.6262,70.02583,65.42041
10.751043,18.982494,4.0286813,14.264706,936.18896,35.001743,50.70122,48.869865
14.779633,11.760501,6.7464504,16.511772,1468.8164,124.661545,92.4976,85.17667
11.193454,6.1006327,1.6321403,12.464827,662.9993,40.780502,37.714462,49.001015
14.075065,8.256264,4.450879,15.47053,1793.1248,132.07912,110.20356,132.48215
14.562101,14.791546,3.6994147,13.795074,840.9237,28.715763,39.93734,47.57659
14.390597,10.828005,6.2263317,14.973686,1084.0458,60.404076,63.68031,63.240547
17.150965,13.458262,4.7408667,16.471146,1094.1361,31.815134,52.214096,62.731327
12.195934,9.557004,1.8692312,13.391295,1416.208,55.197227,82.67675,106.22444
14.099659,12.0697565,1.6313632,16.107918,1268.0447,30.16444,59.709442,83.03386
14.115906,12.876472,4.6406794,16.874353,1430.6953,215.56741,84.84268,86.82058
14.98293,17.975534,4.771098,11.744315,1108.5509,33.782585,48.76072,45.097458
14.047283,14.754358,3.3380075,16.283072,673.1192,40.202915,36.384205,37.509457
13.059614,16.0323,2.4583688,12.228629,1416.7231,51.59741,77.971436,104.300095
14.205464,8.524711,2.3150492,13.91467,1098.6633,14.222544,48.92524,73.83472
16.10238,9.770043,5.5614033,16.675282,1660.897,41.233315,97.63027,109.54182
12.553712,10.072028,1.9843354,16.188494,1193.8762,69.556335,64.804214,79.68423
13.686992,10.311866,3.8974357,15.400026,1419.4158,68.619675,85.90344,124.9729
15.491475,9.891254,4.377927,11.936864,788.72656,28.533382,38.456352,41.839764
12.511756,6.9930716,3.4921296,11.030949,783.62726,52.89241,43.376232,44.662937
17.695889,12.928156,3.6589007,18.162884,1200.3486,14.670721,53.286774,84.571976
12.400535,9.71748,1.9929203,14.313202,1338.004,86.66264,79.966,102.07848
11.765316,9.488283,2.295425,15.657466,1092.771,160.22,62.81795,64.101616
10.473768,7.899681,1.5192903,11.680316,860.98615,44.940006,48.177647,59.13958
13.028515,14.807061,5.3195515,16.523815,1319.9103,128.39262,84.70141,106.50026
15.132434,15.943142,3.430922,16.846169,1148.3265,26.975815,51.125587,78.94468
14.530051,18.553553,3.0738504,16.607382,1320.0195,33.713688,64.4749,91.88094
12.440453,12.651921,1.9959581,11.693113,1460.7736,63.680614,88.77496,119.95572
12.164388,18.429577,3.6273189,16.752392,966.3164,45.536777,49.638535,51.758213
15.423592,16.080166,3.6325288,16.507336,1166.71,21.12977,51.422985,81.25803
16.50763,11.958596,4.3659463,17.06984,1054.8993,31.11942,52.602604,69.23736
11.815968,5.7715507,1.4888403,14.716789,805.9153,49.9159,46.558056,51.03518
12.892219,9.092507,2.532942,12.444216,1306.4204,37.621014,66.99636,96.90236
12.373694,8.8453245,2.7482715,15.171273,981.28577,61.56411,55.306423,67.63482
16.540314,14.6524315,2.673654,15.411072,767.35767,20.967274,36.782948,51.50308
14.40798,10.626967,3.2055972,17.703947,1273.8348,134.6208,64.750275,79.77954
17.419216,12.0247345,3.2526999,15.70305,850.33344,15.190208,39.460632,53.7333
15.301685,19.12024,2.9701698,16.19677,1294.479,23.917221,59.570236,85.361244
10.420523,9.885103,2.2699296,11.810821,1002.89294,130.06929,65.10846,75.57059
11.898224,5.5688715,1.4273729,14.485532,727.6975,37.8786,40.64033,45.38983
13.950815,10.597064,1.6308545,16.837883,1177.116,36.54718,55.720383,73.46625
11.019219,7.3987236,1.8116333,12.494417,708.1575,43.99421,40.127747,47.67451
14.687765,11.577297,2.6675677,15.072468,1111.2671,18.523577,49.806343,75.82415
11.285801,6.7651052,1.4699003,12.572332,925.59515,29.06792,46.61043,55.265823
12.450864,9.917307,4.4838886,13.7109585,693.03174,62.602448,40.732002,45.217125
15.430488,10.930947,5.654649,17.21382,1545.2339,68.11771,95.24928,108.79729
15.192313,8.567372,5.222719,11.745826,875.7815,31.208801,48.375015,37.892178
12.657247,5.613058,1.4485589,15.331304,1097.0083,30.882275,54.307625,79.500755
12.546011,16.134037,2.2800472,13.139795,1276.8037,40.604774,64.64811,80.06258
14.1715,9.538539,3.880768,13.310455,809.72003,27.254574,42.487175,50.942177
14.601199,14.449257,3.078766,14.460644,1050.9106,18.377235,47.0179,66.035324
12.25766,7.693658,2.0835395,11.570057,1049.216,29.8796,50.85861,72.36992
13.774083,8.131849,4.167478,13.903427,869.2281,37.824978,49.612442,60.309757
15.364637,15.522482,3.5434098,17.239685,943.4877,39.909943,44.527546,58.453976
16.999228,17.294954,4.3344398,17.089102,1329.4857,25.521004,55.884834,87.51686
11.888002,9.291029,1.5485692,13.96553,1240.0326,60.245876,72.82017,79.41766
11.002132,6.274406,1.6627941,11.524515,739.6094,36.16366,37.80634,51.912006
14.440641,11.852871,6.094136,15.938352,1159.9016,134.59048,71.356636,55.8191
12.8303995,14.261004,4.8716908,16.781944,1005.7962,74.91867,55.304695,63.34129
12.158358,14.920868,3.7535899,15.855388,800.18176,43.289394,43.32052,40.120064
15.090319,9.10942,1.9577099,16.344501,1154.6833,23.626125,50.611946,78.524185
13.483453,14.573933,5.399984,16.222704,911.677,73.155174,50.465603,47.373695
15.00806,11.2679405,5.8248606,15.835519,1360.0256,47.666416,77.47676,95.11158
13.006953,7.194356,2.1033719,14.340281,950.95557,31.966967,47.47425,66.19183
12.954142,12.984492,2.8995864,16.492928,904.68964,39.950844,45.604187,50.045246
15.503166,12.538257,1.9544661,15.444851,1345.839,11.6583,56.910263,95.781944
14.934305,13.639481,1.585652,17.470926,1495.1796,21.580603,66.690704,104.44652
14.173412,7.649487,3.0273724,16.13193,1322.2603,50.852005,67.860146,99.5085
15.98329,11.353097,4.7919655,17.362251,1486.0204,125.57475,80.354095,78.092064
16.53276,16.712057,2.7756877,16.24255,1220.6077,12.43845,51.48232,84.47687
13.262107,9.071787,3.2569816,14.1825485,1422.4055,46.84598,80.31847,117.654495
11.02761,6.030352,1.4877204,12.676381,760.78766,32.143517,39.265167,49.835896
15.192406,12.959384,4.13822,15.046258,1144.7401,24.179184,56.2202,78.41883
13.946327,9.651979,2.3292856,12.143545,1699.1785,34.255634,86.62898,117.116104
13.410227,14.098917,3.5338924,19.055315,1410.1665,241.49077,75.923035,80.57119
